[
{
  "fields": {
    "pv_group": "FHLipidTherapyNone",
    "code": "Niacin2000",
    "questionnaire_value": "",
    "value": "Niacin 2000mg",
    "position": 58,
    "desc": "Niacin 2000mg"
  },
  "model": "rdrf.cdepermittedvalue",
  "pk": 156
},
{
  "fields": {
    "pv_group": "FHIntoleranceRepro",
    "code": "ReducedTestosterone",
    "questionnaire_value": "",
    "value": "Reduced testosterone levels",
    "position": 4,
    "desc": "Reduced testosterone levels"
  },
  "model": "rdrf.cdepermittedvalue",
  "pk": 1
},
{
  "fields": {
    "pv_group": "FHIntoleranceRepro",
    "code": "Gynecomastia",
    "questionnaire_value": "",
    "value": "Gynecomastia",
    "position": 3,
    "desc": "Gynecomastia"
  },
  "model": "rdrf.cdepermittedvalue",
  "pk": 2
},
{
  "fields": {
    "pv_group": "FHIntoleranceRepro",
    "code": "DecreaseLibido",
    "questionnaire_value": "",
    "value": "Decrease libido",
    "position": 2,
    "desc": "Decrease libido"
  },
  "model": "rdrf.cdepermittedvalue",
  "pk": 3
},
{
  "fields": {
    "pv_group": "FHIntoleranceRepro",
    "code": "ErectileDysfunction",
    "questionnaire_value": "",
    "value": "Erectile dysfunction",
    "position": 1,
    "desc": "Erectile dysfunction"
  },
  "model": "rdrf.cdepermittedvalue",
  "pk": 4
},
{
  "fields": {
    "pv_group": "FHCoronaryArteryDisease",
    "code": "Defined",
    "questionnaire_value": "",
    "value": "Defined by imaging/functional test(s) (if checked, please enter results into Imaging Module)",
    "position": 1,
    "desc": "Defined by imaging/functional test(s) (if checked, please enter results into Imaging Module)"
  },
  "model": "rdrf.cdepermittedvalue",
  "pk": 5
},
{
  "fields": {
    "pv_group": "FHCoronaryArteryDisease",
    "code": "Angina",
    "questionnaire_value": "",
    "value": "Angina pectoris",
    "position": 2,
    "desc": "Angina pectoris"
  },
  "model": "rdrf.cdepermittedvalue",
  "pk": 6
},
{
  "fields": {
    "pv_group": "FHIntoleranceRespiratory",
    "code": "Rhinitis",
    "questionnaire_value": "",
    "value": "Rhinitis",
    "position": 3,
    "desc": "Rhinitis"
  },
  "model": "rdrf.cdepermittedvalue",
  "pk": 7
},
{
  "fields": {
    "pv_group": "FHIntoleranceRespiratory",
    "code": "Pharyngitis",
    "questionnaire_value": "",
    "value": "Pharyngitis",
    "position": 2,
    "desc": "Pharyngitis"
  },
  "model": "rdrf.cdepermittedvalue",
  "pk": 8
},
{
  "fields": {
    "pv_group": "FHIntoleranceRespiratory",
    "code": "UpperResp",
    "questionnaire_value": "",
    "value": "Upper respiratory tract infection",
    "position": 1,
    "desc": "Upper respiratory tract infection"
  },
  "model": "rdrf.cdepermittedvalue",
  "pk": 9
},
{
  "fields": {
    "pv_group": "FHAlcohol",
    "code": "AlcoholFormer",
    "questionnaire_value": "",
    "value": "Former",
    "position": 6,
    "desc": "Former"
  },
  "model": "rdrf.cdepermittedvalue",
  "pk": 10
},
{
  "fields": {
    "pv_group": "FHAlcohol",
    "code": "AlcoholNever",
    "questionnaire_value": "",
    "value": "Never",
    "position": 4,
    "desc": "Never"
  },
  "model": "rdrf.cdepermittedvalue",
  "pk": 11
},
{
  "fields": {
    "pv_group": "FHAlcohol",
    "code": "AlcoholOccasional",
    "questionnaire_value": "",
    "value": "Yes - occasional",
    "position": 3,
    "desc": "Yes - occasional"
  },
  "model": "rdrf.cdepermittedvalue",
  "pk": 12
},
{
  "fields": {
    "pv_group": "FHAlcohol",
    "code": "AlcoholOnce",
    "questionnaire_value": "",
    "value": "Yes - once/twice a week",
    "position": 2,
    "desc": "Yes - once/twice a week"
  },
  "model": "rdrf.cdepermittedvalue",
  "pk": 13
},
{
  "fields": {
    "pv_group": "FHAlcohol",
    "code": "AlcoholYesDaily",
    "questionnaire_value": "",
    "value": "Yes - daily",
    "position": 1,
    "desc": "Yes - daily"
  },
  "model": "rdrf.cdepermittedvalue",
  "pk": 14
},
{
  "fields": {
    "pv_group": "MutationType",
    "code": "MTNoVariant",
    "questionnaire_value": "",
    "value": "No variant identified",
    "position": 1,
    "desc": "No variant identified"
  },
  "model": "rdrf.cdepermittedvalue",
  "pk": 15
},
{
  "fields": {
    "pv_group": "MutationType",
    "code": "MTHeterozygous",
    "questionnaire_value": "",
    "value": "Heterozygous",
    "position": 2,
    "desc": "Heterozygous"
  },
  "model": "rdrf.cdepermittedvalue",
  "pk": 16
},
{
  "fields": {
    "pv_group": "MutationType",
    "code": "MTCompoundHeterozygous",
    "questionnaire_value": "",
    "value": "Compound Heterozygous",
    "position": 3,
    "desc": "Compound Heterozygous"
  },
  "model": "rdrf.cdepermittedvalue",
  "pk": 17
},
{
  "fields": {
    "pv_group": "MutationType",
    "code": "MTHomozygous",
    "questionnaire_value": "",
    "value": "Homozygous",
    "position": 4,
    "desc": "Homozygous"
  },
  "model": "rdrf.cdepermittedvalue",
  "pk": 18
},
{
  "fields": {
    "pv_group": "FHIntoleranceNeuro",
    "code": "MemoryLoss",
    "questionnaire_value": "",
    "value": "Memory loss",
    "position": 12,
    "desc": "Memory loss"
  },
  "model": "rdrf.cdepermittedvalue",
  "pk": 19
},
{
  "fields": {
    "pv_group": "FHIntoleranceNeuro",
    "code": "Nightmares",
    "questionnaire_value": "",
    "value": "Nightmares",
    "position": 11,
    "desc": "Nightmares"
  },
  "model": "rdrf.cdepermittedvalue",
  "pk": 20
},
{
  "fields": {
    "pv_group": "FHIntoleranceNeuro",
    "code": "Confusion",
    "questionnaire_value": "",
    "value": "Confusion",
    "position": 10,
    "desc": "Confusion"
  },
  "model": "rdrf.cdepermittedvalue",
  "pk": 21
},
{
  "fields": {
    "pv_group": "FHIntoleranceNeuro",
    "code": "Agitation",
    "questionnaire_value": "",
    "value": "Agitation",
    "position": 9,
    "desc": "Agitation"
  },
  "model": "rdrf.cdepermittedvalue",
  "pk": 22
},
{
  "fields": {
    "pv_group": "FHIntoleranceNeuro",
    "code": "Somnolence",
    "questionnaire_value": "",
    "value": "Somnolence",
    "position": 8,
    "desc": "Somnolence"
  },
  "model": "rdrf.cdepermittedvalue",
  "pk": 23
},
{
  "fields": {
    "pv_group": "FHIntoleranceNeuro",
    "code": "Insomnia",
    "questionnaire_value": "",
    "value": "Insomnia",
    "position": 7,
    "desc": "Insomnia"
  },
  "model": "rdrf.cdepermittedvalue",
  "pk": 24
},
{
  "fields": {
    "pv_group": "FHIntoleranceNeuro",
    "code": "Severe irritability",
    "questionnaire_value": "",
    "value": "Severe irritability",
    "position": 6,
    "desc": "Severe irritability"
  },
  "model": "rdrf.cdepermittedvalue",
  "pk": 25
},
{
  "fields": {
    "pv_group": "FHIntoleranceNeuro",
    "code": "Dizziness",
    "questionnaire_value": "",
    "value": "Dizziness",
    "position": 4,
    "desc": "Dizziness"
  },
  "model": "rdrf.cdepermittedvalue",
  "pk": 26
},
{
  "fields": {
    "pv_group": "FHIntoleranceNeuro",
    "code": "Asthenia",
    "questionnaire_value": "",
    "value": "Asthenia",
    "position": 3,
    "desc": "Asthenia"
  },
  "model": "rdrf.cdepermittedvalue",
  "pk": 27
},
{
  "fields": {
    "pv_group": "FHIntoleranceNeuro",
    "code": "Headache",
    "questionnaire_value": "",
    "value": "Headache",
    "position": 2,
    "desc": "Headache"
  },
  "model": "rdrf.cdepermittedvalue",
  "pk": 28
},
{
  "fields": {
    "pv_group": "FHIntoleranceNeuro",
    "code": "AggressiveBehaviour",
    "questionnaire_value": "",
    "value": "Aggressive behaviour",
    "position": 1,
    "desc": "Aggressive behaviour"
  },
  "model": "rdrf.cdepermittedvalue",
  "pk": 29
},
{
  "fields": {
    "pv_group": "FHIntoleranceNeuro",
    "code": "Fatigue",
    "questionnaire_value": "",
    "value": "Fatigue",
    "position": 5,
    "desc": "Fatigue"
  },
  "model": "rdrf.cdepermittedvalue",
  "pk": 30
},
{
  "fields": {
    "pv_group": "State",
    "code": "VIC",
    "questionnaire_value": null,
    "value": "Victoria",
    "position": null,
    "desc": "Victoria"
  },
  "model": "rdrf.cdepermittedvalue",
  "pk": 31
},
{
  "fields": {
    "pv_group": "State",
    "code": "TAS",
    "questionnaire_value": null,
    "value": "Tasmania",
    "position": null,
    "desc": "Tasmania"
  },
  "model": "rdrf.cdepermittedvalue",
  "pk": 32
},
{
  "fields": {
    "pv_group": "State",
    "code": "ACT",
    "questionnaire_value": null,
    "value": "Australian Capital Territory",
    "position": null,
    "desc": "Australian Capital Territory"
  },
  "model": "rdrf.cdepermittedvalue",
  "pk": 33
},
{
  "fields": {
    "pv_group": "State",
    "code": "SA",
    "questionnaire_value": null,
    "value": "South Australia",
    "position": null,
    "desc": "South Australia"
  },
  "model": "rdrf.cdepermittedvalue",
  "pk": 34
},
{
  "fields": {
    "pv_group": "State",
    "code": "WA",
    "questionnaire_value": null,
    "value": "Western Australia",
    "position": null,
    "desc": "Western Australia"
  },
  "model": "rdrf.cdepermittedvalue",
  "pk": 35
},
{
  "fields": {
    "pv_group": "State",
    "code": "QLD",
    "questionnaire_value": null,
    "value": "Queensland",
    "position": null,
    "desc": "Queensland"
  },
  "model": "rdrf.cdepermittedvalue",
  "pk": 36
},
{
  "fields": {
    "pv_group": "State",
    "code": "NSW",
    "questionnaire_value": null,
    "value": "New South Wales",
    "position": null,
    "desc": "New South Wales"
  },
  "model": "rdrf.cdepermittedvalue",
  "pk": 37
},
{
  "fields": {
    "pv_group": "State",
    "code": "NT",
    "questionnaire_value": null,
    "value": "Northern Territory",
    "position": null,
    "desc": "Northern Territory"
  },
  "model": "rdrf.cdepermittedvalue",
  "pk": 38
},
{
  "fields": {
    "pv_group": "FHIntoleranceEye",
    "code": "Diplopia",
    "questionnaire_value": "",
    "value": "Diplopia, ptosis and ophthalmoplegia",
    "position": 2,
    "desc": "Diplopia, ptosis and ophthalmoplegia"
  },
  "model": "rdrf.cdepermittedvalue",
  "pk": 39
},
{
  "fields": {
    "pv_group": "FHIntoleranceEye",
    "code": "Cataract",
    "questionnaire_value": "",
    "value": "Cataract",
    "position": 1,
    "desc": "Cataract"
  },
  "model": "rdrf.cdepermittedvalue",
  "pk": 40
},
{
  "fields": {
    "pv_group": "FHWeightStatus",
    "code": "FHObese",
    "questionnaire_value": "",
    "value": "Obese",
    "position": 4,
    "desc": "Obese"
  },
  "model": "rdrf.cdepermittedvalue",
  "pk": 41
},
{
  "fields": {
    "pv_group": "FHWeightStatus",
    "code": "FHOverweight",
    "questionnaire_value": "",
    "value": "Overweight",
    "position": 3,
    "desc": "Overweight"
  },
  "model": "rdrf.cdepermittedvalue",
  "pk": 42
},
{
  "fields": {
    "pv_group": "FHWeightStatus",
    "code": "FHHealthyWeight",
    "questionnaire_value": "",
    "value": "Healthy weight",
    "position": 2,
    "desc": "Healthy weight"
  },
  "model": "rdrf.cdepermittedvalue",
  "pk": 43
},
{
  "fields": {
    "pv_group": "FHWeightStatus",
    "code": "FHUnderweight",
    "questionnaire_value": "",
    "value": "Underweight",
    "position": 1,
    "desc": "Underweight"
  },
  "model": "rdrf.cdepermittedvalue",
  "pk": 44
},
{
  "fields": {
    "pv_group": "Timeframe",
    "code": "FHWeeks",
    "questionnaire_value": "",
    "value": "Weeks",
    "position": 2,
    "desc": "Weeks"
  },
  "model": "rdrf.cdepermittedvalue",
  "pk": 45
},
{
  "fields": {
    "pv_group": "Timeframe",
    "code": "FHYears",
    "questionnaire_value": "",
    "value": "Years",
    "position": 4,
    "desc": "Years"
  },
  "model": "rdrf.cdepermittedvalue",
  "pk": 46
},
{
  "fields": {
    "pv_group": "Timeframe",
    "code": "FHMonths",
    "questionnaire_value": "",
    "value": "Months",
    "position": 3,
    "desc": "Months"
  },
  "model": "rdrf.cdepermittedvalue",
  "pk": 47
},
{
  "fields": {
    "pv_group": "Timeframe",
    "code": "FHdays",
    "questionnaire_value": "",
    "value": "Days",
    "position": 1,
    "desc": "Days"
  },
  "model": "rdrf.cdepermittedvalue",
  "pk": 48
},
{
  "fields": {
    "pv_group": "FHClinicalTrial",
    "code": "FHOngoing",
    "questionnaire_value": "",
    "value": "Ongoing",
    "position": 3,
    "desc": "Ongoing"
  },
  "model": "rdrf.cdepermittedvalue",
  "pk": 49
},
{
  "fields": {
    "pv_group": "FHClinicalTrial",
    "code": "FHWithdrawn",
    "questionnaire_value": "",
    "value": "Withdrawn",
    "position": 2,
    "desc": "Withdrawn"
  },
  "model": "rdrf.cdepermittedvalue",
  "pk": 50
},
{
  "fields": {
    "pv_group": "FHClinicalTrial",
    "code": "FHCompleted",
    "questionnaire_value": "",
    "value": "Completed",
    "position": 1,
    "desc": "Completed"
  },
  "model": "rdrf.cdepermittedvalue",
  "pk": 51
},
{
  "fields": {
    "pv_group": "FALipidTherapy",
    "code": "FAPravastatin10",
    "questionnaire_value": "",
    "value": "Pravastatin 10mg",
    "position": 9,
    "desc": "Pravastatin 10mg"
  },
  "model": "rdrf.cdepermittedvalue",
  "pk": 52
},
{
  "fields": {
    "pv_group": "FALipidTherapy",
    "code": "FAEzetimibe/rosuvastatin40",
    "questionnaire_value": "",
    "value": "Rosuvastatin 40mg/Ezetimibe 10mg",
    "position": 19,
    "desc": "Rosuvastatin 40mg/Ezetimibe 10mg"
  },
  "model": "rdrf.cdepermittedvalue",
  "pk": 53
},
{
  "fields": {
    "pv_group": "FALipidTherapy",
    "code": "FAEzetimibe/rosuvastatin20",
    "questionnaire_value": "",
    "value": "Rosuvastatin 20mg/Ezetimibe 10mg",
    "position": 18,
    "desc": "Rosuvastatin 20mg/Ezetimibe 10mg"
  },
  "model": "rdrf.cdepermittedvalue",
  "pk": 54
},
{
  "fields": {
    "pv_group": "FALipidTherapy",
    "code": "FAEzetimibe10",
    "questionnaire_value": "",
    "value": "Ezetimibe 10mg",
    "position": 28,
    "desc": "Ezetimibe 10mg"
  },
  "model": "rdrf.cdepermittedvalue",
  "pk": 55
},
{
  "fields": {
    "pv_group": "FALipidTherapy",
    "code": "FAEzetimibe/rosuvastatin10",
    "questionnaire_value": "",
    "value": "Rosuvastatin 10mg/Ezetimibe 10mg",
    "position": 17,
    "desc": "Rosuvastatin 10mg/Ezetimibe 10mg"
  },
  "model": "rdrf.cdepermittedvalue",
  "pk": 56
},
{
  "fields": {
    "pv_group": "FALipidTherapy",
    "code": "FAEzetimibe/atorvastatin80",
    "questionnaire_value": "",
    "value": "Atorvastatin 80mg/Ezetimibe 10mg",
    "position": 8,
    "desc": "Atorvastatin 80mg/Ezetimibe 10mg"
  },
  "model": "rdrf.cdepermittedvalue",
  "pk": 57
},
{
  "fields": {
    "pv_group": "FALipidTherapy",
    "code": "FAAtorvastatin20",
    "questionnaire_value": "",
    "value": " Atorvastatin 20mg",
    "position": 2,
    "desc": " Atorvastatin 20mg"
  },
  "model": "rdrf.cdepermittedvalue",
  "pk": 58
},
{
  "fields": {
    "pv_group": "FALipidTherapy",
    "code": "FAAtorvastatin10",
    "questionnaire_value": "",
    "value": "Atorvastatin 10mg",
    "position": 1,
    "desc": "Atorvastatin 10mg"
  },
  "model": "rdrf.cdepermittedvalue",
  "pk": 59
},
{
  "fields": {
    "pv_group": "FALipidTherapy",
    "code": "FASimvastatin80",
    "questionnaire_value": "",
    "value": "Simvastatin 80mg",
    "position": 23,
    "desc": "Simvastatin 80mg"
  },
  "model": "rdrf.cdepermittedvalue",
  "pk": 60
},
{
  "fields": {
    "pv_group": "FALipidTherapy",
    "code": "FAEzetimibe/atorvastatin40",
    "questionnaire_value": "",
    "value": "Atorvastatin 40mg/Ezetimibe 10mg",
    "position": 7,
    "desc": "Atorvastatin 40mg/Ezetimibe 10mg"
  },
  "model": "rdrf.cdepermittedvalue",
  "pk": 61
},
{
  "fields": {
    "pv_group": "FALipidTherapy",
    "code": "FAEzetimibe/atorvastatin20",
    "questionnaire_value": "",
    "value": "Atorvastatin 20mg/Ezetimibe 10mg",
    "position": 6,
    "desc": "Atorvastatin 20mg/Ezetimibe 10mg"
  },
  "model": "rdrf.cdepermittedvalue",
  "pk": 62
},
{
  "fields": {
    "pv_group": "FALipidTherapy",
    "code": "FAEzetimibe/atorvastatin10",
    "questionnaire_value": "",
    "value": "Atorvastatin 10mg/Ezetimibe 10mg",
    "position": 5,
    "desc": "Atorvastatin 10mg/Ezetimibe 10mg"
  },
  "model": "rdrf.cdepermittedvalue",
  "pk": 63
},
{
  "fields": {
    "pv_group": "FALipidTherapy",
    "code": "FAEzetimibe/simvastatin80",
    "questionnaire_value": "",
    "value": "Simvastatin 80mg/Ezetimibe 10mg",
    "position": 27,
    "desc": "Simvastatin 80mg/Ezetimibe 10mg"
  },
  "model": "rdrf.cdepermittedvalue",
  "pk": 64
},
{
  "fields": {
    "pv_group": "FALipidTherapy",
    "code": "FAEzetimibe/simvastatin10",
    "questionnaire_value": "",
    "value": "Simvastatin 10mg/Ezetimibe 10mg",
    "position": 24,
    "desc": "Simvastatin 10mg/Ezetimibe 10mg"
  },
  "model": "rdrf.cdepermittedvalue",
  "pk": 65
},
{
  "fields": {
    "pv_group": "FALipidTherapy",
    "code": "FAEzetimibe/simvastatin40",
    "questionnaire_value": "",
    "value": "Simvastatin 40mg/Ezetimibe 10mg",
    "position": 26,
    "desc": "Simvastatin 40mg/Ezetimibe 10mg"
  },
  "model": "rdrf.cdepermittedvalue",
  "pk": 66
},
{
  "fields": {
    "pv_group": "FALipidTherapy",
    "code": "FAEzetimibe/simvastatin20",
    "questionnaire_value": "",
    "value": "Simvastatin 20mg/Ezetimibe 10mg",
    "position": 25,
    "desc": "Simvastatin 20mg/Ezetimibe 10mg"
  },
  "model": "rdrf.cdepermittedvalue",
  "pk": 67
},
{
  "fields": {
    "pv_group": "FALipidTherapy",
    "code": "FASimvastatin40",
    "questionnaire_value": "",
    "value": "Simvastatin 40mg",
    "position": 22,
    "desc": "Simvastatin 40mg"
  },
  "model": "rdrf.cdepermittedvalue",
  "pk": 68
},
{
  "fields": {
    "pv_group": "FALipidTherapy",
    "code": "FASimvastatin20",
    "questionnaire_value": "",
    "value": "Simvastatin 20mg",
    "position": 21,
    "desc": "Simvastatin 20mg"
  },
  "model": "rdrf.cdepermittedvalue",
  "pk": 69
},
{
  "fields": {
    "pv_group": "FALipidTherapy",
    "code": "FASimvastatin10",
    "questionnaire_value": "",
    "value": "Simvastatin 10mg",
    "position": 20,
    "desc": "Simvastatin 10mg"
  },
  "model": "rdrf.cdepermittedvalue",
  "pk": 70
},
{
  "fields": {
    "pv_group": "FALipidTherapy",
    "code": "FARosuvastatin40",
    "questionnaire_value": "",
    "value": "Rosuvastatin 40mg",
    "position": 15,
    "desc": "Rosuvastatin 40mg"
  },
  "model": "rdrf.cdepermittedvalue",
  "pk": 71
},
{
  "fields": {
    "pv_group": "FALipidTherapy",
    "code": "FARosuvastatin20",
    "questionnaire_value": "",
    "value": "Rosuvastatin 20mg",
    "position": 14,
    "desc": "Rosuvastatin 20mg"
  },
  "model": "rdrf.cdepermittedvalue",
  "pk": 72
},
{
  "fields": {
    "pv_group": "FALipidTherapy",
    "code": "FARosuvastatin10",
    "questionnaire_value": "",
    "value": "Rosuvastatin 10mg",
    "position": 13,
    "desc": "Rosuvastatin 10mg"
  },
  "model": "rdrf.cdepermittedvalue",
  "pk": 73
},
{
  "fields": {
    "pv_group": "FALipidTherapy",
    "code": "FARosuvastatin5",
    "questionnaire_value": "",
    "value": "Rosuvastatin 5mg",
    "position": 12,
    "desc": "Rosuvastatin 5mg"
  },
  "model": "rdrf.cdepermittedvalue",
  "pk": 74
},
{
  "fields": {
    "pv_group": "FALipidTherapy",
    "code": "FAAtorvastatin40",
    "questionnaire_value": "",
    "value": " Atorvastatin 40mg",
    "position": 3,
    "desc": " Atorvastatin 40mg"
  },
  "model": "rdrf.cdepermittedvalue",
  "pk": 75
},
{
  "fields": {
    "pv_group": "FALipidTherapy",
    "code": "FAAtorvastatin80",
    "questionnaire_value": "",
    "value": " Atorvastatin 80mg",
    "position": 4,
    "desc": " Atorvastatin 80mg"
  },
  "model": "rdrf.cdepermittedvalue",
  "pk": 76
},
{
  "fields": {
    "pv_group": "FALipidTherapy",
    "code": "FAOther",
    "questionnaire_value": "",
    "value": "Other",
    "position": 29,
    "desc": "Other"
  },
  "model": "rdrf.cdepermittedvalue",
  "pk": 77
},
{
  "fields": {
    "pv_group": "FALipidTherapy",
    "code": "FAPravastatin40",
    "questionnaire_value": "",
    "value": "Pravastatin 40mg",
    "position": 11,
    "desc": "Pravastatin 40mg"
  },
  "model": "rdrf.cdepermittedvalue",
  "pk": 78
},
{
  "fields": {
    "pv_group": "FALipidTherapy",
    "code": "FAPravastatin20",
    "questionnaire_value": "",
    "value": "Pravastatin 20mg",
    "position": 10,
    "desc": "Pravastatin 20mg"
  },
  "model": "rdrf.cdepermittedvalue",
  "pk": 79
},
{
  "fields": {
    "pv_group": "FHIntoleranceSkin",
    "code": "Rash",
    "questionnaire_value": "",
    "value": "Rash",
    "position": 1,
    "desc": "Rash"
  },
  "model": "rdrf.cdepermittedvalue",
  "pk": 80
},
{
  "fields": {
    "pv_group": "FHPathogenicity",
    "code": "Not pathogenic",
    "questionnaire_value": "",
    "value": "Not pathogenic",
    "position": 2,
    "desc": "Not pathogenic"
  },
  "model": "rdrf.cdepermittedvalue",
  "pk": 81
},
{
  "fields": {
    "pv_group": "FHPathogenicity",
    "code": "Uncertain",
    "questionnaire_value": "",
    "value": "Variant of uncertain significance",
    "position": 3,
    "desc": "Variant of uncertain significance"
  },
  "model": "rdrf.cdepermittedvalue",
  "pk": 82
},
{
  "fields": {
    "pv_group": "FHPathogenicity",
    "code": "Pathogenic",
    "questionnaire_value": "",
    "value": "Pathogenic",
    "position": 1,
    "desc": "Pathogenic"
  },
  "model": "rdrf.cdepermittedvalue",
  "pk": 83
},
{
  "fields": {
    "pv_group": "PVG-FH_GENETIC_VARIANT",
    "code": "gen_yes",
    "questionnaire_value": "",
    "value": "Yes",
    "position": 1,
    "desc": "Yes"
  },
  "model": "rdrf.cdepermittedvalue",
  "pk": 84
},
{
  "fields": {
    "pv_group": "PVG-FH_GENETIC_VARIANT",
    "code": "gen_not_consented",
    "questionnaire_value": "",
    "value": "No \u2013 not consented",
    "position": 3,
    "desc": "No \u2013 not consented"
  },
  "model": "rdrf.cdepermittedvalue",
  "pk": 85
},
{
  "fields": {
    "pv_group": "PVG-FH_GENETIC_VARIANT",
    "code": "gen_no_notoffered",
    "questionnaire_value": "",
    "value": "No \u2013 not offered",
    "position": 4,
    "desc": "No \u2013 not offered"
  },
  "model": "rdrf.cdepermittedvalue",
  "pk": 86
},
{
  "fields": {
    "pv_group": "PVG-FH_GENETIC_VARIANT",
    "code": "gen_no_service_not_available",
    "questionnaire_value": "",
    "value": "No \u2013 service not available",
    "position": 2,
    "desc": "No \u2013 service not available"
  },
  "model": "rdrf.cdepermittedvalue",
  "pk": 87
},
{
  "fields": {
    "pv_group": "FHIntoleranceMuscle",
    "code": "Muscle tenderness",
    "questionnaire_value": "",
    "value": "Muscle tenderness",
    "position": 4,
    "desc": "Muscle tenderness"
  },
  "model": "rdrf.cdepermittedvalue",
  "pk": 88
},
{
  "fields": {
    "pv_group": "FHIntoleranceMuscle",
    "code": "Fatigue",
    "questionnaire_value": "",
    "value": "Fatigue",
    "position": 1,
    "desc": "Fatigue"
  },
  "model": "rdrf.cdepermittedvalue",
  "pk": 89
},
{
  "fields": {
    "pv_group": "FHIntoleranceMuscle",
    "code": "Muscle pain",
    "questionnaire_value": "",
    "value": "Muscle pain",
    "position": 2,
    "desc": "Muscle pain"
  },
  "model": "rdrf.cdepermittedvalue",
  "pk": 90
},
{
  "fields": {
    "pv_group": "FHIntoleranceMuscle",
    "code": "Muscle weakness",
    "questionnaire_value": "",
    "value": "Muscle weakness",
    "position": 3,
    "desc": "Muscle weakness"
  },
  "model": "rdrf.cdepermittedvalue",
  "pk": 91
},
{
  "fields": {
    "pv_group": "FHIntoleranceMuscle",
    "code": "Necrotizing myositis",
    "questionnaire_value": "",
    "value": "Necrotizing myositis",
    "position": 13,
    "desc": "Necrotizing myositis"
  },
  "model": "rdrf.cdepermittedvalue",
  "pk": 92
},
{
  "fields": {
    "pv_group": "FHIntoleranceMuscle",
    "code": "Autoimmune-mediated",
    "questionnaire_value": "",
    "value": "Autoimmune-mediated",
    "position": 12,
    "desc": "Autoimmune-mediated"
  },
  "model": "rdrf.cdepermittedvalue",
  "pk": 93
},
{
  "fields": {
    "pv_group": "FHIntoleranceMuscle",
    "code": "Rhabdomyolysis",
    "questionnaire_value": "",
    "value": "Rhabdomyolysis",
    "position": 11,
    "desc": "Rhabdomyolysis"
  },
  "model": "rdrf.cdepermittedvalue",
  "pk": 94
},
{
  "fields": {
    "pv_group": "FHIntoleranceMuscle",
    "code": "Severe myopathy",
    "questionnaire_value": "",
    "value": "Severe myopathy",
    "position": 10,
    "desc": "Severe myopathy"
  },
  "model": "rdrf.cdepermittedvalue",
  "pk": 95
},
{
  "fields": {
    "pv_group": "FHIntoleranceMuscle",
    "code": "Myopathy",
    "questionnaire_value": "",
    "value": "Myopathy",
    "position": 9,
    "desc": "Myopathy"
  },
  "model": "rdrf.cdepermittedvalue",
  "pk": 96
},
{
  "fields": {
    "pv_group": "FHIntoleranceMuscle",
    "code": "Myalgia, intolerable ",
    "questionnaire_value": "",
    "value": "Myalgia, intolerable ",
    "position": 8,
    "desc": "Myalgia, intolerable "
  },
  "model": "rdrf.cdepermittedvalue",
  "pk": 97
},
{
  "fields": {
    "pv_group": "FHIntoleranceMuscle",
    "code": "Myalgia, tolerable ",
    "questionnaire_value": "",
    "value": "Myalgia, tolerable ",
    "position": 7,
    "desc": "Myalgia, tolerable "
  },
  "model": "rdrf.cdepermittedvalue",
  "pk": 98
},
{
  "fields": {
    "pv_group": "FHIntoleranceMuscle",
    "code": "CK elevation",
    "questionnaire_value": "",
    "value": "CK elevation",
    "position": 6,
    "desc": "CK elevation"
  },
  "model": "rdrf.cdepermittedvalue",
  "pk": 99
},
{
  "fields": {
    "pv_group": "FHIntoleranceMuscle",
    "code": "Cramps",
    "questionnaire_value": "",
    "value": "Cramps",
    "position": 5,
    "desc": "Cramps"
  },
  "model": "rdrf.cdepermittedvalue",
  "pk": 100
},
{
  "fields": {
    "pv_group": "AddressType",
    "code": "AddressTypePostal",
    "questionnaire_value": "Postal",
    "value": "Postal",
    "position": 2,
    "desc": "Postal"
  },
  "model": "rdrf.cdepermittedvalue",
  "pk": 101
},
{
  "fields": {
    "pv_group": "AddressType",
    "code": "AddressTypeHome",
    "questionnaire_value": "Home",
    "value": "Home",
    "position": 1,
    "desc": "Home"
  },
  "model": "rdrf.cdepermittedvalue",
  "pk": 102
},
{
  "fields": {
    "pv_group": "FHIntoleranceGI",
    "code": "Heartburn",
    "questionnaire_value": "",
    "value": "Heartburn",
    "position": 5,
    "desc": "Heartburn"
  },
  "model": "rdrf.cdepermittedvalue",
  "pk": 103
},
{
  "fields": {
    "pv_group": "FHIntoleranceGI",
    "code": "Flatulence",
    "questionnaire_value": "",
    "value": "Flatulence",
    "position": 4,
    "desc": "Flatulence"
  },
  "model": "rdrf.cdepermittedvalue",
  "pk": 104
},
{
  "fields": {
    "pv_group": "FHIntoleranceGI",
    "code": "Dyspepsia",
    "questionnaire_value": "",
    "value": "Dyspepsia",
    "position": 3,
    "desc": "Dyspepsia"
  },
  "model": "rdrf.cdepermittedvalue",
  "pk": 105
},
{
  "fields": {
    "pv_group": "FHIntoleranceGI",
    "code": "Diarrhoea",
    "questionnaire_value": "",
    "value": "Diarrhoea",
    "position": 2,
    "desc": "Diarrhoea"
  },
  "model": "rdrf.cdepermittedvalue",
  "pk": 106
},
{
  "fields": {
    "pv_group": "FHIntoleranceGI",
    "code": "Constipation",
    "questionnaire_value": "",
    "value": "Constipation",
    "position": 1,
    "desc": "Constipation"
  },
  "model": "rdrf.cdepermittedvalue",
  "pk": 107
},
{
  "fields": {
    "pv_group": "FHIntoleranceGI",
    "code": "Vomiting",
    "questionnaire_value": "",
    "value": "Vomiting",
    "position": 7,
    "desc": "Vomiting"
  },
  "model": "rdrf.cdepermittedvalue",
  "pk": 108
},
{
  "fields": {
    "pv_group": "FHIntoleranceGI",
    "code": "Nausea",
    "questionnaire_value": "",
    "value": "Nausea",
    "position": 6,
    "desc": "Nausea"
  },
  "model": "rdrf.cdepermittedvalue",
  "pk": 109
},
{
  "fields": {
    "pv_group": "FHIntoleranceHepatic",
    "code": "IncreasedActivity",
    "questionnaire_value": "",
    "value": "Increased activity of liver enzymes",
    "position": 2,
    "desc": "Increased activity of liver enzymes"
  },
  "model": "rdrf.cdepermittedvalue",
  "pk": 110
},
{
  "fields": {
    "pv_group": "FHIntoleranceHepatic",
    "code": "Hepatotoxicity",
    "questionnaire_value": "",
    "value": "Hepatotoxicity",
    "position": 1,
    "desc": "Hepatotoxicity"
  },
  "model": "rdrf.cdepermittedvalue",
  "pk": 111
},
{
  "fields": {
    "pv_group": "MedicalTest",
    "code": "MedicalTestNo",
    "questionnaire_value": "",
    "value": "No",
    "position": 3,
    "desc": "No"
  },
  "model": "rdrf.cdepermittedvalue",
  "pk": 112
},
{
  "fields": {
    "pv_group": "MedicalTest",
    "code": "MedicalTestNormal",
    "questionnaire_value": "",
    "value": "Yes - Normal",
    "position": 1,
    "desc": "Yes - Normal"
  },
  "model": "rdrf.cdepermittedvalue",
  "pk": 113
},
{
  "fields": {
    "pv_group": "MedicalTest",
    "code": "MedicalTestAbnormal",
    "questionnaire_value": "",
    "value": "Yes - Abnormal",
    "position": 2,
    "desc": "Yes - Abnormal"
  },
  "model": "rdrf.cdepermittedvalue",
  "pk": 114
},
{
  "fields": {
    "pv_group": "MedicalTest",
    "code": "MedicalTestUnknown",
    "questionnaire_value": "",
    "value": "Unknown",
    "position": 4,
    "desc": "Unknown"
  },
  "model": "rdrf.cdepermittedvalue",
  "pk": 115
},
{
  "fields": {
    "pv_group": "FHIntoleranceEndocrine",
    "code": "Diabetes",
    "questionnaire_value": "",
    "value": "New onset diabetes",
    "position": 1,
    "desc": "New onset diabetes"
  },
  "model": "rdrf.cdepermittedvalue",
  "pk": 116
},
{
  "fields": {
    "pv_group": "FHSCdeath",
    "code": "FHOther",
    "questionnaire_value": "",
    "value": "Other",
    "position": 8,
    "desc": "Other"
  },
  "model": "rdrf.cdepermittedvalue",
  "pk": 117
},
{
  "fields": {
    "pv_group": "FHSCdeath",
    "code": "Cancer",
    "questionnaire_value": "",
    "value": "Cancer",
    "position": 7,
    "desc": "Cancer"
  },
  "model": "rdrf.cdepermittedvalue",
  "pk": 118
},
{
  "fields": {
    "pv_group": "FHSCdeath",
    "code": "AcuteAorticSyndrome",
    "questionnaire_value": "",
    "value": "Acute aortic syndrome",
    "position": 6,
    "desc": "Acute aortic syndrome"
  },
  "model": "rdrf.cdepermittedvalue",
  "pk": 119
},
{
  "fields": {
    "pv_group": "FHSCdeath",
    "code": "HeartFailure",
    "questionnaire_value": "",
    "value": "Heart failure",
    "position": 5,
    "desc": "Heart failure"
  },
  "model": "rdrf.cdepermittedvalue",
  "pk": 120
},
{
  "fields": {
    "pv_group": "FHSCdeath",
    "code": "CardiacSuddenDeath",
    "questionnaire_value": "",
    "value": "Cardiac sudden death",
    "position": 4,
    "desc": "Cerebrovascular disease - haemorragic"
  },
  "model": "rdrf.cdepermittedvalue",
  "pk": 121
},
{
  "fields": {
    "pv_group": "FHSCdeath",
    "code": "CerebrovascularHaemorragic",
    "questionnaire_value": "",
    "value": "Cerebrovascular disease - haemorragic",
    "position": 3,
    "desc": "Cerebrovascular disease - haemorragic"
  },
  "model": "rdrf.cdepermittedvalue",
  "pk": 122
},
{
  "fields": {
    "pv_group": "FHSCdeath",
    "code": "CerebrovascularIschemic",
    "questionnaire_value": "",
    "value": "Cerebrovascular disease - ischemic",
    "position": 2,
    "desc": "Cerebrovascular disease - ischemic"
  },
  "model": "rdrf.cdepermittedvalue",
  "pk": 123
},
{
  "fields": {
    "pv_group": "FHSCdeath",
    "code": "CAD",
    "questionnaire_value": "",
    "value": "CAD",
    "position": 1,
    "desc": "CAD"
  },
  "model": "rdrf.cdepermittedvalue",
  "pk": 124
},
{
  "fields": {
    "pv_group": "FHDiabeticdrugs",
    "code": "Other",
    "questionnaire_value": "",
    "value": "Other",
    "position": 8,
    "desc": "Other"
  },
  "model": "rdrf.cdepermittedvalue",
  "pk": 125
},
{
  "fields": {
    "pv_group": "FHDiabeticdrugs",
    "code": "InsulinTherapy",
    "questionnaire_value": "",
    "value": "Insulin therapy",
    "position": 4,
    "desc": "Insulin therapy"
  },
  "model": "rdrf.cdepermittedvalue",
  "pk": 126
},
{
  "fields": {
    "pv_group": "FHDiabeticdrugs",
    "code": "SGLT2inhibitor",
    "questionnaire_value": "",
    "value": "SGLT-2 inhibitor",
    "position": 7,
    "desc": "SGLT-2 inhibitor"
  },
  "model": "rdrf.cdepermittedvalue",
  "pk": 127
},
{
  "fields": {
    "pv_group": "FHDiabeticdrugs",
    "code": "GLP1receptoragonist",
    "questionnaire_value": "",
    "value": "GLP-1 receptor agonist",
    "position": 6,
    "desc": "GLP-1 receptor agonist"
  },
  "model": "rdrf.cdepermittedvalue",
  "pk": 128
},
{
  "fields": {
    "pv_group": "FHDiabeticdrugs",
    "code": "DPP4inhibitors",
    "questionnaire_value": "",
    "value": "DPP-4 inhibitors",
    "position": 5,
    "desc": "DPP-4 inhibitors"
  },
  "model": "rdrf.cdepermittedvalue",
  "pk": 129
},
{
  "fields": {
    "pv_group": "FHDiabeticdrugs",
    "code": "TZDs",
    "questionnaire_value": "",
    "value": "TZDs",
    "position": 3,
    "desc": "TZDs"
  },
  "model": "rdrf.cdepermittedvalue",
  "pk": 130
},
{
  "fields": {
    "pv_group": "FHDiabeticdrugs",
    "code": "Sulfonylureas",
    "questionnaire_value": "",
    "value": "Sulfonylureas",
    "position": 2,
    "desc": "Sulfonylureas"
  },
  "model": "rdrf.cdepermittedvalue",
  "pk": 131
},
{
  "fields": {
    "pv_group": "FHDiabeticdrugs",
    "code": "Biguanides",
    "questionnaire_value": "",
    "value": "Biguanides",
    "position": 1,
    "desc": "Biguanides"
  },
  "model": "rdrf.cdepermittedvalue",
  "pk": 132
},
{
  "fields": {
    "pv_group": "FHIntoleranceRenal",
    "code": "Proteinuria",
    "questionnaire_value": "",
    "value": "Proteinuria",
    "position": 2,
    "desc": "Proteinuria"
  },
  "model": "rdrf.cdepermittedvalue",
  "pk": 133
},
{
  "fields": {
    "pv_group": "FHIntoleranceRenal",
    "code": "RenalFailure",
    "questionnaire_value": "",
    "value": "Acute renal failure",
    "position": 1,
    "desc": "Acute renal failure"
  },
  "model": "rdrf.cdepermittedvalue",
  "pk": 134
},
{
  "fields": {
    "pv_group": "fh_yes_no",
    "code": "fh_yes_no_no",
    "questionnaire_value": null,
    "value": "No",
    "position": null,
    "desc": "No"
  },
  "model": "rdrf.cdepermittedvalue",
  "pk": 135
},
{
  "fields": {
    "pv_group": "fh_yes_no",
    "code": "fh_yes_no_yes",
    "questionnaire_value": null,
    "value": "Yes",
    "position": null,
    "desc": "Yes"
  },
  "model": "rdrf.cdepermittedvalue",
  "pk": 136
},
{
  "fields": {
    "pv_group": "FHLipidTherapyNone",
    "code": "Pravastatin80",
    "questionnaire_value": "",
    "value": "Pravastatin 80mg",
    "position": 19,
    "desc": "Pravastatin 80mg"
  },
  "model": "rdrf.cdepermittedvalue",
  "pk": 137
},
{
  "fields": {
    "pv_group": "FHLipidTherapyNone",
    "code": "Pravastatin/Ezetimibe10",
    "questionnaire_value": "",
    "value": "Pravastatin 10mg/Ezetimibe 10mg",
    "position": 20,
    "desc": "Pravastatin 10mg/Ezetimibe 10mg"
  },
  "model": "rdrf.cdepermittedvalue",
  "pk": 138
},
{
  "fields": {
    "pv_group": "FHLipidTherapyNone",
    "code": "Pravastatin/Ezetimibe20",
    "questionnaire_value": "",
    "value": "Pravastatin 20mg/Ezetimibe 10mg",
    "position": 21,
    "desc": "Pravastatin 20mg/Ezetimibe 10mg"
  },
  "model": "rdrf.cdepermittedvalue",
  "pk": 139
},
{
  "fields": {
    "pv_group": "FHLipidTherapyNone",
    "code": "Pravastatin/Ezetimibe40",
    "questionnaire_value": "",
    "value": "Pravastatin 40mg/Ezetimibe 10mg",
    "position": 22,
    "desc": "Pravastatin 40mg/Ezetimibe 10mg"
  },
  "model": "rdrf.cdepermittedvalue",
  "pk": 140
},
{
  "fields": {
    "pv_group": "FHLipidTherapyNone",
    "code": "Pravastatin/Ezetimibe80",
    "questionnaire_value": "",
    "value": "Pravastatin 80mg/Ezetimibe 10mg",
    "position": 23,
    "desc": "Pravastatin 80mg/Ezetimibe 10mg"
  },
  "model": "rdrf.cdepermittedvalue",
  "pk": 141
},
{
  "fields": {
    "pv_group": "FHLipidTherapyNone",
    "code": "Rosuvastatin/Ezetimibe5",
    "questionnaire_value": "",
    "value": "Rosuvastatin 5mg/Ezetimibe 10mg",
    "position": 29,
    "desc": "Rosuvastatin 5mg/Ezetimibe 10mg"
  },
  "model": "rdrf.cdepermittedvalue",
  "pk": 142
},
{
  "fields": {
    "pv_group": "FHLipidTherapyNone",
    "code": "Simvastatin5",
    "questionnaire_value": "",
    "value": "Simvastatin 5mg",
    "position": 33,
    "desc": "Simvastatin 5mg"
  },
  "model": "rdrf.cdepermittedvalue",
  "pk": 143
},
{
  "fields": {
    "pv_group": "FHLipidTherapyNone",
    "code": "Simvastatin/Ezetimibe5",
    "questionnaire_value": "",
    "value": "Simvastatin 5mg/Ezetimibe 10mg",
    "position": 38,
    "desc": "Simvastatin 5mg/Ezetimibe 10mg"
  },
  "model": "rdrf.cdepermittedvalue",
  "pk": 144
},
{
  "fields": {
    "pv_group": "FHLipidTherapyNone",
    "code": "Fenofibrate48",
    "questionnaire_value": "",
    "value": "Fenofibrate 48mg",
    "position": 44,
    "desc": "Fenofibrate 48mg"
  },
  "model": "rdrf.cdepermittedvalue",
  "pk": 145
},
{
  "fields": {
    "pv_group": "FHLipidTherapyNone",
    "code": "Cholestryramine8",
    "questionnaire_value": "",
    "value": "Cholestryramine 8g",
    "position": 48,
    "desc": "Cholestryramine 8g"
  },
  "model": "rdrf.cdepermittedvalue",
  "pk": 146
},
{
  "fields": {
    "pv_group": "FHLipidTherapyNone",
    "code": "Colestipol1",
    "questionnaire_value": "",
    "value": "Colestipol 1g",
    "position": 49,
    "desc": "Colestipol 1g"
  },
  "model": "rdrf.cdepermittedvalue",
  "pk": 147
},
{
  "fields": {
    "pv_group": "FHLipidTherapyNone",
    "code": "Colestipol7.5",
    "questionnaire_value": "",
    "value": "Colestipol 7.5g",
    "position": 51,
    "desc": "Colestipol 7.5g"
  },
  "model": "rdrf.cdepermittedvalue",
  "pk": 148
},
{
  "fields": {
    "pv_group": "FHLipidTherapyNone",
    "code": "Rosuvastatin5",
    "questionnaire_value": "",
    "value": "Rosuvastatin 5mg",
    "position": 24,
    "desc": "Rosuvastatin 5mg"
  },
  "model": "rdrf.cdepermittedvalue",
  "pk": 149
},
{
  "fields": {
    "pv_group": "FHLipidTherapyNone",
    "code": "Simvastatin10",
    "questionnaire_value": "",
    "value": "Simvastatin 10mg",
    "position": 34,
    "desc": "Simvastatin 10mg"
  },
  "model": "rdrf.cdepermittedvalue",
  "pk": 150
},
{
  "fields": {
    "pv_group": "FHLipidTherapyNone",
    "code": "Simvastatin20",
    "questionnaire_value": "",
    "value": "Simvastatin 20mg",
    "position": 35,
    "desc": "Simvastatin 20mg"
  },
  "model": "rdrf.cdepermittedvalue",
  "pk": 151
},
{
  "fields": {
    "pv_group": "FHLipidTherapyNone",
    "code": "Simvastatin40",
    "questionnaire_value": "",
    "value": "Simvastatin 40mg",
    "position": 36,
    "desc": "Simvastatin 40mg"
  },
  "model": "rdrf.cdepermittedvalue",
  "pk": 152
},
{
  "fields": {
    "pv_group": "FHLipidTherapyNone",
    "code": "Simvastatin80",
    "questionnaire_value": "",
    "value": "Simvastatin 80mg",
    "position": 37,
    "desc": "Simvastatin 80mg"
  },
  "model": "rdrf.cdepermittedvalue",
  "pk": 153
},
{
  "fields": {
    "pv_group": "FHLipidTherapyNone",
    "code": "Gemfibrozi600",
    "questionnaire_value": "",
    "value": "Gemfibrozil 600mg",
    "position": 46,
    "desc": "Gemfibrozil 600mg"
  },
  "model": "rdrf.cdepermittedvalue",
  "pk": 154
},
{
  "fields": {
    "pv_group": "FHLipidTherapyNone",
    "code": "Cholestryramine4",
    "questionnaire_value": "",
    "value": "Cholestryramine 4g",
    "position": 47,
    "desc": "Cholestryramine 4g"
  },
  "model": "rdrf.cdepermittedvalue",
  "pk": 155
},
{
  "fields": {
    "pv_group": "FHLipidTherapyNone",
    "code": "Niacin1500",
    "questionnaire_value": "",
    "value": "Niacin 1500mg",
    "position": 57,
    "desc": "Niacin 1500mg"
  },
  "model": "rdrf.cdepermittedvalue",
  "pk": 157
},
{
  "fields": {
    "pv_group": "FHLipidTherapyNone",
    "code": "Niacin1000",
    "questionnaire_value": "",
    "value": "Niacin 1000mg",
    "position": 56,
    "desc": "Niacin 1000mg"
  },
  "model": "rdrf.cdepermittedvalue",
  "pk": 158
},
{
  "fields": {
    "pv_group": "FHLipidTherapyNone",
    "code": "Niacin500",
    "questionnaire_value": "",
    "value": "Niacin 500mg",
    "position": 55,
    "desc": "Niacin 500mg"
  },
  "model": "rdrf.cdepermittedvalue",
  "pk": 159
},
{
  "fields": {
    "pv_group": "FHLipidTherapyNone",
    "code": "Colesevelam3.75",
    "questionnaire_value": "",
    "value": "Colesevelam 3.75g",
    "position": 54,
    "desc": "Colesevelam 3.75g"
  },
  "model": "rdrf.cdepermittedvalue",
  "pk": 160
},
{
  "fields": {
    "pv_group": "FHLipidTherapyNone",
    "code": "Colesevelam1.875",
    "questionnaire_value": "",
    "value": "Colesevelam 1.875g",
    "position": 53,
    "desc": "Colesevelam 1.875g"
  },
  "model": "rdrf.cdepermittedvalue",
  "pk": 161
},
{
  "fields": {
    "pv_group": "FHLipidTherapyNone",
    "code": "Colesevelam625",
    "questionnaire_value": "",
    "value": "Colesevelam 625mg",
    "position": 52,
    "desc": "Colesevelam 625mg"
  },
  "model": "rdrf.cdepermittedvalue",
  "pk": 162
},
{
  "fields": {
    "pv_group": "FHLipidTherapyNone",
    "code": "Ezetimibe/atorvastatin80",
    "questionnaire_value": "",
    "value": "Atorvastatin 80mg/Ezetimibe 10mg",
    "position": 9,
    "desc": "Atorvastatin 80mg/Ezetimibe 10mg"
  },
  "model": "rdrf.cdepermittedvalue",
  "pk": 163
},
{
  "fields": {
    "pv_group": "FHLipidTherapyNone",
    "code": "Ezetimibe/rosuvastatin10",
    "questionnaire_value": "",
    "value": "Rosuvastatin 10mg/Ezetimibe 10mg",
    "position": 30,
    "desc": "Rosuvastatin 10mg/Ezetimibe 10mg"
  },
  "model": "rdrf.cdepermittedvalue",
  "pk": 164
},
{
  "fields": {
    "pv_group": "FHLipidTherapyNone",
    "code": "Ezetimibe/rosuvastatin20",
    "questionnaire_value": "",
    "value": "Rosuvastatin 20mg/Ezetimibe 10mg",
    "position": 31,
    "desc": "Rosuvastatin 20mg/Ezetimibe 10mg"
  },
  "model": "rdrf.cdepermittedvalue",
  "pk": 165
},
{
  "fields": {
    "pv_group": "FHLipidTherapyNone",
    "code": "Fluvastatin20",
    "questionnaire_value": "",
    "value": "Fluvastatin 20mg",
    "position": 10,
    "desc": "Fluvastatin 20mg"
  },
  "model": "rdrf.cdepermittedvalue",
  "pk": 166
},
{
  "fields": {
    "pv_group": "FHLipidTherapyNone",
    "code": "Fluvastatin40",
    "questionnaire_value": "",
    "value": "Fluvastatin 40mg",
    "position": 11,
    "desc": "Fluvastatin 40mg"
  },
  "model": "rdrf.cdepermittedvalue",
  "pk": 167
},
{
  "fields": {
    "pv_group": "FHLipidTherapyNone",
    "code": "Fluvastatin80",
    "questionnaire_value": "",
    "value": "Fluvastatin 80mg",
    "position": 12,
    "desc": "Fluvastatin 80mg"
  },
  "model": "rdrf.cdepermittedvalue",
  "pk": 168
},
{
  "fields": {
    "pv_group": "FHLipidTherapyNone",
    "code": "Fluvastatin/Ezetimibe20 ",
    "questionnaire_value": "",
    "value": "Fluvastatin 20mg/Ezetimibe 10mg",
    "position": 13,
    "desc": "Fluvastatin 20mg/Ezetimibe 10mg"
  },
  "model": "rdrf.cdepermittedvalue",
  "pk": 169
},
{
  "fields": {
    "pv_group": "FHLipidTherapyNone",
    "code": "Fluvastatin/Ezetimibe40",
    "questionnaire_value": "",
    "value": "Fluvastatin 40mg/Ezetimibe 10mg",
    "position": 14,
    "desc": "Fluvastatin 40mg/Ezetimibe 10mg"
  },
  "model": "rdrf.cdepermittedvalue",
  "pk": 170
},
{
  "fields": {
    "pv_group": "FHLipidTherapyNone",
    "code": "Fluvastatin/Ezetimibe80",
    "questionnaire_value": "",
    "value": "Fluvastatin 80mg/Ezetimibe 10mg",
    "position": 15,
    "desc": "Fluvastatin 80mg/Ezetimibe 10mg"
  },
  "model": "rdrf.cdepermittedvalue",
  "pk": 171
},
{
  "fields": {
    "pv_group": "FHLipidTherapyNone",
    "code": "Colestipol5",
    "questionnaire_value": "",
    "value": "Colestipol 5g",
    "position": 50,
    "desc": "Colestipol 5g"
  },
  "model": "rdrf.cdepermittedvalue",
  "pk": 172
},
{
  "fields": {
    "pv_group": "FHLipidTherapyNone",
    "code": "Fenofibrate145",
    "questionnaire_value": "",
    "value": "Fenofibrate 145mg",
    "position": 45,
    "desc": "Fenofibrate 145mg"
  },
  "model": "rdrf.cdepermittedvalue",
  "pk": 173
},
{
  "fields": {
    "pv_group": "FHLipidTherapyNone",
    "code": "None",
    "questionnaire_value": "",
    "value": "None",
    "position": 1,
    "desc": "None"
  },
  "model": "rdrf.cdepermittedvalue",
  "pk": 174
},
{
  "fields": {
    "pv_group": "FHLipidTherapyNone",
    "code": "Other",
    "questionnaire_value": "",
    "value": "Other",
    "position": 59,
    "desc": "Other"
  },
  "model": "rdrf.cdepermittedvalue",
  "pk": 175
},
{
  "fields": {
    "pv_group": "FHLipidTherapyNone",
    "code": "Pravastatin40",
    "questionnaire_value": "",
    "value": "Pravastatin 40mg",
    "position": 18,
    "desc": "Pravastatin 40mg"
  },
  "model": "rdrf.cdepermittedvalue",
  "pk": 176
},
{
  "fields": {
    "pv_group": "FHLipidTherapyNone",
    "code": "Pravastatin20",
    "questionnaire_value": "",
    "value": "Pravastatin 20mg",
    "position": 17,
    "desc": "Pravastatin 20mg"
  },
  "model": "rdrf.cdepermittedvalue",
  "pk": 177
},
{
  "fields": {
    "pv_group": "FHLipidTherapyNone",
    "code": "Pravastatin10",
    "questionnaire_value": "",
    "value": "Pravastatin 10mg",
    "position": 16,
    "desc": "Pravastatin 10mg"
  },
  "model": "rdrf.cdepermittedvalue",
  "pk": 178
},
{
  "fields": {
    "pv_group": "FHLipidTherapyNone",
    "code": "Ezetimibe/rosuvastatin40",
    "questionnaire_value": "",
    "value": "Rosuvastatin 40mg/Ezetimibe 10mg",
    "position": 32,
    "desc": "Rosuvastatin 40mg/Ezetimibe 10mg"
  },
  "model": "rdrf.cdepermittedvalue",
  "pk": 179
},
{
  "fields": {
    "pv_group": "FHLipidTherapyNone",
    "code": "Rosuvastatin40",
    "questionnaire_value": "",
    "value": "Rosuvastatin 40mg",
    "position": 27,
    "desc": "Rosuvastatin 40mg"
  },
  "model": "rdrf.cdepermittedvalue",
  "pk": 180
},
{
  "fields": {
    "pv_group": "FHLipidTherapyNone",
    "code": "FARosuvastatin20",
    "questionnaire_value": "",
    "value": "Rosuvastatin 20mg",
    "position": 26,
    "desc": "Rosuvastatin 20mg"
  },
  "model": "rdrf.cdepermittedvalue",
  "pk": 181
},
{
  "fields": {
    "pv_group": "FHLipidTherapyNone",
    "code": "Rosuvastatin10",
    "questionnaire_value": "",
    "value": "Rosuvastatin 10mg",
    "position": 25,
    "desc": "Rosuvastatin 10mg"
  },
  "model": "rdrf.cdepermittedvalue",
  "pk": 182
},
{
  "fields": {
    "pv_group": "FHLipidTherapyNone",
    "code": "Atorvastatin80",
    "questionnaire_value": "",
    "value": " Atorvastatin 80mg",
    "position": 5,
    "desc": " Atorvastatin 80mg"
  },
  "model": "rdrf.cdepermittedvalue",
  "pk": 183
},
{
  "fields": {
    "pv_group": "FHLipidTherapyNone",
    "code": "Atorvastatin40",
    "questionnaire_value": "",
    "value": " Atorvastatin 40mg",
    "position": 4,
    "desc": " Atorvastatin 40mg"
  },
  "model": "rdrf.cdepermittedvalue",
  "pk": 184
},
{
  "fields": {
    "pv_group": "FHLipidTherapyNone",
    "code": "Atorvastatin20",
    "questionnaire_value": "",
    "value": "Atorvastatin 20mg",
    "position": 3,
    "desc": " Atorvastatin 20mg"
  },
  "model": "rdrf.cdepermittedvalue",
  "pk": 185
},
{
  "fields": {
    "pv_group": "FHLipidTherapyNone",
    "code": "Atorvastatin10",
    "questionnaire_value": "",
    "value": "Atorvastatin 10mg",
    "position": 2,
    "desc": "Atorvastatin 10mg"
  },
  "model": "rdrf.cdepermittedvalue",
  "pk": 186
},
{
  "fields": {
    "pv_group": "FHLipidTherapyNone",
    "code": "Ezetimibe10",
    "questionnaire_value": "",
    "value": "Ezetimibe 10mg",
    "position": 43,
    "desc": "Ezetimibe 10mg"
  },
  "model": "rdrf.cdepermittedvalue",
  "pk": 187
},
{
  "fields": {
    "pv_group": "FHLipidTherapyNone",
    "code": "Ezetimibe/simvastatin10",
    "questionnaire_value": "",
    "value": "Simvastatin 10mg/Ezetimibe 10mg",
    "position": 39,
    "desc": "Simvastatin 10mg/Ezetimibe 10mg"
  },
  "model": "rdrf.cdepermittedvalue",
  "pk": 188
},
{
  "fields": {
    "pv_group": "FHLipidTherapyNone",
    "code": "Ezetimibe/simvastatin20",
    "questionnaire_value": "",
    "value": "Simvastatin 20mg/Ezetimibe 10mg",
    "position": 40,
    "desc": "Simvastatin 20mg/Ezetimibe 10mg"
  },
  "model": "rdrf.cdepermittedvalue",
  "pk": 189
},
{
  "fields": {
    "pv_group": "FHLipidTherapyNone",
    "code": "Ezetimibe/simvastatin40",
    "questionnaire_value": "",
    "value": "Simvastatin 40mg/Ezetimibe 10mg",
    "position": 41,
    "desc": "Simvastatin 40mg/Ezetimibe 10mg"
  },
  "model": "rdrf.cdepermittedvalue",
  "pk": 190
},
{
  "fields": {
    "pv_group": "FHLipidTherapyNone",
    "code": "Ezetimibe/simvastatin80",
    "questionnaire_value": "",
    "value": "Simvastatin 80mg/Ezetimibe 10mg",
    "position": 42,
    "desc": "Simvastatin 80mg/Ezetimibe 10mg"
  },
  "model": "rdrf.cdepermittedvalue",
  "pk": 191
},
{
  "fields": {
    "pv_group": "FHLipidTherapyNone",
    "code": "Ezetimibe/atorvastatin10",
    "questionnaire_value": "",
    "value": "Atorvastatin 10mg/Ezetimibe 10mg",
    "position": 6,
    "desc": "Atorvastatin 10mg/Ezetimibe 10mg"
  },
  "model": "rdrf.cdepermittedvalue",
  "pk": 192
},
{
  "fields": {
    "pv_group": "FHLipidTherapyNone",
    "code": "Ezetimibe/atorvastatin20",
    "questionnaire_value": "",
    "value": "Atorvastatin 20mg/Ezetimibe 10mg",
    "position": 7,
    "desc": "Atorvastatin 20mg/Ezetimibe 10mg"
  },
  "model": "rdrf.cdepermittedvalue",
  "pk": 193
},
{
  "fields": {
    "pv_group": "FHLipidTherapyNone",
    "code": "Ezetimibe/atorvastatin40",
    "questionnaire_value": "",
    "value": "Atorvastatin 40mg/Ezetimibe 10mg",
    "position": 8,
    "desc": "Atorvastatin 40mg/Ezetimibe 10mg"
  },
  "model": "rdrf.cdepermittedvalue",
  "pk": 194
},
{
  "fields": {
    "pv_group": "FHDrugIntolerance",
    "code": "Other",
    "questionnaire_value": "",
    "value": "Other",
    "position": 15,
    "desc": "Other"
  },
  "model": "rdrf.cdepermittedvalue",
  "pk": 195
},
{
  "fields": {
    "pv_group": "FHDrugIntolerance",
    "code": "Fluvastatin",
    "questionnaire_value": "",
    "value": "Fluvastatin",
    "position": 3,
    "desc": "Fluvastatin"
  },
  "model": "rdrf.cdepermittedvalue",
  "pk": 196
},
{
  "fields": {
    "pv_group": "FHDrugIntolerance",
    "code": "Pravastatin",
    "questionnaire_value": "",
    "value": "Pravastatin",
    "position": 5,
    "desc": "Pravastatin"
  },
  "model": "rdrf.cdepermittedvalue",
  "pk": 197
},
{
  "fields": {
    "pv_group": "FHDrugIntolerance",
    "code": "Simvastatin",
    "questionnaire_value": "",
    "value": "Simvastatin",
    "position": 7,
    "desc": "Simvastatin"
  },
  "model": "rdrf.cdepermittedvalue",
  "pk": 198
},
{
  "fields": {
    "pv_group": "FHDrugIntolerance",
    "code": "Rosuvastatin",
    "questionnaire_value": "",
    "value": "Rosuvastatin",
    "position": 6,
    "desc": "Rosuvastatin"
  },
  "model": "rdrf.cdepermittedvalue",
  "pk": 199
},
{
  "fields": {
    "pv_group": "FHDrugIntolerance",
    "code": "Pitavastatin",
    "questionnaire_value": "",
    "value": "Pitavastatin",
    "position": 4,
    "desc": "Pitavastatin"
  },
  "model": "rdrf.cdepermittedvalue",
  "pk": 200
},
{
  "fields": {
    "pv_group": "FHDrugIntolerance",
    "code": "Niacin",
    "questionnaire_value": "",
    "value": "Niacin",
    "position": 14,
    "desc": "Niacin"
  },
  "model": "rdrf.cdepermittedvalue",
  "pk": 201
},
{
  "fields": {
    "pv_group": "FHDrugIntolerance",
    "code": "Lovastatin",
    "questionnaire_value": "",
    "value": "Lovastatin",
    "position": 2,
    "desc": "Lovastatin"
  },
  "model": "rdrf.cdepermittedvalue",
  "pk": 202
},
{
  "fields": {
    "pv_group": "FHDrugIntolerance",
    "code": "Gemfibrozil",
    "questionnaire_value": "",
    "value": "Gemfibrozil",
    "position": 10,
    "desc": "Gemfibrozil"
  },
  "model": "rdrf.cdepermittedvalue",
  "pk": 203
},
{
  "fields": {
    "pv_group": "FHDrugIntolerance",
    "code": "Fenofibrate",
    "questionnaire_value": "",
    "value": "Fenofibrate",
    "position": 9,
    "desc": "Fenofibrate"
  },
  "model": "rdrf.cdepermittedvalue",
  "pk": 204
},
{
  "fields": {
    "pv_group": "FHDrugIntolerance",
    "code": "Ezetimibe",
    "questionnaire_value": "",
    "value": "Ezetimibe",
    "position": 8,
    "desc": "Ezetimibe"
  },
  "model": "rdrf.cdepermittedvalue",
  "pk": 205
},
{
  "fields": {
    "pv_group": "FHDrugIntolerance",
    "code": "Colestipol",
    "questionnaire_value": "",
    "value": "Colestipol",
    "position": 12,
    "desc": "Colestipol"
  },
  "model": "rdrf.cdepermittedvalue",
  "pk": 206
},
{
  "fields": {
    "pv_group": "FHDrugIntolerance",
    "code": "Colesevelam",
    "questionnaire_value": "",
    "value": "Colesevelam",
    "position": 13,
    "desc": "Colesevelam"
  },
  "model": "rdrf.cdepermittedvalue",
  "pk": 207
},
{
  "fields": {
    "pv_group": "FHDrugIntolerance",
    "code": "Cholestyramine",
    "questionnaire_value": "",
    "value": "Cholestyramine",
    "position": 11,
    "desc": "Cholestyramine"
  },
  "model": "rdrf.cdepermittedvalue",
  "pk": 208
},
{
  "fields": {
    "pv_group": "FHDrugIntolerance",
    "code": "Atorvastatin",
    "questionnaire_value": "",
    "value": "Atorvastatin",
    "position": 1,
    "desc": "Atorvastatin"
  },
  "model": "rdrf.cdepermittedvalue",
  "pk": 209
},
{
  "fields": {
    "pv_group": "Compliance",
    "code": "FHComplianceIntolerant",
    "questionnaire_value": "",
    "value": "Intolerant",
    "position": 4,
    "desc": "Intolerant"
  },
  "model": "rdrf.cdepermittedvalue",
  "pk": 210
},
{
  "fields": {
    "pv_group": "Compliance",
    "code": "FHComplianceNon",
    "questionnaire_value": "",
    "value": "Non-compliant",
    "position": 3,
    "desc": "Non-compliant"
  },
  "model": "rdrf.cdepermittedvalue",
  "pk": 211
},
{
  "fields": {
    "pv_group": "Compliance",
    "code": "FHComplianceIrregular",
    "questionnaire_value": "",
    "value": "Irregular compliance",
    "position": 2,
    "desc": "Irregular compliance"
  },
  "model": "rdrf.cdepermittedvalue",
  "pk": 212
},
{
  "fields": {
    "pv_group": "Compliance",
    "code": "FHComplianceFull",
    "questionnaire_value": "",
    "value": "Full compliance",
    "position": 1,
    "desc": "Full compliance"
  },
  "model": "rdrf.cdepermittedvalue",
  "pk": 213
},
{
  "fields": {
    "pv_group": "Compliance",
    "code": "FHNA",
    "questionnaire_value": "",
    "value": "N/A",
    "position": 5,
    "desc": "N/A"
  },
  "model": "rdrf.cdepermittedvalue",
  "pk": 214
},
{
  "fields": {
    "pv_group": "FHCoronaryRevasc",
    "code": "Unknown",
    "questionnaire_value": "",
    "value": "Unknown",
    "position": 5,
    "desc": "Unknown"
  },
  "model": "rdrf.cdepermittedvalue",
  "pk": 215
},
{
  "fields": {
    "pv_group": "FHCoronaryRevasc",
    "code": "No",
    "questionnaire_value": "",
    "value": "No",
    "position": 4,
    "desc": "No"
  },
  "model": "rdrf.cdepermittedvalue",
  "pk": 216
},
{
  "fields": {
    "pv_group": "FHCoronaryRevasc",
    "code": "Both",
    "questionnaire_value": "",
    "value": "Both",
    "position": 3,
    "desc": "Both"
  },
  "model": "rdrf.cdepermittedvalue",
  "pk": 217
},
{
  "fields": {
    "pv_group": "FHCoronaryRevasc",
    "code": "CABG",
    "questionnaire_value": "",
    "value": "CABG",
    "position": 2,
    "desc": "CABG"
  },
  "model": "rdrf.cdepermittedvalue",
  "pk": 218
},
{
  "fields": {
    "pv_group": "FHCoronaryRevasc",
    "code": "PCI",
    "questionnaire_value": "",
    "value": "PCI",
    "position": 1,
    "desc": "PCI"
  },
  "model": "rdrf.cdepermittedvalue",
  "pk": 219
},
{
  "fields": {
    "pv_group": "Country",
    "code": "AU",
    "questionnaire_value": "Australia",
    "value": "Australia",
    "position": 1,
    "desc": "Australia"
  },
  "model": "rdrf.cdepermittedvalue",
  "pk": 220
},
{
  "fields": {
    "pv_group": "FHFamHist2",
    "code": "fh2_n",
    "questionnaire_value": "",
    "value": "No",
    "position": 2,
    "desc": "No"
  },
  "model": "rdrf.cdepermittedvalue",
  "pk": 221
},
{
  "fields": {
    "pv_group": "FHFamHist2",
    "code": "fh2_y",
    "questionnaire_value": "",
    "value": "Yes",
    "position": 1,
    "desc": "Yes, first-degree relative"
  },
  "model": "rdrf.cdepermittedvalue",
  "pk": 222
},
{
  "fields": {
    "pv_group": "FHFamHist2",
    "code": "fh2_u",
    "questionnaire_value": null,
    "value": "Unknown",
    "position": 3,
    "desc": "Unknown"
  },
  "model": "rdrf.cdepermittedvalue",
  "pk": 223
},
{
  "fields": {
    "pv_group": "FHAntithrombotic",
    "code": "Anticoagulants",
    "questionnaire_value": "",
    "value": "Other anticoagulants",
    "position": 4,
    "desc": "Other anticoagulants"
  },
  "model": "rdrf.cdepermittedvalue",
  "pk": 224
},
{
  "fields": {
    "pv_group": "FHAntithrombotic",
    "code": "Warfarin",
    "questionnaire_value": "",
    "value": "Warfarin",
    "position": 3,
    "desc": "Warfarin"
  },
  "model": "rdrf.cdepermittedvalue",
  "pk": 225
},
{
  "fields": {
    "pv_group": "FHAntithrombotic",
    "code": "Antiplatelets",
    "questionnaire_value": "",
    "value": "Other antiplatelets",
    "position": 2,
    "desc": "Other antiplatelets"
  },
  "model": "rdrf.cdepermittedvalue",
  "pk": 226
},
{
  "fields": {
    "pv_group": "FHAntithrombotic",
    "code": "Aspirin",
    "questionnaire_value": "",
    "value": "Aspirin",
    "position": 1,
    "desc": "Aspirin"
  },
  "model": "rdrf.cdepermittedvalue",
  "pk": 227
},
{
  "fields": {
    "pv_group": "ApheresisFrequency",
    "code": "ApheresisWeekly",
    "questionnaire_value": "",
    "value": "Once every week",
    "position": 1,
    "desc": "Once every week"
  },
  "model": "rdrf.cdepermittedvalue",
  "pk": 228
},
{
  "fields": {
    "pv_group": "FHPremCVD2",
    "code": "fhpremcvd_yes_corheartdisease",
    "questionnaire_value": "",
    "value": "Yes",
    "position": 1,
    "desc": "Yes, coronary heart disease"
  },
  "model": "rdrf.cdepermittedvalue",
  "pk": 235
},
{
  "fields": {
    "pv_group": "CorArteryCalcScore",
    "code": "CorArteryCalcScoreYes100-300",
    "questionnaire_value": "",
    "value": "Yes - Score 100-300",
    "position": 3,
    "desc": "Yes - Score 100-300"
  },
  "model": "rdrf.cdepermittedvalue",
  "pk": 237
},
{
  "fields": {
    "pv_group": "CorArteryCalcScore",
    "code": "CorArteryCalcScoreYes1-99",
    "questionnaire_value": "",
    "value": "Yes - Score 1-99",
    "position": 2,
    "desc": "Yes - Score 1-99"
  },
  "model": "rdrf.cdepermittedvalue",
  "pk": 238
},
{
  "fields": {
    "pv_group": "CorArteryCalcScore",
    "code": "CorArteryCalcScoreYes0",
    "questionnaire_value": "",
    "value": "Yes - Score 0",
    "position": 1,
    "desc": "Yes - Score 0"
  },
  "model": "rdrf.cdepermittedvalue",
  "pk": 239
},
{
  "fields": {
    "pv_group": "CorArteryCalcScore",
    "code": "CorArteryCalcScoreUnknown",
    "questionnaire_value": "",
    "value": "Unknown",
    "position": 6,
    "desc": "Unknown"
  },
  "model": "rdrf.cdepermittedvalue",
  "pk": 240
},
{
  "fields": {
    "pv_group": "CorArteryCalcScore",
    "code": "CorArteryCalcScoreYes>300",
    "questionnaire_value": "",
    "value": "Yes - Score > 300",
    "position": 4,
    "desc": "Yes - Score > 300"
  },
  "model": "rdrf.cdepermittedvalue",
  "pk": 241
},
{
  "fields": {
    "pv_group": "CorArteryCalcScore",
    "code": "CorArteryCalcScoreNo",
    "questionnaire_value": "",
    "value": "No",
    "position": 5,
    "desc": "No"
  },
  "model": "rdrf.cdepermittedvalue",
  "pk": 242
},
{
  "fields": {
    "pv_group": "FHgeneVariant",
    "code": "FHgeneVariantPCSK9",
    "questionnaire_value": "",
    "value": "PCSK9",
    "position": 3,
    "desc": "PCSK9"
  },
  "model": "rdrf.cdepermittedvalue",
  "pk": 243
},
{
  "fields": {
    "pv_group": "FHgeneVariant",
    "code": "FHgeneVariantAPOB",
    "questionnaire_value": "",
    "value": "APOB",
    "position": 2,
    "desc": "APOB"
  },
  "model": "rdrf.cdepermittedvalue",
  "pk": 244
},
{
  "fields": {
    "pv_group": "FHgeneVariant",
    "code": "FHgeneVariantLDLR",
    "questionnaire_value": "",
    "value": "LDLR",
    "position": 1,
    "desc": "LDLR"
  },
  "model": "rdrf.cdepermittedvalue",
  "pk": 245
},
{
  "fields": {
    "pv_group": "FHHypertensiveMed",
    "code": "Other",
    "questionnaire_value": "",
    "value": "Other",
    "position": 6,
    "desc": "Other"
  },
  "model": "rdrf.cdepermittedvalue",
  "pk": 246
},
{
  "fields": {
    "pv_group": "FHHypertensiveMed",
    "code": "CalciumChannelBlockers",
    "questionnaire_value": "",
    "value": "Calcium channel blockers",
    "position": 5,
    "desc": "Calcium channel blockers"
  },
  "model": "rdrf.cdepermittedvalue",
  "pk": 247
},
{
  "fields": {
    "pv_group": "FHHypertensiveMed",
    "code": "ARBs",
    "questionnaire_value": "",
    "value": "ARBs",
    "position": 4,
    "desc": "ARBs"
  },
  "model": "rdrf.cdepermittedvalue",
  "pk": 248
},
{
  "fields": {
    "pv_group": "FHHypertensiveMed",
    "code": "AceInhibitors",
    "questionnaire_value": "",
    "value": "ACE inhibitors",
    "position": 3,
    "desc": "ACE inhibitors"
  },
  "model": "rdrf.cdepermittedvalue",
  "pk": 249
},
{
  "fields": {
    "pv_group": "FHHypertensiveMed",
    "code": "BetaBlockers",
    "questionnaire_value": "",
    "value": "Beta blockers",
    "position": 2,
    "desc": "Beta blockers"
  },
  "model": "rdrf.cdepermittedvalue",
  "pk": 250
},
{
  "fields": {
    "pv_group": "FHHypertensiveMed",
    "code": "ThiazideDiuretics",
    "questionnaire_value": "",
    "value": "Thiazide diuretics",
    "position": 1,
    "desc": "Thiazide diuretics"
  },
  "model": "rdrf.cdepermittedvalue",
  "pk": 251
},
{
  "fields": {
    "pv_group": "Sex",
    "code": "M",
    "questionnaire_value": null,
    "value": "Male",
    "position": null,
    "desc": "Male"
  },
  "model": "rdrf.cdepermittedvalue",
  "pk": 252
},
{
  "fields": {
    "pv_group": "Sex",
    "code": "X",
    "questionnaire_value": null,
    "value": "Other/Intersex",
    "position": null,
    "desc": "Other/Intersex"
  },
  "model": "rdrf.cdepermittedvalue",
  "pk": 253
},
{
  "fields": {
    "pv_group": "Sex",
    "code": "F",
    "questionnaire_value": null,
    "value": "Female",
    "position": null,
    "desc": "Female"
  },
  "model": "rdrf.cdepermittedvalue",
  "pk": 254
},
{
  "fields": {
    "pv_group": "PVG-FH_FAMILY_YES_NO_UNKNOWN",
    "code": "y_childunder18",
    "questionnaire_value": "",
    "value": "Yes",
    "position": null,
    "desc": "Yes, child aged < 18"
  },
  "model": "rdrf.cdepermittedvalue",
  "pk": 255
},
{
  "fields": {
    "pv_group": "PVG-FH_FAMILY_YES_NO_UNKNOWN",
    "code": "fh_n",
    "questionnaire_value": null,
    "value": "No",
    "position": null,
    "desc": "No"
  },
  "model": "rdrf.cdepermittedvalue",
  "pk": 256
},
{
  "fields": {
    "pv_group": "PVG-FH_FAMILY_YES_NO_UNKNOWN",
    "code": "fh_u",
    "questionnaire_value": null,
    "value": "Unknown",
    "position": null,
    "desc": "Unknown"
  },
  "model": "rdrf.cdepermittedvalue",
  "pk": 257
},
{
  "fields": {
    "pv_group": "ApheresisType",
    "code": "HeparinInducedLDLprecipitation",
    "questionnaire_value": null,
    "value": "Heparin-induced LDL precipitation",
    "position": null,
    "desc": "Heparin-induced LDL precipitation"
  },
  "model": "rdrf.cdepermittedvalue",
  "pk": 258
},
{
  "fields": {
    "pv_group": "ApheresisType",
    "code": "Immunoadsorption",
    "questionnaire_value": null,
    "value": "Immunoadsorption",
    "position": null,
    "desc": "Immunoadsorption"
  },
  "model": "rdrf.cdepermittedvalue",
  "pk": 259
},
{
  "fields": {
    "pv_group": "ApheresisType",
    "code": "DextranSulphateLDLAdsorption",
    "questionnaire_value": null,
    "value": "Dextran sulphate LDL adsorption",
    "position": null,
    "desc": "Dextran sulphate LDL adsorption"
  },
  "model": "rdrf.cdepermittedvalue",
  "pk": 260
},
{
  "fields": {
    "pv_group": "ApheresisType",
    "code": "MembraneDifferentialFiltration",
    "questionnaire_value": null,
    "value": "Membrane Differential Filtration",
    "position": null,
    "desc": "Membrane differential filtration"
  },
  "model": "rdrf.cdepermittedvalue",
  "pk": 261
},
{
  "fields": {
    "pv_group": "ApheresisType",
    "code": "ApheresisTypePlasmaExchange",
    "questionnaire_value": null,
    "value": "Plasma Exchange",
    "position": 2,
    "desc": "Plasma Exchange"
  },
  "model": "rdrf.cdepermittedvalue",
  "pk": 262
},
{
  "fields": {
    "pv_group": "ApheresisType",
    "code": "HaemoperfusionLDLDirectAdsorp",
    "questionnaire_value": null,
    "value": "Haemoperfusion with direct LDL adsorption",
    "position": null,
    "desc": "Haemoperfusion with direct LDL adsorption"
  },
  "model": "rdrf.cdepermittedvalue",
  "pk": 263
},
{
  "fields": {
    "pv_group": "PVG-YES_NO_UNKNOWN",
    "code": "u_",
    "questionnaire_value": "",
    "value": "Unknown",
    "position": 3,
    "desc": "Unknown"
  },
  "model": "rdrf.cdepermittedvalue",
  "pk": 264
},
{
  "fields": {
    "pv_group": "PVG-YES_NO_UNKNOWN",
    "code": "y",
    "questionnaire_value": "",
    "value": "Yes",
    "position": 1,
    "desc": "Yes"
  },
  "model": "rdrf.cdepermittedvalue",
  "pk": 265
},
{
  "fields": {
    "pv_group": "PVG-YES_NO_UNKNOWN",
    "code": "n_",
    "questionnaire_value": "",
    "value": "No",
    "position": 2,
    "desc": "n"
  },
  "model": "rdrf.cdepermittedvalue",
  "pk": 266
},
{
  "fields": {
    "pv_group": "FHIntoleranceBones",
    "code": "Arthritis",
    "questionnaire_value": "",
    "value": "Arthritis",
    "position": 3,
    "desc": "Arthritis"
  },
  "model": "rdrf.cdepermittedvalue",
  "pk": 267
},
{
  "fields": {
    "pv_group": "FHIntoleranceBones",
    "code": "Arthralgia",
    "questionnaire_value": "",
    "value": "Arthralgia",
    "position": 2,
    "desc": "Arthralgia"
  },
  "model": "rdrf.cdepermittedvalue",
  "pk": 268
},
{
  "fields": {
    "pv_group": "FHIntoleranceBones",
    "code": "Tendinitis",
    "questionnaire_value": "",
    "value": "Tendinitis",
    "position": 1,
    "desc": "Tendinitis"
  },
  "model": "rdrf.cdepermittedvalue",
  "pk": 269
},
{
  "fields": {
    "pv_group": "FHIntoleranceDose",
    "code": "1mg",
    "questionnaire_value": "",
    "value": "1mg",
    "position": 1,
    "desc": "1mg"
  },
  "model": "rdrf.cdepermittedvalue",
  "pk": 270
},
{
  "fields": {
    "pv_group": "FHIntoleranceDose",
    "code": "2mg",
    "questionnaire_value": "",
    "value": "2mg",
    "position": 2,
    "desc": "2mg"
  },
  "model": "rdrf.cdepermittedvalue",
  "pk": 271
},
{
  "fields": {
    "pv_group": "FHIntoleranceDose",
    "code": "4mg",
    "questionnaire_value": "",
    "value": "4mg",
    "position": 3,
    "desc": "4mg"
  },
  "model": "rdrf.cdepermittedvalue",
  "pk": 272
},
{
  "fields": {
    "pv_group": "FHIntoleranceDose",
    "code": "5mg",
    "questionnaire_value": "",
    "value": "5mg",
    "position": 4,
    "desc": "5mg"
  },
  "model": "rdrf.cdepermittedvalue",
  "pk": 273
},
{
  "fields": {
    "pv_group": "FHIntoleranceDose",
    "code": "Unknown",
    "questionnaire_value": "",
    "value": "Unknown",
    "position": 17,
    "desc": "Unknown"
  },
  "model": "rdrf.cdepermittedvalue",
  "pk": 274
},
{
  "fields": {
    "pv_group": "FHIntoleranceDose",
    "code": "8000mg",
    "questionnaire_value": "",
    "value": "8000mg",
    "position": 16,
    "desc": "8000mg"
  },
  "model": "rdrf.cdepermittedvalue",
  "pk": 275
},
{
  "fields": {
    "pv_group": "FHIntoleranceDose",
    "code": "4000mg",
    "questionnaire_value": "",
    "value": "4000mg",
    "position": 15,
    "desc": "4000mg"
  },
  "model": "rdrf.cdepermittedvalue",
  "pk": 276
},
{
  "fields": {
    "pv_group": "FHIntoleranceDose",
    "code": "2000mg",
    "questionnaire_value": "",
    "value": "2000mg",
    "position": 14,
    "desc": "2000mg"
  },
  "model": "rdrf.cdepermittedvalue",
  "pk": 277
},
{
  "fields": {
    "pv_group": "FHIntoleranceDose",
    "code": "1500mg",
    "questionnaire_value": "",
    "value": "1500mg",
    "position": 13,
    "desc": "1500mg"
  },
  "model": "rdrf.cdepermittedvalue",
  "pk": 278
},
{
  "fields": {
    "pv_group": "FHIntoleranceDose",
    "code": "1000mg",
    "questionnaire_value": "",
    "value": "1000mg",
    "position": 12,
    "desc": "1000mg"
  },
  "model": "rdrf.cdepermittedvalue",
  "pk": 279
},
{
  "fields": {
    "pv_group": "FHIntoleranceDose",
    "code": "40mg",
    "questionnaire_value": "",
    "value": "40mg",
    "position": 7,
    "desc": "40mg"
  },
  "model": "rdrf.cdepermittedvalue",
  "pk": 280
},
{
  "fields": {
    "pv_group": "FHIntoleranceDose",
    "code": "20mg",
    "questionnaire_value": "",
    "value": "20mg",
    "position": 6,
    "desc": "20mg"
  },
  "model": "rdrf.cdepermittedvalue",
  "pk": 281
},
{
  "fields": {
    "pv_group": "FHIntoleranceDose",
    "code": "10mg",
    "questionnaire_value": "",
    "value": "10mg",
    "position": 5,
    "desc": "10mg"
  },
  "model": "rdrf.cdepermittedvalue",
  "pk": 282
},
{
  "fields": {
    "pv_group": "FHIntoleranceDose",
    "code": "600mg",
    "questionnaire_value": "",
    "value": "600mg",
    "position": 11,
    "desc": "600mg"
  },
  "model": "rdrf.cdepermittedvalue",
  "pk": 283
},
{
  "fields": {
    "pv_group": "FHIntoleranceDose",
    "code": "500mg",
    "questionnaire_value": "",
    "value": "500mg",
    "position": 10,
    "desc": "500mg"
  },
  "model": "rdrf.cdepermittedvalue",
  "pk": 284
},
{
  "fields": {
    "pv_group": "FHIntoleranceDose",
    "code": "145mg",
    "questionnaire_value": "",
    "value": "145mg",
    "position": 9,
    "desc": "145mg"
  },
  "model": "rdrf.cdepermittedvalue",
  "pk": 285
},
{
  "fields": {
    "pv_group": "FHIntoleranceDose",
    "code": "80mg",
    "questionnaire_value": "",
    "value": "80mg",
    "position": 8,
    "desc": "80mg"
  },
  "model": "rdrf.cdepermittedvalue",
  "pk": 286
},
{
  "fields": {
    "pv_group": "FHFounderEffectOrigin",
    "code": "FHFEODutchAfrikaaners",
    "questionnaire_value": "",
    "value": "Dutch Afrikaaners",
    "position": 3,
    "desc": "Dutch Afrikaaners"
  },
  "model": "rdrf.cdepermittedvalue",
  "pk": 287
},
{
  "fields": {
    "pv_group": "FHFounderEffectOrigin",
    "code": "FHFEOSAAshkenaziJews",
    "questionnaire_value": "",
    "value": "South African Ashkenazi Jews",
    "position": 4,
    "desc": "South African Ashkenazi Jews"
  },
  "model": "rdrf.cdepermittedvalue",
  "pk": 288
},
{
  "fields": {
    "pv_group": "FHFounderEffectOrigin",
    "code": "FHFEOTunisian",
    "questionnaire_value": "",
    "value": "Tunisian",
    "position": 5,
    "desc": "Tunisian"
  },
  "model": "rdrf.cdepermittedvalue",
  "pk": 289
},
{
  "fields": {
    "pv_group": "FHFounderEffectOrigin",
    "code": "FHFEOFrenchCanadian",
    "questionnaire_value": "",
    "value": "French Canadian",
    "position": 6,
    "desc": "French Canadian"
  },
  "model": "rdrf.cdepermittedvalue",
  "pk": 290
},
{
  "fields": {
    "pv_group": "FHFounderEffectOrigin",
    "code": "FHFEOOther",
    "questionnaire_value": "",
    "value": "Other",
    "position": 7,
    "desc": "Other"
  },
  "model": "rdrf.cdepermittedvalue",
  "pk": 291
},
{
  "fields": {
    "pv_group": "FHFounderEffectOrigin",
    "code": "FHFEONo",
    "questionnaire_value": "",
    "value": "No",
    "position": 1,
    "desc": "No"
  },
  "model": "rdrf.cdepermittedvalue",
  "pk": 292
},
{
  "fields": {
    "pv_group": "FHFounderEffectOrigin",
    "code": "FHFEOChristianLebanese",
    "questionnaire_value": "",
    "value": "Christian Lebanese",
    "position": 2,
    "desc": "Christian Lebanese"
  },
  "model": "rdrf.cdepermittedvalue",
  "pk": 293
},
{
  "fields": {
    "pv_group": "FHSmoking",
    "code": "FHSmokingYes",
    "questionnaire_value": "Yes",
    "value": "Yes",
    "position": 0,
    "desc": "Yes"
  },
  "model": "rdrf.cdepermittedvalue",
  "pk": 294
},
{
  "fields": {
    "pv_group": "FHSmoking",
    "code": "FHSmokingExSmoker",
    "questionnaire_value": "Ex-smoker",
    "value": "Ex-smoker",
    "position": 2,
    "desc": "Ex-smoker"
  },
  "model": "rdrf.cdepermittedvalue",
  "pk": 295
},
{
  "fields": {
    "pv_group": "FHSmoking",
    "code": "FHSmokingNever",
    "questionnaire_value": "Never",
    "value": "Never",
    "position": 1,
    "desc": "Never"
  },
  "model": "rdrf.cdepermittedvalue",
  "pk": 296
},
{
  "fields": {
    "pv_group": "FHHyporthyroidism",
    "code": "HypothyroidismUnknown",
    "questionnaire_value": "",
    "value": "Unknown",
    "position": 4,
    "desc": "Unknown"
  },
  "model": "rdrf.cdepermittedvalue",
  "pk": 297
},
{
  "fields": {
    "pv_group": "FHHyporthyroidism",
    "code": "HypothyroidismNo",
    "questionnaire_value": "",
    "value": "No",
    "position": 3,
    "desc": "No"
  },
  "model": "rdrf.cdepermittedvalue",
  "pk": 298
},
{
  "fields": {
    "pv_group": "FHHyporthyroidism",
    "code": "HypothyroidismYesUntreated",
    "questionnaire_value": "",
    "value": "Yes - untreated",
    "position": 2,
    "desc": "Yes - untreated"
  },
  "model": "rdrf.cdepermittedvalue",
  "pk": 299
},
{
  "fields": {
    "pv_group": "FHHyporthyroidism",
    "code": "HypothyroidismYesTreated",
    "questionnaire_value": "",
    "value": "Yes - treated",
    "position": 1,
    "desc": "Yes - treated"
  },
  "model": "rdrf.cdepermittedvalue",
  "pk": 300
},
{
  "fields": {
    "pv_group": "FHClinicDischarge",
    "code": "FHDIschargedUnknown",
    "questionnaire_value": "",
    "value": "Unknown",
    "position": 5,
    "desc": "Unknown"
  },
  "model": "rdrf.cdepermittedvalue",
  "pk": 301
},
{
  "fields": {
    "pv_group": "FHClinicDischarge",
    "code": "FHDischargedNoFollow",
    "questionnaire_value": "",
    "value": "No - but lost to follow-up",
    "position": 4,
    "desc": "No - but lost to follow-up"
  },
  "model": "rdrf.cdepermittedvalue",
  "pk": 302
},
{
  "fields": {
    "pv_group": "FHClinicDischarge",
    "code": "FHDischargedNo",
    "questionnaire_value": "",
    "value": "No - remains in clinic",
    "position": 3,
    "desc": "No - remains in clinic"
  },
  "model": "rdrf.cdepermittedvalue",
  "pk": 303
},
{
  "fields": {
    "pv_group": "FHClinicDischarge",
    "code": "FHDischargedYesSpec",
    "questionnaire_value": "",
    "value": "Yes - to specialist",
    "position": 2,
    "desc": "Yes - to specialist"
  },
  "model": "rdrf.cdepermittedvalue",
  "pk": 304
},
{
  "fields": {
    "pv_group": "FHClinicDischarge",
    "code": "FHDischargedYes",
    "questionnaire_value": "",
    "value": "Yes - to GP",
    "position": 1,
    "desc": "Yes - to GP"
  },
  "model": "rdrf.cdepermittedvalue",
  "pk": 305
},
{
  "fields": {
    "pv_group": "ApheresisFrequency",
    "code": "ApheresisEvery3weeks",
    "questionnaire_value": "",
    "value": "Once every 3 weeks",
    "position": 3,
    "desc": "Once every 3 weeks"
  },
  "model": "rdrf.cdepermittedvalue",
  "pk": 229
},
{
  "fields": {
    "pv_group": "ApheresisFrequency",
    "code": "ApheresisFortnightly",
    "questionnaire_value": "",
    "value": "Once every 2 weeks",
    "position": 2,
    "desc": "Once every 2 weeks"
  },
  "model": "rdrf.cdepermittedvalue",
  "pk": 230
},
{
  "fields": {
    "pv_group": "ApheresisFrequency",
    "code": "ApheresisEvery4weeks",
    "questionnaire_value": "",
    "value": "Once every 4 weeks",
    "position": 4,
    "desc": "Once every 4 weeks"
  },
  "model": "rdrf.cdepermittedvalue",
  "pk": 231
},
{
  "fields": {
    "pv_group": "PVG-FH-IndexOrRelative",
    "code": "fh_is_relative",
    "questionnaire_value": "",
    "value": "relative",
    "position": 2,
    "desc": "relative"
  },
  "model": "rdrf.cdepermittedvalue",
  "pk": 232
},
{
  "fields": {
    "pv_group": "PVG-FH-IndexOrRelative",
    "code": "fh_is_index",
    "questionnaire_value": "",
    "value": "index",
    "position": 1,
    "desc": "index"
  },
  "model": "rdrf.cdepermittedvalue",
  "pk": 233
},
{
  "fields": {
    "pv_group": "FHPremCVD2",
    "code": "fhpremcvd_unknown",
    "questionnaire_value": null,
    "value": "Unknown",
    "position": 4,
    "desc": "Unknown"
  },
  "model": "rdrf.cdepermittedvalue",
  "pk": 234
},
{
  "fields": {
    "pv_group": "FHPremCVD2",
    "code": "fhpremcvd_no",
    "questionnaire_value": "",
    "value": "No",
    "position": 3,
    "desc": "No"
  },
  "model": "rdrf.cdepermittedvalue",
  "pk": 236
}
]
