[
{
  "fields": {},
  "model": "rdrf.cdepermittedvaluegroup",
  "pk": "FHIntoleranceRepro"
},
{
  "fields": {},
  "model": "rdrf.cdepermittedvaluegroup",
  "pk": "FHCoronaryArteryDisease"
},
{
  "fields": {},
  "model": "rdrf.cdepermittedvaluegroup",
  "pk": "FHIntoleranceRespiratory"
},
{
  "fields": {},
  "model": "rdrf.cdepermittedvaluegroup",
  "pk": "FHAlcohol"
},
{
  "fields": {},
  "model": "rdrf.cdepermittedvaluegroup",
  "pk": "MutationType"
},
{
  "fields": {},
  "model": "rdrf.cdepermittedvaluegroup",
  "pk": "FHIntoleranceNeuro"
},
{
  "fields": {},
  "model": "rdrf.cdepermittedvaluegroup",
  "pk": "State"
},
{
  "fields": {},
  "model": "rdrf.cdepermittedvaluegroup",
  "pk": "FHIntoleranceEye"
},
{
  "fields": {},
  "model": "rdrf.cdepermittedvaluegroup",
  "pk": "FHWeightStatus"
},
{
  "fields": {},
  "model": "rdrf.cdepermittedvaluegroup",
  "pk": "Timeframe"
},
{
  "fields": {},
  "model": "rdrf.cdepermittedvaluegroup",
  "pk": "FHClinicalTrial"
},
{
  "fields": {},
  "model": "rdrf.cdepermittedvaluegroup",
  "pk": "FALipidTherapy"
},
{
  "fields": {},
  "model": "rdrf.cdepermittedvaluegroup",
  "pk": "FHIntoleranceSkin"
},
{
  "fields": {},
  "model": "rdrf.cdepermittedvaluegroup",
  "pk": "FHPathogenicity"
},
{
  "fields": {},
  "model": "rdrf.cdepermittedvaluegroup",
  "pk": "PVG-FH_GENETIC_VARIANT"
},
{
  "fields": {},
  "model": "rdrf.cdepermittedvaluegroup",
  "pk": "FHIntoleranceMuscle"
},
{
  "fields": {},
  "model": "rdrf.cdepermittedvaluegroup",
  "pk": "AddressType"
},
{
  "fields": {},
  "model": "rdrf.cdepermittedvaluegroup",
  "pk": "FHIntoleranceGI"
},
{
  "fields": {},
  "model": "rdrf.cdepermittedvaluegroup",
  "pk": "FHIntoleranceHepatic"
},
{
  "fields": {},
  "model": "rdrf.cdepermittedvaluegroup",
  "pk": "MedicalTest"
},
{
  "fields": {},
  "model": "rdrf.cdepermittedvaluegroup",
  "pk": "FHIntoleranceEndocrine"
},
{
  "fields": {},
  "model": "rdrf.cdepermittedvaluegroup",
  "pk": "FHSCdeath"
},
{
  "fields": {},
  "model": "rdrf.cdepermittedvaluegroup",
  "pk": "FHDiabeticdrugs"
},
{
  "fields": {},
  "model": "rdrf.cdepermittedvaluegroup",
  "pk": "FHIntoleranceRenal"
},
{
  "fields": {},
  "model": "rdrf.cdepermittedvaluegroup",
  "pk": "fh_yes_no"
},
{
  "fields": {},
  "model": "rdrf.cdepermittedvaluegroup",
  "pk": "FHLipidTherapyNone"
},
{
  "fields": {},
  "model": "rdrf.cdepermittedvaluegroup",
  "pk": "FHDrugIntolerance"
},
{
  "fields": {},
  "model": "rdrf.cdepermittedvaluegroup",
  "pk": "Compliance"
},
{
  "fields": {},
  "model": "rdrf.cdepermittedvaluegroup",
  "pk": "FHCoronaryRevasc"
},
{
  "fields": {},
  "model": "rdrf.cdepermittedvaluegroup",
  "pk": "Country"
},
{
  "fields": {},
  "model": "rdrf.cdepermittedvaluegroup",
  "pk": "FHFamHist2"
},
{
  "fields": {},
  "model": "rdrf.cdepermittedvaluegroup",
  "pk": "FHAntithrombotic"
},
{
  "fields": {},
  "model": "rdrf.cdepermittedvaluegroup",
  "pk": "ApheresisFrequency"
},
{
  "fields": {},
  "model": "rdrf.cdepermittedvaluegroup",
  "pk": "PVG-FH-IndexOrRelative"
},
{
  "fields": {},
  "model": "rdrf.cdepermittedvaluegroup",
  "pk": "FHPremCVD2"
},
{
  "fields": {},
  "model": "rdrf.cdepermittedvaluegroup",
  "pk": "CorArteryCalcScore"
},
{
  "fields": {},
  "model": "rdrf.cdepermittedvaluegroup",
  "pk": "FHgeneVariant"
},
{
  "fields": {},
  "model": "rdrf.cdepermittedvaluegroup",
  "pk": "FHHypertensiveMed"
},
{
  "fields": {},
  "model": "rdrf.cdepermittedvaluegroup",
  "pk": "Sex"
},
{
  "fields": {},
  "model": "rdrf.cdepermittedvaluegroup",
  "pk": "PVG-FH_FAMILY_YES_NO_UNKNOWN"
},
{
  "fields": {},
  "model": "rdrf.cdepermittedvaluegroup",
  "pk": "ApheresisType"
},
{
  "fields": {},
  "model": "rdrf.cdepermittedvaluegroup",
  "pk": "PVG-YES_NO_UNKNOWN"
},
{
  "fields": {},
  "model": "rdrf.cdepermittedvaluegroup",
  "pk": "FHIntoleranceBones"
},
{
  "fields": {},
  "model": "rdrf.cdepermittedvaluegroup",
  "pk": "FHIntoleranceDose"
},
{
  "fields": {},
  "model": "rdrf.cdepermittedvaluegroup",
  "pk": "FHFounderEffectOrigin"
},
{
  "fields": {},
  "model": "rdrf.cdepermittedvaluegroup",
  "pk": "FHSmoking"
},
{
  "fields": {},
  "model": "rdrf.cdepermittedvaluegroup",
  "pk": "FHHyporthyroidism"
},
{
  "fields": {},
  "model": "rdrf.cdepermittedvaluegroup",
  "pk": "FHClinicDischarge"
}
]
