[
{
  "model": "rdrf.cdepermittedvalue",
  "pk": 156,
  "fields": {
    "code": "Niacin2000",
    "value": "Niacin 2000mg",
    "questionnaire_value": "",
    "desc": "Niacin 2000mg",
    "pv_group": "FHLipidTherapyNone",
    "position": 58
  }
},
{
  "model": "rdrf.cdepermittedvalue",
  "pk": 1,
  "fields": {
    "code": "ReducedTestosterone",
    "value": "Reduced testosterone levels",
    "questionnaire_value": "",
    "desc": "Reduced testosterone levels",
    "pv_group": "FHIntoleranceRepro",
    "position": 4
  }
},
{
  "model": "rdrf.cdepermittedvalue",
  "pk": 2,
  "fields": {
    "code": "Gynecomastia",
    "value": "Gynecomastia",
    "questionnaire_value": "",
    "desc": "Gynecomastia",
    "pv_group": "FHIntoleranceRepro",
    "position": 3
  }
},
{
  "model": "rdrf.cdepermittedvalue",
  "pk": 3,
  "fields": {
    "code": "DecreaseLibido",
    "value": "Decrease libido",
    "questionnaire_value": "",
    "desc": "Decrease libido",
    "pv_group": "FHIntoleranceRepro",
    "position": 2
  }
},
{
  "model": "rdrf.cdepermittedvalue",
  "pk": 4,
  "fields": {
    "code": "ErectileDysfunction",
    "value": "Erectile dysfunction",
    "questionnaire_value": "",
    "desc": "Erectile dysfunction",
    "pv_group": "FHIntoleranceRepro",
    "position": 1
  }
},
{
  "model": "rdrf.cdepermittedvalue",
  "pk": 5,
  "fields": {
    "code": "Defined",
    "value": "Defined by imaging/functional test(s) (if checked, please enter results into Imaging Module)",
    "questionnaire_value": "",
    "desc": "Defined by imaging/functional test(s) (if checked, please enter results into Imaging Module)",
    "pv_group": "FHCoronaryArteryDisease",
    "position": 1
  }
},
{
  "model": "rdrf.cdepermittedvalue",
  "pk": 6,
  "fields": {
    "code": "Angina",
    "value": "Angina pectoris",
    "questionnaire_value": "",
    "desc": "Angina pectoris",
    "pv_group": "FHCoronaryArteryDisease",
    "position": 2
  }
},
{
  "model": "rdrf.cdepermittedvalue",
  "pk": 7,
  "fields": {
    "code": "Rhinitis",
    "value": "Rhinitis",
    "questionnaire_value": "",
    "desc": "Rhinitis",
    "pv_group": "FHIntoleranceRespiratory",
    "position": 3
  }
},
{
  "model": "rdrf.cdepermittedvalue",
  "pk": 8,
  "fields": {
    "code": "Pharyngitis",
    "value": "Pharyngitis",
    "questionnaire_value": "",
    "desc": "Pharyngitis",
    "pv_group": "FHIntoleranceRespiratory",
    "position": 2
  }
},
{
  "model": "rdrf.cdepermittedvalue",
  "pk": 9,
  "fields": {
    "code": "UpperResp",
    "value": "Upper respiratory tract infection",
    "questionnaire_value": "",
    "desc": "Upper respiratory tract infection",
    "pv_group": "FHIntoleranceRespiratory",
    "position": 1
  }
},
{
  "model": "rdrf.cdepermittedvalue",
  "pk": 10,
  "fields": {
    "code": "AlcoholFormer",
    "value": "Former",
    "questionnaire_value": "",
    "desc": "Former",
    "pv_group": "FHAlcohol",
    "position": 6
  }
},
{
  "model": "rdrf.cdepermittedvalue",
  "pk": 11,
  "fields": {
    "code": "AlcoholNever",
    "value": "Never",
    "questionnaire_value": "",
    "desc": "Never",
    "pv_group": "FHAlcohol",
    "position": 4
  }
},
{
  "model": "rdrf.cdepermittedvalue",
  "pk": 12,
  "fields": {
    "code": "AlcoholOccasional",
    "value": "Yes - occasional",
    "questionnaire_value": "",
    "desc": "Yes - occasional",
    "pv_group": "FHAlcohol",
    "position": 3
  }
},
{
  "model": "rdrf.cdepermittedvalue",
  "pk": 13,
  "fields": {
    "code": "AlcoholOnce",
    "value": "Yes - once/twice a week",
    "questionnaire_value": "",
    "desc": "Yes - once/twice a week",
    "pv_group": "FHAlcohol",
    "position": 2
  }
},
{
  "model": "rdrf.cdepermittedvalue",
  "pk": 14,
  "fields": {
    "code": "AlcoholYesDaily",
    "value": "Yes - daily",
    "questionnaire_value": "",
    "desc": "Yes - daily",
    "pv_group": "FHAlcohol",
    "position": 1
  }
},
{
  "model": "rdrf.cdepermittedvalue",
  "pk": 15,
  "fields": {
    "code": "MTNoVariant",
    "value": "No variant identified",
    "questionnaire_value": "",
    "desc": "No variant identified",
    "pv_group": "MutationType",
    "position": 1
  }
},
{
  "model": "rdrf.cdepermittedvalue",
  "pk": 16,
  "fields": {
    "code": "MTHeterozygous",
    "value": "Heterozygous",
    "questionnaire_value": "",
    "desc": "Heterozygous",
    "pv_group": "MutationType",
    "position": 2
  }
},
{
  "model": "rdrf.cdepermittedvalue",
  "pk": 17,
  "fields": {
    "code": "MTCompoundHeterozygous",
    "value": "Compound Heterozygous",
    "questionnaire_value": "",
    "desc": "Compound Heterozygous",
    "pv_group": "MutationType",
    "position": 3
  }
},
{
  "model": "rdrf.cdepermittedvalue",
  "pk": 18,
  "fields": {
    "code": "MTHomozygous",
    "value": "Homozygous",
    "questionnaire_value": "",
    "desc": "Homozygous",
    "pv_group": "MutationType",
    "position": 4
  }
},
{
  "model": "rdrf.cdepermittedvalue",
  "pk": 19,
  "fields": {
    "code": "MemoryLoss",
    "value": "Memory loss",
    "questionnaire_value": "",
    "desc": "Memory loss",
    "pv_group": "FHIntoleranceNeuro",
    "position": 12
  }
},
{
  "model": "rdrf.cdepermittedvalue",
  "pk": 20,
  "fields": {
    "code": "Nightmares",
    "value": "Nightmares",
    "questionnaire_value": "",
    "desc": "Nightmares",
    "pv_group": "FHIntoleranceNeuro",
    "position": 11
  }
},
{
  "model": "rdrf.cdepermittedvalue",
  "pk": 21,
  "fields": {
    "code": "Confusion",
    "value": "Confusion",
    "questionnaire_value": "",
    "desc": "Confusion",
    "pv_group": "FHIntoleranceNeuro",
    "position": 10
  }
},
{
  "model": "rdrf.cdepermittedvalue",
  "pk": 22,
  "fields": {
    "code": "Agitation",
    "value": "Agitation",
    "questionnaire_value": "",
    "desc": "Agitation",
    "pv_group": "FHIntoleranceNeuro",
    "position": 9
  }
},
{
  "model": "rdrf.cdepermittedvalue",
  "pk": 23,
  "fields": {
    "code": "Somnolence",
    "value": "Somnolence",
    "questionnaire_value": "",
    "desc": "Somnolence",
    "pv_group": "FHIntoleranceNeuro",
    "position": 8
  }
},
{
  "model": "rdrf.cdepermittedvalue",
  "pk": 24,
  "fields": {
    "code": "Insomnia",
    "value": "Insomnia",
    "questionnaire_value": "",
    "desc": "Insomnia",
    "pv_group": "FHIntoleranceNeuro",
    "position": 7
  }
},
{
  "model": "rdrf.cdepermittedvalue",
  "pk": 25,
  "fields": {
    "code": "Severe irritability",
    "value": "Severe irritability",
    "questionnaire_value": "",
    "desc": "Severe irritability",
    "pv_group": "FHIntoleranceNeuro",
    "position": 6
  }
},
{
  "model": "rdrf.cdepermittedvalue",
  "pk": 26,
  "fields": {
    "code": "Dizziness",
    "value": "Dizziness",
    "questionnaire_value": "",
    "desc": "Dizziness",
    "pv_group": "FHIntoleranceNeuro",
    "position": 4
  }
},
{
  "model": "rdrf.cdepermittedvalue",
  "pk": 27,
  "fields": {
    "code": "Asthenia",
    "value": "Asthenia",
    "questionnaire_value": "",
    "desc": "Asthenia",
    "pv_group": "FHIntoleranceNeuro",
    "position": 3
  }
},
{
  "model": "rdrf.cdepermittedvalue",
  "pk": 28,
  "fields": {
    "code": "Headache",
    "value": "Headache",
    "questionnaire_value": "",
    "desc": "Headache",
    "pv_group": "FHIntoleranceNeuro",
    "position": 2
  }
},
{
  "model": "rdrf.cdepermittedvalue",
  "pk": 29,
  "fields": {
    "code": "AggressiveBehaviour",
    "value": "Aggressive behaviour",
    "questionnaire_value": "",
    "desc": "Aggressive behaviour",
    "pv_group": "FHIntoleranceNeuro",
    "position": 1
  }
},
{
  "model": "rdrf.cdepermittedvalue",
  "pk": 30,
  "fields": {
    "code": "Fatigue",
    "value": "Fatigue",
    "questionnaire_value": "",
    "desc": "Fatigue",
    "pv_group": "FHIntoleranceNeuro",
    "position": 5
  }
},
{
  "model": "rdrf.cdepermittedvalue",
  "pk": 31,
  "fields": {
    "code": "VIC",
    "value": "Victoria",
    "questionnaire_value": null,
    "desc": "Victoria",
    "pv_group": "State",
    "position": null
  }
},
{
  "model": "rdrf.cdepermittedvalue",
  "pk": 32,
  "fields": {
    "code": "TAS",
    "value": "Tasmania",
    "questionnaire_value": null,
    "desc": "Tasmania",
    "pv_group": "State",
    "position": null
  }
},
{
  "model": "rdrf.cdepermittedvalue",
  "pk": 33,
  "fields": {
    "code": "ACT",
    "value": "Australian Capital Territory",
    "questionnaire_value": null,
    "desc": "Australian Capital Territory",
    "pv_group": "State",
    "position": null
  }
},
{
  "model": "rdrf.cdepermittedvalue",
  "pk": 34,
  "fields": {
    "code": "SA",
    "value": "South Australia",
    "questionnaire_value": null,
    "desc": "South Australia",
    "pv_group": "State",
    "position": null
  }
},
{
  "model": "rdrf.cdepermittedvalue",
  "pk": 35,
  "fields": {
    "code": "WA",
    "value": "Western Australia",
    "questionnaire_value": null,
    "desc": "Western Australia",
    "pv_group": "State",
    "position": null
  }
},
{
  "model": "rdrf.cdepermittedvalue",
  "pk": 36,
  "fields": {
    "code": "QLD",
    "value": "Queensland",
    "questionnaire_value": null,
    "desc": "Queensland",
    "pv_group": "State",
    "position": null
  }
},
{
  "model": "rdrf.cdepermittedvalue",
  "pk": 37,
  "fields": {
    "code": "NSW",
    "value": "New South Wales",
    "questionnaire_value": null,
    "desc": "New South Wales",
    "pv_group": "State",
    "position": null
  }
},
{
  "model": "rdrf.cdepermittedvalue",
  "pk": 38,
  "fields": {
    "code": "NT",
    "value": "Northern Territory",
    "questionnaire_value": null,
    "desc": "Northern Territory",
    "pv_group": "State",
    "position": null
  }
},
{
  "model": "rdrf.cdepermittedvalue",
  "pk": 39,
  "fields": {
    "code": "Diplopia",
    "value": "Diplopia, ptosis and ophthalmoplegia",
    "questionnaire_value": "",
    "desc": "Diplopia, ptosis and ophthalmoplegia",
    "pv_group": "FHIntoleranceEye",
    "position": 2
  }
},
{
  "model": "rdrf.cdepermittedvalue",
  "pk": 40,
  "fields": {
    "code": "Cataract",
    "value": "Cataract",
    "questionnaire_value": "",
    "desc": "Cataract",
    "pv_group": "FHIntoleranceEye",
    "position": 1
  }
},
{
  "model": "rdrf.cdepermittedvalue",
  "pk": 41,
  "fields": {
    "code": "FHObese",
    "value": "Obese",
    "questionnaire_value": "",
    "desc": "Obese",
    "pv_group": "FHWeightStatus",
    "position": 4
  }
},
{
  "model": "rdrf.cdepermittedvalue",
  "pk": 42,
  "fields": {
    "code": "FHOverweight",
    "value": "Overweight",
    "questionnaire_value": "",
    "desc": "Overweight",
    "pv_group": "FHWeightStatus",
    "position": 3
  }
},
{
  "model": "rdrf.cdepermittedvalue",
  "pk": 43,
  "fields": {
    "code": "FHHealthyWeight",
    "value": "Healthy weight",
    "questionnaire_value": "",
    "desc": "Healthy weight",
    "pv_group": "FHWeightStatus",
    "position": 2
  }
},
{
  "model": "rdrf.cdepermittedvalue",
  "pk": 44,
  "fields": {
    "code": "FHUnderweight",
    "value": "Underweight",
    "questionnaire_value": "",
    "desc": "Underweight",
    "pv_group": "FHWeightStatus",
    "position": 1
  }
},
{
  "model": "rdrf.cdepermittedvalue",
  "pk": 45,
  "fields": {
    "code": "FHWeeks",
    "value": "Weeks",
    "questionnaire_value": "",
    "desc": "Weeks",
    "pv_group": "Timeframe",
    "position": 2
  }
},
{
  "model": "rdrf.cdepermittedvalue",
  "pk": 46,
  "fields": {
    "code": "FHYears",
    "value": "Years",
    "questionnaire_value": "",
    "desc": "Years",
    "pv_group": "Timeframe",
    "position": 4
  }
},
{
  "model": "rdrf.cdepermittedvalue",
  "pk": 47,
  "fields": {
    "code": "FHMonths",
    "value": "Months",
    "questionnaire_value": "",
    "desc": "Months",
    "pv_group": "Timeframe",
    "position": 3
  }
},
{
  "model": "rdrf.cdepermittedvalue",
  "pk": 48,
  "fields": {
    "code": "FHdays",
    "value": "Days",
    "questionnaire_value": "",
    "desc": "Days",
    "pv_group": "Timeframe",
    "position": 1
  }
},
{
  "model": "rdrf.cdepermittedvalue",
  "pk": 49,
  "fields": {
    "code": "FHOngoing",
    "value": "Ongoing",
    "questionnaire_value": "",
    "desc": "Ongoing",
    "pv_group": "FHClinicalTrial",
    "position": 3
  }
},
{
  "model": "rdrf.cdepermittedvalue",
  "pk": 50,
  "fields": {
    "code": "FHWithdrawn",
    "value": "Withdrawn",
    "questionnaire_value": "",
    "desc": "Withdrawn",
    "pv_group": "FHClinicalTrial",
    "position": 2
  }
},
{
  "model": "rdrf.cdepermittedvalue",
  "pk": 51,
  "fields": {
    "code": "FHCompleted",
    "value": "Completed",
    "questionnaire_value": "",
    "desc": "Completed",
    "pv_group": "FHClinicalTrial",
    "position": 1
  }
},
{
  "model": "rdrf.cdepermittedvalue",
  "pk": 52,
  "fields": {
    "code": "FAPravastatin10",
    "value": "Pravastatin 10mg",
    "questionnaire_value": "",
    "desc": "Pravastatin 10mg",
    "pv_group": "FALipidTherapy",
    "position": 9
  }
},
{
  "model": "rdrf.cdepermittedvalue",
  "pk": 53,
  "fields": {
    "code": "FAEzetimibe/rosuvastatin40",
    "value": "Rosuvastatin 40mg/Ezetimibe 10mg",
    "questionnaire_value": "",
    "desc": "Rosuvastatin 40mg/Ezetimibe 10mg",
    "pv_group": "FALipidTherapy",
    "position": 19
  }
},
{
  "model": "rdrf.cdepermittedvalue",
  "pk": 54,
  "fields": {
    "code": "FAEzetimibe/rosuvastatin20",
    "value": "Rosuvastatin 20mg/Ezetimibe 10mg",
    "questionnaire_value": "",
    "desc": "Rosuvastatin 20mg/Ezetimibe 10mg",
    "pv_group": "FALipidTherapy",
    "position": 18
  }
},
{
  "model": "rdrf.cdepermittedvalue",
  "pk": 55,
  "fields": {
    "code": "FAEzetimibe10",
    "value": "Ezetimibe 10mg",
    "questionnaire_value": "",
    "desc": "Ezetimibe 10mg",
    "pv_group": "FALipidTherapy",
    "position": 28
  }
},
{
  "model": "rdrf.cdepermittedvalue",
  "pk": 56,
  "fields": {
    "code": "FAEzetimibe/rosuvastatin10",
    "value": "Rosuvastatin 10mg/Ezetimibe 10mg",
    "questionnaire_value": "",
    "desc": "Rosuvastatin 10mg/Ezetimibe 10mg",
    "pv_group": "FALipidTherapy",
    "position": 17
  }
},
{
  "model": "rdrf.cdepermittedvalue",
  "pk": 57,
  "fields": {
    "code": "FAEzetimibe/atorvastatin80",
    "value": "Atorvastatin 80mg/Ezetimibe 10mg",
    "questionnaire_value": "",
    "desc": "Atorvastatin 80mg/Ezetimibe 10mg",
    "pv_group": "FALipidTherapy",
    "position": 8
  }
},
{
  "model": "rdrf.cdepermittedvalue",
  "pk": 58,
  "fields": {
    "code": "FAAtorvastatin20",
    "value": " Atorvastatin 20mg",
    "questionnaire_value": "",
    "desc": " Atorvastatin 20mg",
    "pv_group": "FALipidTherapy",
    "position": 2
  }
},
{
  "model": "rdrf.cdepermittedvalue",
  "pk": 59,
  "fields": {
    "code": "FAAtorvastatin10",
    "value": "Atorvastatin 10mg",
    "questionnaire_value": "",
    "desc": "Atorvastatin 10mg",
    "pv_group": "FALipidTherapy",
    "position": 1
  }
},
{
  "model": "rdrf.cdepermittedvalue",
  "pk": 60,
  "fields": {
    "code": "FASimvastatin80",
    "value": "Simvastatin 80mg",
    "questionnaire_value": "",
    "desc": "Simvastatin 80mg",
    "pv_group": "FALipidTherapy",
    "position": 23
  }
},
{
  "model": "rdrf.cdepermittedvalue",
  "pk": 61,
  "fields": {
    "code": "FAEzetimibe/atorvastatin40",
    "value": "Atorvastatin 40mg/Ezetimibe 10mg",
    "questionnaire_value": "",
    "desc": "Atorvastatin 40mg/Ezetimibe 10mg",
    "pv_group": "FALipidTherapy",
    "position": 7
  }
},
{
  "model": "rdrf.cdepermittedvalue",
  "pk": 62,
  "fields": {
    "code": "FAEzetimibe/atorvastatin20",
    "value": "Atorvastatin 20mg/Ezetimibe 10mg",
    "questionnaire_value": "",
    "desc": "Atorvastatin 20mg/Ezetimibe 10mg",
    "pv_group": "FALipidTherapy",
    "position": 6
  }
},
{
  "model": "rdrf.cdepermittedvalue",
  "pk": 63,
  "fields": {
    "code": "FAEzetimibe/atorvastatin10",
    "value": "Atorvastatin 10mg/Ezetimibe 10mg",
    "questionnaire_value": "",
    "desc": "Atorvastatin 10mg/Ezetimibe 10mg",
    "pv_group": "FALipidTherapy",
    "position": 5
  }
},
{
  "model": "rdrf.cdepermittedvalue",
  "pk": 64,
  "fields": {
    "code": "FAEzetimibe/simvastatin80",
    "value": "Simvastatin 80mg/Ezetimibe 10mg",
    "questionnaire_value": "",
    "desc": "Simvastatin 80mg/Ezetimibe 10mg",
    "pv_group": "FALipidTherapy",
    "position": 27
  }
},
{
  "model": "rdrf.cdepermittedvalue",
  "pk": 65,
  "fields": {
    "code": "FAEzetimibe/simvastatin10",
    "value": "Simvastatin 10mg/Ezetimibe 10mg",
    "questionnaire_value": "",
    "desc": "Simvastatin 10mg/Ezetimibe 10mg",
    "pv_group": "FALipidTherapy",
    "position": 24
  }
},
{
  "model": "rdrf.cdepermittedvalue",
  "pk": 66,
  "fields": {
    "code": "FAEzetimibe/simvastatin40",
    "value": "Simvastatin 40mg/Ezetimibe 10mg",
    "questionnaire_value": "",
    "desc": "Simvastatin 40mg/Ezetimibe 10mg",
    "pv_group": "FALipidTherapy",
    "position": 26
  }
},
{
  "model": "rdrf.cdepermittedvalue",
  "pk": 67,
  "fields": {
    "code": "FAEzetimibe/simvastatin20",
    "value": "Simvastatin 20mg/Ezetimibe 10mg",
    "questionnaire_value": "",
    "desc": "Simvastatin 20mg/Ezetimibe 10mg",
    "pv_group": "FALipidTherapy",
    "position": 25
  }
},
{
  "model": "rdrf.cdepermittedvalue",
  "pk": 68,
  "fields": {
    "code": "FASimvastatin40",
    "value": "Simvastatin 40mg",
    "questionnaire_value": "",
    "desc": "Simvastatin 40mg",
    "pv_group": "FALipidTherapy",
    "position": 22
  }
},
{
  "model": "rdrf.cdepermittedvalue",
  "pk": 69,
  "fields": {
    "code": "FASimvastatin20",
    "value": "Simvastatin 20mg",
    "questionnaire_value": "",
    "desc": "Simvastatin 20mg",
    "pv_group": "FALipidTherapy",
    "position": 21
  }
},
{
  "model": "rdrf.cdepermittedvalue",
  "pk": 70,
  "fields": {
    "code": "FASimvastatin10",
    "value": "Simvastatin 10mg",
    "questionnaire_value": "",
    "desc": "Simvastatin 10mg",
    "pv_group": "FALipidTherapy",
    "position": 20
  }
},
{
  "model": "rdrf.cdepermittedvalue",
  "pk": 71,
  "fields": {
    "code": "FARosuvastatin40",
    "value": "Rosuvastatin 40mg",
    "questionnaire_value": "",
    "desc": "Rosuvastatin 40mg",
    "pv_group": "FALipidTherapy",
    "position": 15
  }
},
{
  "model": "rdrf.cdepermittedvalue",
  "pk": 72,
  "fields": {
    "code": "FARosuvastatin20",
    "value": "Rosuvastatin 20mg",
    "questionnaire_value": "",
    "desc": "Rosuvastatin 20mg",
    "pv_group": "FALipidTherapy",
    "position": 14
  }
},
{
  "model": "rdrf.cdepermittedvalue",
  "pk": 73,
  "fields": {
    "code": "FARosuvastatin10",
    "value": "Rosuvastatin 10mg",
    "questionnaire_value": "",
    "desc": "Rosuvastatin 10mg",
    "pv_group": "FALipidTherapy",
    "position": 13
  }
},
{
  "model": "rdrf.cdepermittedvalue",
  "pk": 74,
  "fields": {
    "code": "FARosuvastatin5",
    "value": "Rosuvastatin 5mg",
    "questionnaire_value": "",
    "desc": "Rosuvastatin 5mg",
    "pv_group": "FALipidTherapy",
    "position": 12
  }
},
{
  "model": "rdrf.cdepermittedvalue",
  "pk": 75,
  "fields": {
    "code": "FAAtorvastatin40",
    "value": " Atorvastatin 40mg",
    "questionnaire_value": "",
    "desc": " Atorvastatin 40mg",
    "pv_group": "FALipidTherapy",
    "position": 3
  }
},
{
  "model": "rdrf.cdepermittedvalue",
  "pk": 76,
  "fields": {
    "code": "FAAtorvastatin80",
    "value": " Atorvastatin 80mg",
    "questionnaire_value": "",
    "desc": " Atorvastatin 80mg",
    "pv_group": "FALipidTherapy",
    "position": 4
  }
},
{
  "model": "rdrf.cdepermittedvalue",
  "pk": 77,
  "fields": {
    "code": "FAOther",
    "value": "Other",
    "questionnaire_value": "",
    "desc": "Other",
    "pv_group": "FALipidTherapy",
    "position": 29
  }
},
{
  "model": "rdrf.cdepermittedvalue",
  "pk": 78,
  "fields": {
    "code": "FAPravastatin40",
    "value": "Pravastatin 40mg",
    "questionnaire_value": "",
    "desc": "Pravastatin 40mg",
    "pv_group": "FALipidTherapy",
    "position": 11
  }
},
{
  "model": "rdrf.cdepermittedvalue",
  "pk": 79,
  "fields": {
    "code": "FAPravastatin20",
    "value": "Pravastatin 20mg",
    "questionnaire_value": "",
    "desc": "Pravastatin 20mg",
    "pv_group": "FALipidTherapy",
    "position": 10
  }
},
{
  "model": "rdrf.cdepermittedvalue",
  "pk": 80,
  "fields": {
    "code": "Rash",
    "value": "Rash",
    "questionnaire_value": "",
    "desc": "Rash",
    "pv_group": "FHIntoleranceSkin",
    "position": 1
  }
},
{
  "model": "rdrf.cdepermittedvalue",
  "pk": 81,
  "fields": {
    "code": "Not pathogenic",
    "value": "Not pathogenic",
    "questionnaire_value": "",
    "desc": "Not pathogenic",
    "pv_group": "FHPathogenicity",
    "position": 2
  }
},
{
  "model": "rdrf.cdepermittedvalue",
  "pk": 82,
  "fields": {
    "code": "Uncertain",
    "value": "Variant of uncertain significance",
    "questionnaire_value": "",
    "desc": "Variant of uncertain significance",
    "pv_group": "FHPathogenicity",
    "position": 3
  }
},
{
  "model": "rdrf.cdepermittedvalue",
  "pk": 83,
  "fields": {
    "code": "Pathogenic",
    "value": "Pathogenic",
    "questionnaire_value": "",
    "desc": "Pathogenic",
    "pv_group": "FHPathogenicity",
    "position": 1
  }
},
{
  "model": "rdrf.cdepermittedvalue",
  "pk": 84,
  "fields": {
    "code": "gen_yes",
    "value": "Yes",
    "questionnaire_value": "",
    "desc": "Yes",
    "pv_group": "PVG-FH_GENETIC_VARIANT",
    "position": 1
  }
},
{
  "model": "rdrf.cdepermittedvalue",
  "pk": 85,
  "fields": {
    "code": "gen_not_consented",
    "value": "No \u2013 not consented",
    "questionnaire_value": "",
    "desc": "No \u2013 not consented",
    "pv_group": "PVG-FH_GENETIC_VARIANT",
    "position": 3
  }
},
{
  "model": "rdrf.cdepermittedvalue",
  "pk": 86,
  "fields": {
    "code": "gen_no_notoffered",
    "value": "No \u2013 not offered",
    "questionnaire_value": "",
    "desc": "No \u2013 not offered",
    "pv_group": "PVG-FH_GENETIC_VARIANT",
    "position": 4
  }
},
{
  "model": "rdrf.cdepermittedvalue",
  "pk": 87,
  "fields": {
    "code": "gen_no_service_not_available",
    "value": "No \u2013 service not available",
    "questionnaire_value": "",
    "desc": "No \u2013 service not available",
    "pv_group": "PVG-FH_GENETIC_VARIANT",
    "position": 2
  }
},
{
  "model": "rdrf.cdepermittedvalue",
  "pk": 88,
  "fields": {
    "code": "Muscle tenderness",
    "value": "Muscle tenderness",
    "questionnaire_value": "",
    "desc": "Muscle tenderness",
    "pv_group": "FHIntoleranceMuscle",
    "position": 4
  }
},
{
  "model": "rdrf.cdepermittedvalue",
  "pk": 89,
  "fields": {
    "code": "Fatigue",
    "value": "Fatigue",
    "questionnaire_value": "",
    "desc": "Fatigue",
    "pv_group": "FHIntoleranceMuscle",
    "position": 1
  }
},
{
  "model": "rdrf.cdepermittedvalue",
  "pk": 90,
  "fields": {
    "code": "Muscle pain",
    "value": "Muscle pain",
    "questionnaire_value": "",
    "desc": "Muscle pain",
    "pv_group": "FHIntoleranceMuscle",
    "position": 2
  }
},
{
  "model": "rdrf.cdepermittedvalue",
  "pk": 91,
  "fields": {
    "code": "Muscle weakness",
    "value": "Muscle weakness",
    "questionnaire_value": "",
    "desc": "Muscle weakness",
    "pv_group": "FHIntoleranceMuscle",
    "position": 3
  }
},
{
  "model": "rdrf.cdepermittedvalue",
  "pk": 92,
  "fields": {
    "code": "Necrotizing myositis",
    "value": "Necrotizing myositis",
    "questionnaire_value": "",
    "desc": "Necrotizing myositis",
    "pv_group": "FHIntoleranceMuscle",
    "position": 13
  }
},
{
  "model": "rdrf.cdepermittedvalue",
  "pk": 93,
  "fields": {
    "code": "Autoimmune-mediated",
    "value": "Autoimmune-mediated",
    "questionnaire_value": "",
    "desc": "Autoimmune-mediated",
    "pv_group": "FHIntoleranceMuscle",
    "position": 12
  }
},
{
  "model": "rdrf.cdepermittedvalue",
  "pk": 94,
  "fields": {
    "code": "Rhabdomyolysis",
    "value": "Rhabdomyolysis",
    "questionnaire_value": "",
    "desc": "Rhabdomyolysis",
    "pv_group": "FHIntoleranceMuscle",
    "position": 11
  }
},
{
  "model": "rdrf.cdepermittedvalue",
  "pk": 95,
  "fields": {
    "code": "Severe myopathy",
    "value": "Severe myopathy",
    "questionnaire_value": "",
    "desc": "Severe myopathy",
    "pv_group": "FHIntoleranceMuscle",
    "position": 10
  }
},
{
  "model": "rdrf.cdepermittedvalue",
  "pk": 96,
  "fields": {
    "code": "Myopathy",
    "value": "Myopathy",
    "questionnaire_value": "",
    "desc": "Myopathy",
    "pv_group": "FHIntoleranceMuscle",
    "position": 9
  }
},
{
  "model": "rdrf.cdepermittedvalue",
  "pk": 97,
  "fields": {
    "code": "Myalgia, intolerable ",
    "value": "Myalgia, intolerable ",
    "questionnaire_value": "",
    "desc": "Myalgia, intolerable ",
    "pv_group": "FHIntoleranceMuscle",
    "position": 8
  }
},
{
  "model": "rdrf.cdepermittedvalue",
  "pk": 98,
  "fields": {
    "code": "Myalgia, tolerable ",
    "value": "Myalgia, tolerable ",
    "questionnaire_value": "",
    "desc": "Myalgia, tolerable ",
    "pv_group": "FHIntoleranceMuscle",
    "position": 7
  }
},
{
  "model": "rdrf.cdepermittedvalue",
  "pk": 99,
  "fields": {
    "code": "CK elevation",
    "value": "CK elevation",
    "questionnaire_value": "",
    "desc": "CK elevation",
    "pv_group": "FHIntoleranceMuscle",
    "position": 6
  }
},
{
  "model": "rdrf.cdepermittedvalue",
  "pk": 100,
  "fields": {
    "code": "Cramps",
    "value": "Cramps",
    "questionnaire_value": "",
    "desc": "Cramps",
    "pv_group": "FHIntoleranceMuscle",
    "position": 5
  }
},
{
  "model": "rdrf.cdepermittedvalue",
  "pk": 101,
  "fields": {
    "code": "AddressTypePostal",
    "value": "Postal",
    "questionnaire_value": "Postal",
    "desc": "Postal",
    "pv_group": "AddressType",
    "position": 2
  }
},
{
  "model": "rdrf.cdepermittedvalue",
  "pk": 102,
  "fields": {
    "code": "AddressTypeHome",
    "value": "Home",
    "questionnaire_value": "Home",
    "desc": "Home",
    "pv_group": "AddressType",
    "position": 1
  }
},
{
  "model": "rdrf.cdepermittedvalue",
  "pk": 103,
  "fields": {
    "code": "Heartburn",
    "value": "Heartburn",
    "questionnaire_value": "",
    "desc": "Heartburn",
    "pv_group": "FHIntoleranceGI",
    "position": 5
  }
},
{
  "model": "rdrf.cdepermittedvalue",
  "pk": 104,
  "fields": {
    "code": "Flatulence",
    "value": "Flatulence",
    "questionnaire_value": "",
    "desc": "Flatulence",
    "pv_group": "FHIntoleranceGI",
    "position": 4
  }
},
{
  "model": "rdrf.cdepermittedvalue",
  "pk": 105,
  "fields": {
    "code": "Dyspepsia",
    "value": "Dyspepsia",
    "questionnaire_value": "",
    "desc": "Dyspepsia",
    "pv_group": "FHIntoleranceGI",
    "position": 3
  }
},
{
  "model": "rdrf.cdepermittedvalue",
  "pk": 106,
  "fields": {
    "code": "Diarrhoea",
    "value": "Diarrhoea",
    "questionnaire_value": "",
    "desc": "Diarrhoea",
    "pv_group": "FHIntoleranceGI",
    "position": 2
  }
},
{
  "model": "rdrf.cdepermittedvalue",
  "pk": 107,
  "fields": {
    "code": "Constipation",
    "value": "Constipation",
    "questionnaire_value": "",
    "desc": "Constipation",
    "pv_group": "FHIntoleranceGI",
    "position": 1
  }
},
{
  "model": "rdrf.cdepermittedvalue",
  "pk": 108,
  "fields": {
    "code": "Vomiting",
    "value": "Vomiting",
    "questionnaire_value": "",
    "desc": "Vomiting",
    "pv_group": "FHIntoleranceGI",
    "position": 7
  }
},
{
  "model": "rdrf.cdepermittedvalue",
  "pk": 109,
  "fields": {
    "code": "Nausea",
    "value": "Nausea",
    "questionnaire_value": "",
    "desc": "Nausea",
    "pv_group": "FHIntoleranceGI",
    "position": 6
  }
},
{
  "model": "rdrf.cdepermittedvalue",
  "pk": 110,
  "fields": {
    "code": "IncreasedActivity",
    "value": "Increased activity of liver enzymes",
    "questionnaire_value": "",
    "desc": "Increased activity of liver enzymes",
    "pv_group": "FHIntoleranceHepatic",
    "position": 2
  }
},
{
  "model": "rdrf.cdepermittedvalue",
  "pk": 111,
  "fields": {
    "code": "Hepatotoxicity",
    "value": "Hepatotoxicity",
    "questionnaire_value": "",
    "desc": "Hepatotoxicity",
    "pv_group": "FHIntoleranceHepatic",
    "position": 1
  }
},
{
  "model": "rdrf.cdepermittedvalue",
  "pk": 112,
  "fields": {
    "code": "MedicalTestNo",
    "value": "No",
    "questionnaire_value": "",
    "desc": "No",
    "pv_group": "MedicalTest",
    "position": 3
  }
},
{
  "model": "rdrf.cdepermittedvalue",
  "pk": 113,
  "fields": {
    "code": "MedicalTestNormal",
    "value": "Yes - Normal",
    "questionnaire_value": "",
    "desc": "Yes - Normal",
    "pv_group": "MedicalTest",
    "position": 1
  }
},
{
  "model": "rdrf.cdepermittedvalue",
  "pk": 114,
  "fields": {
    "code": "MedicalTestAbnormal",
    "value": "Yes - Abnormal",
    "questionnaire_value": "",
    "desc": "Yes - Abnormal",
    "pv_group": "MedicalTest",
    "position": 2
  }
},
{
  "model": "rdrf.cdepermittedvalue",
  "pk": 115,
  "fields": {
    "code": "MedicalTestUnknown",
    "value": "Unknown",
    "questionnaire_value": "",
    "desc": "Unknown",
    "pv_group": "MedicalTest",
    "position": 4
  }
},
{
  "model": "rdrf.cdepermittedvalue",
  "pk": 116,
  "fields": {
    "code": "Diabetes",
    "value": "New onset diabetes",
    "questionnaire_value": "",
    "desc": "New onset diabetes",
    "pv_group": "FHIntoleranceEndocrine",
    "position": 1
  }
},
{
  "model": "rdrf.cdepermittedvalue",
  "pk": 117,
  "fields": {
    "code": "FHOther",
    "value": "Other",
    "questionnaire_value": "",
    "desc": "Other",
    "pv_group": "FHSCdeath",
    "position": 8
  }
},
{
  "model": "rdrf.cdepermittedvalue",
  "pk": 118,
  "fields": {
    "code": "Cancer",
    "value": "Cancer",
    "questionnaire_value": "",
    "desc": "Cancer",
    "pv_group": "FHSCdeath",
    "position": 7
  }
},
{
  "model": "rdrf.cdepermittedvalue",
  "pk": 119,
  "fields": {
    "code": "AcuteAorticSyndrome",
    "value": "Acute aortic syndrome",
    "questionnaire_value": "",
    "desc": "Acute aortic syndrome",
    "pv_group": "FHSCdeath",
    "position": 6
  }
},
{
  "model": "rdrf.cdepermittedvalue",
  "pk": 120,
  "fields": {
    "code": "HeartFailure",
    "value": "Heart failure",
    "questionnaire_value": "",
    "desc": "Heart failure",
    "pv_group": "FHSCdeath",
    "position": 5
  }
},
{
  "model": "rdrf.cdepermittedvalue",
  "pk": 121,
  "fields": {
    "code": "CardiacSuddenDeath",
    "value": "Cardiac sudden death",
    "questionnaire_value": "",
    "desc": "Cerebrovascular disease - haemorragic",
    "pv_group": "FHSCdeath",
    "position": 4
  }
},
{
  "model": "rdrf.cdepermittedvalue",
  "pk": 122,
  "fields": {
    "code": "CerebrovascularHaemorragic",
    "value": "Cerebrovascular disease - haemorragic",
    "questionnaire_value": "",
    "desc": "Cerebrovascular disease - haemorragic",
    "pv_group": "FHSCdeath",
    "position": 3
  }
},
{
  "model": "rdrf.cdepermittedvalue",
  "pk": 123,
  "fields": {
    "code": "CerebrovascularIschemic",
    "value": "Cerebrovascular disease - ischemic",
    "questionnaire_value": "",
    "desc": "Cerebrovascular disease - ischemic",
    "pv_group": "FHSCdeath",
    "position": 2
  }
},
{
  "model": "rdrf.cdepermittedvalue",
  "pk": 124,
  "fields": {
    "code": "CAD",
    "value": "CAD",
    "questionnaire_value": "",
    "desc": "CAD",
    "pv_group": "FHSCdeath",
    "position": 1
  }
},
{
  "model": "rdrf.cdepermittedvalue",
  "pk": 125,
  "fields": {
    "code": "Other",
    "value": "Other",
    "questionnaire_value": "",
    "desc": "Other",
    "pv_group": "FHDiabeticdrugs",
    "position": 8
  }
},
{
  "model": "rdrf.cdepermittedvalue",
  "pk": 126,
  "fields": {
    "code": "InsulinTherapy",
    "value": "Insulin therapy",
    "questionnaire_value": "",
    "desc": "Insulin therapy",
    "pv_group": "FHDiabeticdrugs",
    "position": 4
  }
},
{
  "model": "rdrf.cdepermittedvalue",
  "pk": 127,
  "fields": {
    "code": "SGLT2inhibitor",
    "value": "SGLT-2 inhibitor",
    "questionnaire_value": "",
    "desc": "SGLT-2 inhibitor",
    "pv_group": "FHDiabeticdrugs",
    "position": 7
  }
},
{
  "model": "rdrf.cdepermittedvalue",
  "pk": 128,
  "fields": {
    "code": "GLP1receptoragonist",
    "value": "GLP-1 receptor agonist",
    "questionnaire_value": "",
    "desc": "GLP-1 receptor agonist",
    "pv_group": "FHDiabeticdrugs",
    "position": 6
  }
},
{
  "model": "rdrf.cdepermittedvalue",
  "pk": 129,
  "fields": {
    "code": "DPP4inhibitors",
    "value": "DPP-4 inhibitors",
    "questionnaire_value": "",
    "desc": "DPP-4 inhibitors",
    "pv_group": "FHDiabeticdrugs",
    "position": 5
  }
},
{
  "model": "rdrf.cdepermittedvalue",
  "pk": 130,
  "fields": {
    "code": "TZDs",
    "value": "TZDs",
    "questionnaire_value": "",
    "desc": "TZDs",
    "pv_group": "FHDiabeticdrugs",
    "position": 3
  }
},
{
  "model": "rdrf.cdepermittedvalue",
  "pk": 131,
  "fields": {
    "code": "Sulfonylureas",
    "value": "Sulfonylureas",
    "questionnaire_value": "",
    "desc": "Sulfonylureas",
    "pv_group": "FHDiabeticdrugs",
    "position": 2
  }
},
{
  "model": "rdrf.cdepermittedvalue",
  "pk": 132,
  "fields": {
    "code": "Biguanides",
    "value": "Biguanides",
    "questionnaire_value": "",
    "desc": "Biguanides",
    "pv_group": "FHDiabeticdrugs",
    "position": 1
  }
},
{
  "model": "rdrf.cdepermittedvalue",
  "pk": 133,
  "fields": {
    "code": "Proteinuria",
    "value": "Proteinuria",
    "questionnaire_value": "",
    "desc": "Proteinuria",
    "pv_group": "FHIntoleranceRenal",
    "position": 2
  }
},
{
  "model": "rdrf.cdepermittedvalue",
  "pk": 134,
  "fields": {
    "code": "RenalFailure",
    "value": "Acute renal failure",
    "questionnaire_value": "",
    "desc": "Acute renal failure",
    "pv_group": "FHIntoleranceRenal",
    "position": 1
  }
},
{
  "model": "rdrf.cdepermittedvalue",
  "pk": 135,
  "fields": {
    "code": "fh_yes_no_no",
    "value": "No",
    "questionnaire_value": null,
    "desc": "No",
    "pv_group": "fh_yes_no",
    "position": null
  }
},
{
  "model": "rdrf.cdepermittedvalue",
  "pk": 136,
  "fields": {
    "code": "fh_yes_no_yes",
    "value": "Yes",
    "questionnaire_value": null,
    "desc": "Yes",
    "pv_group": "fh_yes_no",
    "position": null
  }
},
{
  "model": "rdrf.cdepermittedvalue",
  "pk": 137,
  "fields": {
    "code": "Pravastatin80",
    "value": "Pravastatin 80mg",
    "questionnaire_value": "",
    "desc": "Pravastatin 80mg",
    "pv_group": "FHLipidTherapyNone",
    "position": 19
  }
},
{
  "model": "rdrf.cdepermittedvalue",
  "pk": 138,
  "fields": {
    "code": "Pravastatin/Ezetimibe10",
    "value": "Pravastatin 10mg/Ezetimibe 10mg",
    "questionnaire_value": "",
    "desc": "Pravastatin 10mg/Ezetimibe 10mg",
    "pv_group": "FHLipidTherapyNone",
    "position": 20
  }
},
{
  "model": "rdrf.cdepermittedvalue",
  "pk": 139,
  "fields": {
    "code": "Pravastatin/Ezetimibe20",
    "value": "Pravastatin 20mg/Ezetimibe 10mg",
    "questionnaire_value": "",
    "desc": "Pravastatin 20mg/Ezetimibe 10mg",
    "pv_group": "FHLipidTherapyNone",
    "position": 21
  }
},
{
  "model": "rdrf.cdepermittedvalue",
  "pk": 140,
  "fields": {
    "code": "Pravastatin/Ezetimibe40",
    "value": "Pravastatin 40mg/Ezetimibe 10mg",
    "questionnaire_value": "",
    "desc": "Pravastatin 40mg/Ezetimibe 10mg",
    "pv_group": "FHLipidTherapyNone",
    "position": 22
  }
},
{
  "model": "rdrf.cdepermittedvalue",
  "pk": 141,
  "fields": {
    "code": "Pravastatin/Ezetimibe80",
    "value": "Pravastatin 80mg/Ezetimibe 10mg",
    "questionnaire_value": "",
    "desc": "Pravastatin 80mg/Ezetimibe 10mg",
    "pv_group": "FHLipidTherapyNone",
    "position": 23
  }
},
{
  "model": "rdrf.cdepermittedvalue",
  "pk": 142,
  "fields": {
    "code": "Rosuvastatin/Ezetimibe5",
    "value": "Rosuvastatin 5mg/Ezetimibe 10mg",
    "questionnaire_value": "",
    "desc": "Rosuvastatin 5mg/Ezetimibe 10mg",
    "pv_group": "FHLipidTherapyNone",
    "position": 29
  }
},
{
  "model": "rdrf.cdepermittedvalue",
  "pk": 143,
  "fields": {
    "code": "Simvastatin5",
    "value": "Simvastatin 5mg",
    "questionnaire_value": "",
    "desc": "Simvastatin 5mg",
    "pv_group": "FHLipidTherapyNone",
    "position": 33
  }
},
{
  "model": "rdrf.cdepermittedvalue",
  "pk": 144,
  "fields": {
    "code": "Simvastatin/Ezetimibe5",
    "value": "Simvastatin 5mg/Ezetimibe 10mg",
    "questionnaire_value": "",
    "desc": "Simvastatin 5mg/Ezetimibe 10mg",
    "pv_group": "FHLipidTherapyNone",
    "position": 38
  }
},
{
  "model": "rdrf.cdepermittedvalue",
  "pk": 145,
  "fields": {
    "code": "Fenofibrate48",
    "value": "Fenofibrate 48mg",
    "questionnaire_value": "",
    "desc": "Fenofibrate 48mg",
    "pv_group": "FHLipidTherapyNone",
    "position": 44
  }
},
{
  "model": "rdrf.cdepermittedvalue",
  "pk": 146,
  "fields": {
    "code": "Cholestryramine8",
    "value": "Cholestryramine 8g",
    "questionnaire_value": "",
    "desc": "Cholestryramine 8g",
    "pv_group": "FHLipidTherapyNone",
    "position": 48
  }
},
{
  "model": "rdrf.cdepermittedvalue",
  "pk": 147,
  "fields": {
    "code": "Colestipol1",
    "value": "Colestipol 1g",
    "questionnaire_value": "",
    "desc": "Colestipol 1g",
    "pv_group": "FHLipidTherapyNone",
    "position": 49
  }
},
{
  "model": "rdrf.cdepermittedvalue",
  "pk": 148,
  "fields": {
    "code": "Colestipol7.5",
    "value": "Colestipol 7.5g",
    "questionnaire_value": "",
    "desc": "Colestipol 7.5g",
    "pv_group": "FHLipidTherapyNone",
    "position": 51
  }
},
{
  "model": "rdrf.cdepermittedvalue",
  "pk": 149,
  "fields": {
    "code": "Rosuvastatin5",
    "value": "Rosuvastatin 5mg",
    "questionnaire_value": "",
    "desc": "Rosuvastatin 5mg",
    "pv_group": "FHLipidTherapyNone",
    "position": 24
  }
},
{
  "model": "rdrf.cdepermittedvalue",
  "pk": 150,
  "fields": {
    "code": "Simvastatin10",
    "value": "Simvastatin 10mg",
    "questionnaire_value": "",
    "desc": "Simvastatin 10mg",
    "pv_group": "FHLipidTherapyNone",
    "position": 34
  }
},
{
  "model": "rdrf.cdepermittedvalue",
  "pk": 151,
  "fields": {
    "code": "Simvastatin20",
    "value": "Simvastatin 20mg",
    "questionnaire_value": "",
    "desc": "Simvastatin 20mg",
    "pv_group": "FHLipidTherapyNone",
    "position": 35
  }
},
{
  "model": "rdrf.cdepermittedvalue",
  "pk": 152,
  "fields": {
    "code": "Simvastatin40",
    "value": "Simvastatin 40mg",
    "questionnaire_value": "",
    "desc": "Simvastatin 40mg",
    "pv_group": "FHLipidTherapyNone",
    "position": 36
  }
},
{
  "model": "rdrf.cdepermittedvalue",
  "pk": 153,
  "fields": {
    "code": "Simvastatin80",
    "value": "Simvastatin 80mg",
    "questionnaire_value": "",
    "desc": "Simvastatin 80mg",
    "pv_group": "FHLipidTherapyNone",
    "position": 37
  }
},
{
  "model": "rdrf.cdepermittedvalue",
  "pk": 154,
  "fields": {
    "code": "Gemfibrozi600",
    "value": "Gemfibrozil 600mg",
    "questionnaire_value": "",
    "desc": "Gemfibrozil 600mg",
    "pv_group": "FHLipidTherapyNone",
    "position": 46
  }
},
{
  "model": "rdrf.cdepermittedvalue",
  "pk": 155,
  "fields": {
    "code": "Cholestryramine4",
    "value": "Cholestryramine 4g",
    "questionnaire_value": "",
    "desc": "Cholestryramine 4g",
    "pv_group": "FHLipidTherapyNone",
    "position": 47
  }
},
{
  "model": "rdrf.cdepermittedvalue",
  "pk": 157,
  "fields": {
    "code": "Niacin1500",
    "value": "Niacin 1500mg",
    "questionnaire_value": "",
    "desc": "Niacin 1500mg",
    "pv_group": "FHLipidTherapyNone",
    "position": 57
  }
},
{
  "model": "rdrf.cdepermittedvalue",
  "pk": 158,
  "fields": {
    "code": "Niacin1000",
    "value": "Niacin 1000mg",
    "questionnaire_value": "",
    "desc": "Niacin 1000mg",
    "pv_group": "FHLipidTherapyNone",
    "position": 56
  }
},
{
  "model": "rdrf.cdepermittedvalue",
  "pk": 159,
  "fields": {
    "code": "Niacin500",
    "value": "Niacin 500mg",
    "questionnaire_value": "",
    "desc": "Niacin 500mg",
    "pv_group": "FHLipidTherapyNone",
    "position": 55
  }
},
{
  "model": "rdrf.cdepermittedvalue",
  "pk": 160,
  "fields": {
    "code": "Colesevelam3.75",
    "value": "Colesevelam 3.75g",
    "questionnaire_value": "",
    "desc": "Colesevelam 3.75g",
    "pv_group": "FHLipidTherapyNone",
    "position": 54
  }
},
{
  "model": "rdrf.cdepermittedvalue",
  "pk": 161,
  "fields": {
    "code": "Colesevelam1.875",
    "value": "Colesevelam 1.875g",
    "questionnaire_value": "",
    "desc": "Colesevelam 1.875g",
    "pv_group": "FHLipidTherapyNone",
    "position": 53
  }
},
{
  "model": "rdrf.cdepermittedvalue",
  "pk": 162,
  "fields": {
    "code": "Colesevelam625",
    "value": "Colesevelam 625mg",
    "questionnaire_value": "",
    "desc": "Colesevelam 625mg",
    "pv_group": "FHLipidTherapyNone",
    "position": 52
  }
},
{
  "model": "rdrf.cdepermittedvalue",
  "pk": 163,
  "fields": {
    "code": "Ezetimibe/atorvastatin80",
    "value": "Atorvastatin 80mg/Ezetimibe 10mg",
    "questionnaire_value": "",
    "desc": "Atorvastatin 80mg/Ezetimibe 10mg",
    "pv_group": "FHLipidTherapyNone",
    "position": 9
  }
},
{
  "model": "rdrf.cdepermittedvalue",
  "pk": 164,
  "fields": {
    "code": "Ezetimibe/rosuvastatin10",
    "value": "Rosuvastatin 10mg/Ezetimibe 10mg",
    "questionnaire_value": "",
    "desc": "Rosuvastatin 10mg/Ezetimibe 10mg",
    "pv_group": "FHLipidTherapyNone",
    "position": 30
  }
},
{
  "model": "rdrf.cdepermittedvalue",
  "pk": 165,
  "fields": {
    "code": "Ezetimibe/rosuvastatin20",
    "value": "Rosuvastatin 20mg/Ezetimibe 10mg",
    "questionnaire_value": "",
    "desc": "Rosuvastatin 20mg/Ezetimibe 10mg",
    "pv_group": "FHLipidTherapyNone",
    "position": 31
  }
},
{
  "model": "rdrf.cdepermittedvalue",
  "pk": 166,
  "fields": {
    "code": "Fluvastatin20",
    "value": "Fluvastatin 20mg",
    "questionnaire_value": "",
    "desc": "Fluvastatin 20mg",
    "pv_group": "FHLipidTherapyNone",
    "position": 10
  }
},
{
  "model": "rdrf.cdepermittedvalue",
  "pk": 167,
  "fields": {
    "code": "Fluvastatin40",
    "value": "Fluvastatin 40mg",
    "questionnaire_value": "",
    "desc": "Fluvastatin 40mg",
    "pv_group": "FHLipidTherapyNone",
    "position": 11
  }
},
{
  "model": "rdrf.cdepermittedvalue",
  "pk": 168,
  "fields": {
    "code": "Fluvastatin80",
    "value": "Fluvastatin 80mg",
    "questionnaire_value": "",
    "desc": "Fluvastatin 80mg",
    "pv_group": "FHLipidTherapyNone",
    "position": 12
  }
},
{
  "model": "rdrf.cdepermittedvalue",
  "pk": 169,
  "fields": {
    "code": "Fluvastatin/Ezetimibe20 ",
    "value": "Fluvastatin 20mg/Ezetimibe 10mg",
    "questionnaire_value": "",
    "desc": "Fluvastatin 20mg/Ezetimibe 10mg",
    "pv_group": "FHLipidTherapyNone",
    "position": 13
  }
},
{
  "model": "rdrf.cdepermittedvalue",
  "pk": 170,
  "fields": {
    "code": "Fluvastatin/Ezetimibe40",
    "value": "Fluvastatin 40mg/Ezetimibe 10mg",
    "questionnaire_value": "",
    "desc": "Fluvastatin 40mg/Ezetimibe 10mg",
    "pv_group": "FHLipidTherapyNone",
    "position": 14
  }
},
{
  "model": "rdrf.cdepermittedvalue",
  "pk": 171,
  "fields": {
    "code": "Fluvastatin/Ezetimibe80",
    "value": "Fluvastatin 80mg/Ezetimibe 10mg",
    "questionnaire_value": "",
    "desc": "Fluvastatin 80mg/Ezetimibe 10mg",
    "pv_group": "FHLipidTherapyNone",
    "position": 15
  }
},
{
  "model": "rdrf.cdepermittedvalue",
  "pk": 172,
  "fields": {
    "code": "Colestipol5",
    "value": "Colestipol 5g",
    "questionnaire_value": "",
    "desc": "Colestipol 5g",
    "pv_group": "FHLipidTherapyNone",
    "position": 50
  }
},
{
  "model": "rdrf.cdepermittedvalue",
  "pk": 173,
  "fields": {
    "code": "Fenofibrate145",
    "value": "Fenofibrate 145mg",
    "questionnaire_value": "",
    "desc": "Fenofibrate 145mg",
    "pv_group": "FHLipidTherapyNone",
    "position": 45
  }
},
{
  "model": "rdrf.cdepermittedvalue",
  "pk": 174,
  "fields": {
    "code": "None",
    "value": "None",
    "questionnaire_value": "",
    "desc": "None",
    "pv_group": "FHLipidTherapyNone",
    "position": 1
  }
},
{
  "model": "rdrf.cdepermittedvalue",
  "pk": 175,
  "fields": {
    "code": "Other",
    "value": "Other",
    "questionnaire_value": "",
    "desc": "Other",
    "pv_group": "FHLipidTherapyNone",
    "position": 59
  }
},
{
  "model": "rdrf.cdepermittedvalue",
  "pk": 176,
  "fields": {
    "code": "Pravastatin40",
    "value": "Pravastatin 40mg",
    "questionnaire_value": "",
    "desc": "Pravastatin 40mg",
    "pv_group": "FHLipidTherapyNone",
    "position": 18
  }
},
{
  "model": "rdrf.cdepermittedvalue",
  "pk": 177,
  "fields": {
    "code": "Pravastatin20",
    "value": "Pravastatin 20mg",
    "questionnaire_value": "",
    "desc": "Pravastatin 20mg",
    "pv_group": "FHLipidTherapyNone",
    "position": 17
  }
},
{
  "model": "rdrf.cdepermittedvalue",
  "pk": 178,
  "fields": {
    "code": "Pravastatin10",
    "value": "Pravastatin 10mg",
    "questionnaire_value": "",
    "desc": "Pravastatin 10mg",
    "pv_group": "FHLipidTherapyNone",
    "position": 16
  }
},
{
  "model": "rdrf.cdepermittedvalue",
  "pk": 179,
  "fields": {
    "code": "Ezetimibe/rosuvastatin40",
    "value": "Rosuvastatin 40mg/Ezetimibe 10mg",
    "questionnaire_value": "",
    "desc": "Rosuvastatin 40mg/Ezetimibe 10mg",
    "pv_group": "FHLipidTherapyNone",
    "position": 32
  }
},
{
  "model": "rdrf.cdepermittedvalue",
  "pk": 180,
  "fields": {
    "code": "Rosuvastatin40",
    "value": "Rosuvastatin 40mg",
    "questionnaire_value": "",
    "desc": "Rosuvastatin 40mg",
    "pv_group": "FHLipidTherapyNone",
    "position": 27
  }
},
{
  "model": "rdrf.cdepermittedvalue",
  "pk": 181,
  "fields": {
    "code": "FARosuvastatin20",
    "value": "Rosuvastatin 20mg",
    "questionnaire_value": "",
    "desc": "Rosuvastatin 20mg",
    "pv_group": "FHLipidTherapyNone",
    "position": 26
  }
},
{
  "model": "rdrf.cdepermittedvalue",
  "pk": 182,
  "fields": {
    "code": "Rosuvastatin10",
    "value": "Rosuvastatin 10mg",
    "questionnaire_value": "",
    "desc": "Rosuvastatin 10mg",
    "pv_group": "FHLipidTherapyNone",
    "position": 25
  }
},
{
  "model": "rdrf.cdepermittedvalue",
  "pk": 183,
  "fields": {
    "code": "Atorvastatin80",
    "value": " Atorvastatin 80mg",
    "questionnaire_value": "",
    "desc": " Atorvastatin 80mg",
    "pv_group": "FHLipidTherapyNone",
    "position": 5
  }
},
{
  "model": "rdrf.cdepermittedvalue",
  "pk": 184,
  "fields": {
    "code": "Atorvastatin40",
    "value": " Atorvastatin 40mg",
    "questionnaire_value": "",
    "desc": " Atorvastatin 40mg",
    "pv_group": "FHLipidTherapyNone",
    "position": 4
  }
},
{
  "model": "rdrf.cdepermittedvalue",
  "pk": 185,
  "fields": {
    "code": "Atorvastatin20",
    "value": "Atorvastatin 20mg",
    "questionnaire_value": "",
    "desc": " Atorvastatin 20mg",
    "pv_group": "FHLipidTherapyNone",
    "position": 3
  }
},
{
  "model": "rdrf.cdepermittedvalue",
  "pk": 186,
  "fields": {
    "code": "Atorvastatin10",
    "value": "Atorvastatin 10mg",
    "questionnaire_value": "",
    "desc": "Atorvastatin 10mg",
    "pv_group": "FHLipidTherapyNone",
    "position": 2
  }
},
{
  "model": "rdrf.cdepermittedvalue",
  "pk": 187,
  "fields": {
    "code": "Ezetimibe10",
    "value": "Ezetimibe 10mg",
    "questionnaire_value": "",
    "desc": "Ezetimibe 10mg",
    "pv_group": "FHLipidTherapyNone",
    "position": 43
  }
},
{
  "model": "rdrf.cdepermittedvalue",
  "pk": 188,
  "fields": {
    "code": "Ezetimibe/simvastatin10",
    "value": "Simvastatin 10mg/Ezetimibe 10mg",
    "questionnaire_value": "",
    "desc": "Simvastatin 10mg/Ezetimibe 10mg",
    "pv_group": "FHLipidTherapyNone",
    "position": 39
  }
},
{
  "model": "rdrf.cdepermittedvalue",
  "pk": 189,
  "fields": {
    "code": "Ezetimibe/simvastatin20",
    "value": "Simvastatin 20mg/Ezetimibe 10mg",
    "questionnaire_value": "",
    "desc": "Simvastatin 20mg/Ezetimibe 10mg",
    "pv_group": "FHLipidTherapyNone",
    "position": 40
  }
},
{
  "model": "rdrf.cdepermittedvalue",
  "pk": 190,
  "fields": {
    "code": "Ezetimibe/simvastatin40",
    "value": "Simvastatin 40mg/Ezetimibe 10mg",
    "questionnaire_value": "",
    "desc": "Simvastatin 40mg/Ezetimibe 10mg",
    "pv_group": "FHLipidTherapyNone",
    "position": 41
  }
},
{
  "model": "rdrf.cdepermittedvalue",
  "pk": 191,
  "fields": {
    "code": "Ezetimibe/simvastatin80",
    "value": "Simvastatin 80mg/Ezetimibe 10mg",
    "questionnaire_value": "",
    "desc": "Simvastatin 80mg/Ezetimibe 10mg",
    "pv_group": "FHLipidTherapyNone",
    "position": 42
  }
},
{
  "model": "rdrf.cdepermittedvalue",
  "pk": 192,
  "fields": {
    "code": "Ezetimibe/atorvastatin10",
    "value": "Atorvastatin 10mg/Ezetimibe 10mg",
    "questionnaire_value": "",
    "desc": "Atorvastatin 10mg/Ezetimibe 10mg",
    "pv_group": "FHLipidTherapyNone",
    "position": 6
  }
},
{
  "model": "rdrf.cdepermittedvalue",
  "pk": 193,
  "fields": {
    "code": "Ezetimibe/atorvastatin20",
    "value": "Atorvastatin 20mg/Ezetimibe 10mg",
    "questionnaire_value": "",
    "desc": "Atorvastatin 20mg/Ezetimibe 10mg",
    "pv_group": "FHLipidTherapyNone",
    "position": 7
  }
},
{
  "model": "rdrf.cdepermittedvalue",
  "pk": 194,
  "fields": {
    "code": "Ezetimibe/atorvastatin40",
    "value": "Atorvastatin 40mg/Ezetimibe 10mg",
    "questionnaire_value": "",
    "desc": "Atorvastatin 40mg/Ezetimibe 10mg",
    "pv_group": "FHLipidTherapyNone",
    "position": 8
  }
},
{
  "model": "rdrf.cdepermittedvalue",
  "pk": 195,
  "fields": {
    "code": "Other",
    "value": "Other",
    "questionnaire_value": "",
    "desc": "Other",
    "pv_group": "FHDrugIntolerance",
    "position": 15
  }
},
{
  "model": "rdrf.cdepermittedvalue",
  "pk": 196,
  "fields": {
    "code": "Fluvastatin",
    "value": "Fluvastatin",
    "questionnaire_value": "",
    "desc": "Fluvastatin",
    "pv_group": "FHDrugIntolerance",
    "position": 3
  }
},
{
  "model": "rdrf.cdepermittedvalue",
  "pk": 197,
  "fields": {
    "code": "Pravastatin",
    "value": "Pravastatin",
    "questionnaire_value": "",
    "desc": "Pravastatin",
    "pv_group": "FHDrugIntolerance",
    "position": 5
  }
},
{
  "model": "rdrf.cdepermittedvalue",
  "pk": 198,
  "fields": {
    "code": "Simvastatin",
    "value": "Simvastatin",
    "questionnaire_value": "",
    "desc": "Simvastatin",
    "pv_group": "FHDrugIntolerance",
    "position": 7
  }
},
{
  "model": "rdrf.cdepermittedvalue",
  "pk": 199,
  "fields": {
    "code": "Rosuvastatin",
    "value": "Rosuvastatin",
    "questionnaire_value": "",
    "desc": "Rosuvastatin",
    "pv_group": "FHDrugIntolerance",
    "position": 6
  }
},
{
  "model": "rdrf.cdepermittedvalue",
  "pk": 200,
  "fields": {
    "code": "Pitavastatin",
    "value": "Pitavastatin",
    "questionnaire_value": "",
    "desc": "Pitavastatin",
    "pv_group": "FHDrugIntolerance",
    "position": 4
  }
},
{
  "model": "rdrf.cdepermittedvalue",
  "pk": 201,
  "fields": {
    "code": "Niacin",
    "value": "Niacin",
    "questionnaire_value": "",
    "desc": "Niacin",
    "pv_group": "FHDrugIntolerance",
    "position": 14
  }
},
{
  "model": "rdrf.cdepermittedvalue",
  "pk": 202,
  "fields": {
    "code": "Lovastatin",
    "value": "Lovastatin",
    "questionnaire_value": "",
    "desc": "Lovastatin",
    "pv_group": "FHDrugIntolerance",
    "position": 2
  }
},
{
  "model": "rdrf.cdepermittedvalue",
  "pk": 203,
  "fields": {
    "code": "Gemfibrozil",
    "value": "Gemfibrozil",
    "questionnaire_value": "",
    "desc": "Gemfibrozil",
    "pv_group": "FHDrugIntolerance",
    "position": 10
  }
},
{
  "model": "rdrf.cdepermittedvalue",
  "pk": 204,
  "fields": {
    "code": "Fenofibrate",
    "value": "Fenofibrate",
    "questionnaire_value": "",
    "desc": "Fenofibrate",
    "pv_group": "FHDrugIntolerance",
    "position": 9
  }
},
{
  "model": "rdrf.cdepermittedvalue",
  "pk": 205,
  "fields": {
    "code": "Ezetimibe",
    "value": "Ezetimibe",
    "questionnaire_value": "",
    "desc": "Ezetimibe",
    "pv_group": "FHDrugIntolerance",
    "position": 8
  }
},
{
  "model": "rdrf.cdepermittedvalue",
  "pk": 206,
  "fields": {
    "code": "Colestipol",
    "value": "Colestipol",
    "questionnaire_value": "",
    "desc": "Colestipol",
    "pv_group": "FHDrugIntolerance",
    "position": 12
  }
},
{
  "model": "rdrf.cdepermittedvalue",
  "pk": 207,
  "fields": {
    "code": "Colesevelam",
    "value": "Colesevelam",
    "questionnaire_value": "",
    "desc": "Colesevelam",
    "pv_group": "FHDrugIntolerance",
    "position": 13
  }
},
{
  "model": "rdrf.cdepermittedvalue",
  "pk": 208,
  "fields": {
    "code": "Cholestyramine",
    "value": "Cholestyramine",
    "questionnaire_value": "",
    "desc": "Cholestyramine",
    "pv_group": "FHDrugIntolerance",
    "position": 11
  }
},
{
  "model": "rdrf.cdepermittedvalue",
  "pk": 209,
  "fields": {
    "code": "Atorvastatin",
    "value": "Atorvastatin",
    "questionnaire_value": "",
    "desc": "Atorvastatin",
    "pv_group": "FHDrugIntolerance",
    "position": 1
  }
},
{
  "model": "rdrf.cdepermittedvalue",
  "pk": 210,
  "fields": {
    "code": "FHComplianceIntolerant",
    "value": "Intolerant",
    "questionnaire_value": "",
    "desc": "Intolerant",
    "pv_group": "Compliance",
    "position": 4
  }
},
{
  "model": "rdrf.cdepermittedvalue",
  "pk": 211,
  "fields": {
    "code": "FHComplianceNon",
    "value": "Non-compliant",
    "questionnaire_value": "",
    "desc": "Non-compliant",
    "pv_group": "Compliance",
    "position": 3
  }
},
{
  "model": "rdrf.cdepermittedvalue",
  "pk": 212,
  "fields": {
    "code": "FHComplianceIrregular",
    "value": "Irregular compliance",
    "questionnaire_value": "",
    "desc": "Irregular compliance",
    "pv_group": "Compliance",
    "position": 2
  }
},
{
  "model": "rdrf.cdepermittedvalue",
  "pk": 213,
  "fields": {
    "code": "FHComplianceFull",
    "value": "Full compliance",
    "questionnaire_value": "",
    "desc": "Full compliance",
    "pv_group": "Compliance",
    "position": 1
  }
},
{
  "model": "rdrf.cdepermittedvalue",
  "pk": 214,
  "fields": {
    "code": "FHNA",
    "value": "N/A",
    "questionnaire_value": "",
    "desc": "N/A",
    "pv_group": "Compliance",
    "position": 5
  }
},
{
  "model": "rdrf.cdepermittedvalue",
  "pk": 215,
  "fields": {
    "code": "Unknown",
    "value": "Unknown",
    "questionnaire_value": "",
    "desc": "Unknown",
    "pv_group": "FHCoronaryRevasc",
    "position": 5
  }
},
{
  "model": "rdrf.cdepermittedvalue",
  "pk": 216,
  "fields": {
    "code": "No",
    "value": "No",
    "questionnaire_value": "",
    "desc": "No",
    "pv_group": "FHCoronaryRevasc",
    "position": 4
  }
},
{
  "model": "rdrf.cdepermittedvalue",
  "pk": 217,
  "fields": {
    "code": "Both",
    "value": "Both",
    "questionnaire_value": "",
    "desc": "Both",
    "pv_group": "FHCoronaryRevasc",
    "position": 3
  }
},
{
  "model": "rdrf.cdepermittedvalue",
  "pk": 218,
  "fields": {
    "code": "CABG",
    "value": "CABG",
    "questionnaire_value": "",
    "desc": "CABG",
    "pv_group": "FHCoronaryRevasc",
    "position": 2
  }
},
{
  "model": "rdrf.cdepermittedvalue",
  "pk": 219,
  "fields": {
    "code": "PCI",
    "value": "PCI",
    "questionnaire_value": "",
    "desc": "PCI",
    "pv_group": "FHCoronaryRevasc",
    "position": 1
  }
},
{
  "model": "rdrf.cdepermittedvalue",
  "pk": 220,
  "fields": {
    "code": "AU",
    "value": "Australia",
    "questionnaire_value": "Australia",
    "desc": "Australia",
    "pv_group": "Country",
    "position": 1
  }
},
{
  "model": "rdrf.cdepermittedvalue",
  "pk": 221,
  "fields": {
    "code": "fh2_n",
    "value": "No",
    "questionnaire_value": "",
    "desc": "No",
    "pv_group": "FHFamHist2",
    "position": 2
  }
},
{
  "model": "rdrf.cdepermittedvalue",
  "pk": 222,
  "fields": {
    "code": "fh2_y",
    "value": "Yes",
    "questionnaire_value": "",
    "desc": "Yes, first-degree relative",
    "pv_group": "FHFamHist2",
    "position": 1
  }
},
{
  "model": "rdrf.cdepermittedvalue",
  "pk": 223,
  "fields": {
    "code": "fh2_u",
    "value": "Unknown",
    "questionnaire_value": null,
    "desc": "Unknown",
    "pv_group": "FHFamHist2",
    "position": 3
  }
},
{
  "model": "rdrf.cdepermittedvalue",
  "pk": 224,
  "fields": {
    "code": "Anticoagulants",
    "value": "Other anticoagulants",
    "questionnaire_value": "",
    "desc": "Other anticoagulants",
    "pv_group": "FHAntithrombotic",
    "position": 4
  }
},
{
  "model": "rdrf.cdepermittedvalue",
  "pk": 225,
  "fields": {
    "code": "Warfarin",
    "value": "Warfarin",
    "questionnaire_value": "",
    "desc": "Warfarin",
    "pv_group": "FHAntithrombotic",
    "position": 3
  }
},
{
  "model": "rdrf.cdepermittedvalue",
  "pk": 226,
  "fields": {
    "code": "Antiplatelets",
    "value": "Other antiplatelets",
    "questionnaire_value": "",
    "desc": "Other antiplatelets",
    "pv_group": "FHAntithrombotic",
    "position": 2
  }
},
{
  "model": "rdrf.cdepermittedvalue",
  "pk": 227,
  "fields": {
    "code": "Aspirin",
    "value": "Aspirin",
    "questionnaire_value": "",
    "desc": "Aspirin",
    "pv_group": "FHAntithrombotic",
    "position": 1
  }
},
{
  "model": "rdrf.cdepermittedvalue",
  "pk": 228,
  "fields": {
    "code": "ApheresisWeekly",
    "value": "Once every week",
    "questionnaire_value": "",
    "desc": "Once every week",
    "pv_group": "ApheresisFrequency",
    "position": 1
  }
},
{
  "model": "rdrf.cdepermittedvalue",
  "pk": 235,
  "fields": {
    "code": "fhpremcvd_yes_corheartdisease",
    "value": "Yes",
    "questionnaire_value": "",
    "desc": "Yes, coronary heart disease",
    "pv_group": "FHPremCVD2",
    "position": 1
  }
},
{
  "model": "rdrf.cdepermittedvalue",
  "pk": 237,
  "fields": {
    "code": "CorArteryCalcScoreYes100-300",
    "value": "Yes - Score 100-300",
    "questionnaire_value": "",
    "desc": "Yes - Score 100-300",
    "pv_group": "CorArteryCalcScore",
    "position": 3
  }
},
{
  "model": "rdrf.cdepermittedvalue",
  "pk": 238,
  "fields": {
    "code": "CorArteryCalcScoreYes1-99",
    "value": "Yes - Score 1-99",
    "questionnaire_value": "",
    "desc": "Yes - Score 1-99",
    "pv_group": "CorArteryCalcScore",
    "position": 2
  }
},
{
  "model": "rdrf.cdepermittedvalue",
  "pk": 239,
  "fields": {
    "code": "CorArteryCalcScoreYes0",
    "value": "Yes - Score 0",
    "questionnaire_value": "",
    "desc": "Yes - Score 0",
    "pv_group": "CorArteryCalcScore",
    "position": 1
  }
},
{
  "model": "rdrf.cdepermittedvalue",
  "pk": 240,
  "fields": {
    "code": "CorArteryCalcScoreUnknown",
    "value": "Unknown",
    "questionnaire_value": "",
    "desc": "Unknown",
    "pv_group": "CorArteryCalcScore",
    "position": 6
  }
},
{
  "model": "rdrf.cdepermittedvalue",
  "pk": 241,
  "fields": {
    "code": "CorArteryCalcScoreYes>300",
    "value": "Yes - Score > 300",
    "questionnaire_value": "",
    "desc": "Yes - Score > 300",
    "pv_group": "CorArteryCalcScore",
    "position": 4
  }
},
{
  "model": "rdrf.cdepermittedvalue",
  "pk": 242,
  "fields": {
    "code": "CorArteryCalcScoreNo",
    "value": "No",
    "questionnaire_value": "",
    "desc": "No",
    "pv_group": "CorArteryCalcScore",
    "position": 5
  }
},
{
  "model": "rdrf.cdepermittedvalue",
  "pk": 243,
  "fields": {
    "code": "FHgeneVariantPCSK9",
    "value": "PCSK9",
    "questionnaire_value": "",
    "desc": "PCSK9",
    "pv_group": "FHgeneVariant",
    "position": 3
  }
},
{
  "model": "rdrf.cdepermittedvalue",
  "pk": 244,
  "fields": {
    "code": "FHgeneVariantAPOB",
    "value": "APOB",
    "questionnaire_value": "",
    "desc": "APOB",
    "pv_group": "FHgeneVariant",
    "position": 2
  }
},
{
  "model": "rdrf.cdepermittedvalue",
  "pk": 245,
  "fields": {
    "code": "FHgeneVariantLDLR",
    "value": "LDLR",
    "questionnaire_value": "",
    "desc": "LDLR",
    "pv_group": "FHgeneVariant",
    "position": 1
  }
},
{
  "model": "rdrf.cdepermittedvalue",
  "pk": 246,
  "fields": {
    "code": "Other",
    "value": "Other",
    "questionnaire_value": "",
    "desc": "Other",
    "pv_group": "FHHypertensiveMed",
    "position": 6
  }
},
{
  "model": "rdrf.cdepermittedvalue",
  "pk": 247,
  "fields": {
    "code": "CalciumChannelBlockers",
    "value": "Calcium channel blockers",
    "questionnaire_value": "",
    "desc": "Calcium channel blockers",
    "pv_group": "FHHypertensiveMed",
    "position": 5
  }
},
{
  "model": "rdrf.cdepermittedvalue",
  "pk": 248,
  "fields": {
    "code": "ARBs",
    "value": "ARBs",
    "questionnaire_value": "",
    "desc": "ARBs",
    "pv_group": "FHHypertensiveMed",
    "position": 4
  }
},
{
  "model": "rdrf.cdepermittedvalue",
  "pk": 249,
  "fields": {
    "code": "AceInhibitors",
    "value": "ACE inhibitors",
    "questionnaire_value": "",
    "desc": "ACE inhibitors",
    "pv_group": "FHHypertensiveMed",
    "position": 3
  }
},
{
  "model": "rdrf.cdepermittedvalue",
  "pk": 250,
  "fields": {
    "code": "BetaBlockers",
    "value": "Beta blockers",
    "questionnaire_value": "",
    "desc": "Beta blockers",
    "pv_group": "FHHypertensiveMed",
    "position": 2
  }
},
{
  "model": "rdrf.cdepermittedvalue",
  "pk": 251,
  "fields": {
    "code": "ThiazideDiuretics",
    "value": "Thiazide diuretics",
    "questionnaire_value": "",
    "desc": "Thiazide diuretics",
    "pv_group": "FHHypertensiveMed",
    "position": 1
  }
},
{
  "model": "rdrf.cdepermittedvalue",
  "pk": 252,
  "fields": {
    "code": "M",
    "value": "Male",
    "questionnaire_value": null,
    "desc": "Male",
    "pv_group": "Sex",
    "position": null
  }
},
{
  "model": "rdrf.cdepermittedvalue",
  "pk": 253,
  "fields": {
    "code": "X",
    "value": "Other/Intersex",
    "questionnaire_value": null,
    "desc": "Other/Intersex",
    "pv_group": "Sex",
    "position": null
  }
},
{
  "model": "rdrf.cdepermittedvalue",
  "pk": 254,
  "fields": {
    "code": "F",
    "value": "Female",
    "questionnaire_value": null,
    "desc": "Female",
    "pv_group": "Sex",
    "position": null
  }
},
{
  "model": "rdrf.cdepermittedvalue",
  "pk": 255,
  "fields": {
    "code": "y_childunder18",
    "value": "Yes",
    "questionnaire_value": "",
    "desc": "Yes, child aged < 18",
    "pv_group": "PVG-FH_FAMILY_YES_NO_UNKNOWN",
    "position": null
  }
},
{
  "model": "rdrf.cdepermittedvalue",
  "pk": 256,
  "fields": {
    "code": "fh_n",
    "value": "No",
    "questionnaire_value": null,
    "desc": "No",
    "pv_group": "PVG-FH_FAMILY_YES_NO_UNKNOWN",
    "position": null
  }
},
{
  "model": "rdrf.cdepermittedvalue",
  "pk": 257,
  "fields": {
    "code": "fh_u",
    "value": "Unknown",
    "questionnaire_value": null,
    "desc": "Unknown",
    "pv_group": "PVG-FH_FAMILY_YES_NO_UNKNOWN",
    "position": null
  }
},
{
  "model": "rdrf.cdepermittedvalue",
  "pk": 258,
  "fields": {
    "code": "HeparinInducedLDLprecipitation",
    "value": "Heparin-induced LDL precipitation",
    "questionnaire_value": null,
    "desc": "Heparin-induced LDL precipitation",
    "pv_group": "ApheresisType",
    "position": null
  }
},
{
  "model": "rdrf.cdepermittedvalue",
  "pk": 259,
  "fields": {
    "code": "Immunoadsorption",
    "value": "Immunoadsorption",
    "questionnaire_value": null,
    "desc": "Immunoadsorption",
    "pv_group": "ApheresisType",
    "position": null
  }
},
{
  "model": "rdrf.cdepermittedvalue",
  "pk": 260,
  "fields": {
    "code": "DextranSulphateLDLAdsorption",
    "value": "Dextran sulphate LDL adsorption",
    "questionnaire_value": null,
    "desc": "Dextran sulphate LDL adsorption",
    "pv_group": "ApheresisType",
    "position": null
  }
},
{
  "model": "rdrf.cdepermittedvalue",
  "pk": 261,
  "fields": {
    "code": "MembraneDifferentialFiltration",
    "value": "Membrane Differential Filtration",
    "questionnaire_value": null,
    "desc": "Membrane differential filtration",
    "pv_group": "ApheresisType",
    "position": null
  }
},
{
  "model": "rdrf.cdepermittedvalue",
  "pk": 262,
  "fields": {
    "code": "ApheresisTypePlasmaExchange",
    "value": "Plasma Exchange",
    "questionnaire_value": null,
    "desc": "Plasma Exchange",
    "pv_group": "ApheresisType",
    "position": 2
  }
},
{
  "model": "rdrf.cdepermittedvalue",
  "pk": 263,
  "fields": {
    "code": "HaemoperfusionLDLDirectAdsorp",
    "value": "Haemoperfusion with direct LDL adsorption",
    "questionnaire_value": null,
    "desc": "Haemoperfusion with direct LDL adsorption",
    "pv_group": "ApheresisType",
    "position": null
  }
},
{
  "model": "rdrf.cdepermittedvalue",
  "pk": 264,
  "fields": {
    "code": "u_",
    "value": "Unknown",
    "questionnaire_value": "",
    "desc": "Unknown",
    "pv_group": "PVG-YES_NO_UNKNOWN",
    "position": 3
  }
},
{
  "model": "rdrf.cdepermittedvalue",
  "pk": 265,
  "fields": {
    "code": "y",
    "value": "Yes",
    "questionnaire_value": "",
    "desc": "Yes",
    "pv_group": "PVG-YES_NO_UNKNOWN",
    "position": 1
  }
},
{
  "model": "rdrf.cdepermittedvalue",
  "pk": 266,
  "fields": {
    "code": "n_",
    "value": "No",
    "questionnaire_value": "",
    "desc": "n",
    "pv_group": "PVG-YES_NO_UNKNOWN",
    "position": 2
  }
},
{
  "model": "rdrf.cdepermittedvalue",
  "pk": 267,
  "fields": {
    "code": "Arthritis",
    "value": "Arthritis",
    "questionnaire_value": "",
    "desc": "Arthritis",
    "pv_group": "FHIntoleranceBones",
    "position": 3
  }
},
{
  "model": "rdrf.cdepermittedvalue",
  "pk": 268,
  "fields": {
    "code": "Arthralgia",
    "value": "Arthralgia",
    "questionnaire_value": "",
    "desc": "Arthralgia",
    "pv_group": "FHIntoleranceBones",
    "position": 2
  }
},
{
  "model": "rdrf.cdepermittedvalue",
  "pk": 269,
  "fields": {
    "code": "Tendinitis",
    "value": "Tendinitis",
    "questionnaire_value": "",
    "desc": "Tendinitis",
    "pv_group": "FHIntoleranceBones",
    "position": 1
  }
},
{
  "model": "rdrf.cdepermittedvalue",
  "pk": 270,
  "fields": {
    "code": "1mg",
    "value": "1mg",
    "questionnaire_value": "",
    "desc": "1mg",
    "pv_group": "FHIntoleranceDose",
    "position": 1
  }
},
{
  "model": "rdrf.cdepermittedvalue",
  "pk": 271,
  "fields": {
    "code": "2mg",
    "value": "2mg",
    "questionnaire_value": "",
    "desc": "2mg",
    "pv_group": "FHIntoleranceDose",
    "position": 2
  }
},
{
  "model": "rdrf.cdepermittedvalue",
  "pk": 272,
  "fields": {
    "code": "4mg",
    "value": "4mg",
    "questionnaire_value": "",
    "desc": "4mg",
    "pv_group": "FHIntoleranceDose",
    "position": 3
  }
},
{
  "model": "rdrf.cdepermittedvalue",
  "pk": 273,
  "fields": {
    "code": "5mg",
    "value": "5mg",
    "questionnaire_value": "",
    "desc": "5mg",
    "pv_group": "FHIntoleranceDose",
    "position": 4
  }
},
{
  "model": "rdrf.cdepermittedvalue",
  "pk": 274,
  "fields": {
    "code": "Unknown",
    "value": "Unknown",
    "questionnaire_value": "",
    "desc": "Unknown",
    "pv_group": "FHIntoleranceDose",
    "position": 17
  }
},
{
  "model": "rdrf.cdepermittedvalue",
  "pk": 275,
  "fields": {
    "code": "8000mg",
    "value": "8000mg",
    "questionnaire_value": "",
    "desc": "8000mg",
    "pv_group": "FHIntoleranceDose",
    "position": 16
  }
},
{
  "model": "rdrf.cdepermittedvalue",
  "pk": 276,
  "fields": {
    "code": "4000mg",
    "value": "4000mg",
    "questionnaire_value": "",
    "desc": "4000mg",
    "pv_group": "FHIntoleranceDose",
    "position": 15
  }
},
{
  "model": "rdrf.cdepermittedvalue",
  "pk": 277,
  "fields": {
    "code": "2000mg",
    "value": "2000mg",
    "questionnaire_value": "",
    "desc": "2000mg",
    "pv_group": "FHIntoleranceDose",
    "position": 14
  }
},
{
  "model": "rdrf.cdepermittedvalue",
  "pk": 278,
  "fields": {
    "code": "1500mg",
    "value": "1500mg",
    "questionnaire_value": "",
    "desc": "1500mg",
    "pv_group": "FHIntoleranceDose",
    "position": 13
  }
},
{
  "model": "rdrf.cdepermittedvalue",
  "pk": 279,
  "fields": {
    "code": "1000mg",
    "value": "1000mg",
    "questionnaire_value": "",
    "desc": "1000mg",
    "pv_group": "FHIntoleranceDose",
    "position": 12
  }
},
{
  "model": "rdrf.cdepermittedvalue",
  "pk": 280,
  "fields": {
    "code": "40mg",
    "value": "40mg",
    "questionnaire_value": "",
    "desc": "40mg",
    "pv_group": "FHIntoleranceDose",
    "position": 7
  }
},
{
  "model": "rdrf.cdepermittedvalue",
  "pk": 281,
  "fields": {
    "code": "20mg",
    "value": "20mg",
    "questionnaire_value": "",
    "desc": "20mg",
    "pv_group": "FHIntoleranceDose",
    "position": 6
  }
},
{
  "model": "rdrf.cdepermittedvalue",
  "pk": 282,
  "fields": {
    "code": "10mg",
    "value": "10mg",
    "questionnaire_value": "",
    "desc": "10mg",
    "pv_group": "FHIntoleranceDose",
    "position": 5
  }
},
{
  "model": "rdrf.cdepermittedvalue",
  "pk": 283,
  "fields": {
    "code": "600mg",
    "value": "600mg",
    "questionnaire_value": "",
    "desc": "600mg",
    "pv_group": "FHIntoleranceDose",
    "position": 11
  }
},
{
  "model": "rdrf.cdepermittedvalue",
  "pk": 284,
  "fields": {
    "code": "500mg",
    "value": "500mg",
    "questionnaire_value": "",
    "desc": "500mg",
    "pv_group": "FHIntoleranceDose",
    "position": 10
  }
},
{
  "model": "rdrf.cdepermittedvalue",
  "pk": 285,
  "fields": {
    "code": "145mg",
    "value": "145mg",
    "questionnaire_value": "",
    "desc": "145mg",
    "pv_group": "FHIntoleranceDose",
    "position": 9
  }
},
{
  "model": "rdrf.cdepermittedvalue",
  "pk": 286,
  "fields": {
    "code": "80mg",
    "value": "80mg",
    "questionnaire_value": "",
    "desc": "80mg",
    "pv_group": "FHIntoleranceDose",
    "position": 8
  }
},
{
  "model": "rdrf.cdepermittedvalue",
  "pk": 287,
  "fields": {
    "code": "FHFEODutchAfrikaaners",
    "value": "Dutch Afrikaaners",
    "questionnaire_value": "",
    "desc": "Dutch Afrikaaners",
    "pv_group": "FHFounderEffectOrigin",
    "position": 3
  }
},
{
  "model": "rdrf.cdepermittedvalue",
  "pk": 288,
  "fields": {
    "code": "FHFEOSAAshkenaziJews",
    "value": "South African Ashkenazi Jews",
    "questionnaire_value": "",
    "desc": "South African Ashkenazi Jews",
    "pv_group": "FHFounderEffectOrigin",
    "position": 4
  }
},
{
  "model": "rdrf.cdepermittedvalue",
  "pk": 289,
  "fields": {
    "code": "FHFEOTunisian",
    "value": "Tunisian",
    "questionnaire_value": "",
    "desc": "Tunisian",
    "pv_group": "FHFounderEffectOrigin",
    "position": 5
  }
},
{
  "model": "rdrf.cdepermittedvalue",
  "pk": 290,
  "fields": {
    "code": "FHFEOFrenchCanadian",
    "value": "French Canadian",
    "questionnaire_value": "",
    "desc": "French Canadian",
    "pv_group": "FHFounderEffectOrigin",
    "position": 6
  }
},
{
  "model": "rdrf.cdepermittedvalue",
  "pk": 291,
  "fields": {
    "code": "FHFEOOther",
    "value": "Other",
    "questionnaire_value": "",
    "desc": "Other",
    "pv_group": "FHFounderEffectOrigin",
    "position": 7
  }
},
{
  "model": "rdrf.cdepermittedvalue",
  "pk": 292,
  "fields": {
    "code": "FHFEONo",
    "value": "No",
    "questionnaire_value": "",
    "desc": "No",
    "pv_group": "FHFounderEffectOrigin",
    "position": 1
  }
},
{
  "model": "rdrf.cdepermittedvalue",
  "pk": 293,
  "fields": {
    "code": "FHFEOChristianLebanese",
    "value": "Christian Lebanese",
    "questionnaire_value": "",
    "desc": "Christian Lebanese",
    "pv_group": "FHFounderEffectOrigin",
    "position": 2
  }
},
{
  "model": "rdrf.cdepermittedvalue",
  "pk": 294,
  "fields": {
    "code": "FHSmokingYes",
    "value": "Yes",
    "questionnaire_value": "Yes",
    "desc": "Yes",
    "pv_group": "FHSmoking",
    "position": 0
  }
},
{
  "model": "rdrf.cdepermittedvalue",
  "pk": 295,
  "fields": {
    "code": "FHSmokingExSmoker",
    "value": "Ex-smoker",
    "questionnaire_value": "Ex-smoker",
    "desc": "Ex-smoker",
    "pv_group": "FHSmoking",
    "position": 2
  }
},
{
  "model": "rdrf.cdepermittedvalue",
  "pk": 296,
  "fields": {
    "code": "FHSmokingNever",
    "value": "Never",
    "questionnaire_value": "Never",
    "desc": "Never",
    "pv_group": "FHSmoking",
    "position": 1
  }
},
{
  "model": "rdrf.cdepermittedvalue",
  "pk": 297,
  "fields": {
    "code": "HypothyroidismUnknown",
    "value": "Unknown",
    "questionnaire_value": "",
    "desc": "Unknown",
    "pv_group": "FHHyporthyroidism",
    "position": 4
  }
},
{
  "model": "rdrf.cdepermittedvalue",
  "pk": 298,
  "fields": {
    "code": "HypothyroidismNo",
    "value": "No",
    "questionnaire_value": "",
    "desc": "No",
    "pv_group": "FHHyporthyroidism",
    "position": 3
  }
},
{
  "model": "rdrf.cdepermittedvalue",
  "pk": 299,
  "fields": {
    "code": "HypothyroidismYesUntreated",
    "value": "Yes - untreated",
    "questionnaire_value": "",
    "desc": "Yes - untreated",
    "pv_group": "FHHyporthyroidism",
    "position": 2
  }
},
{
  "model": "rdrf.cdepermittedvalue",
  "pk": 300,
  "fields": {
    "code": "HypothyroidismYesTreated",
    "value": "Yes - treated",
    "questionnaire_value": "",
    "desc": "Yes - treated",
    "pv_group": "FHHyporthyroidism",
    "position": 1
  }
},
{
  "model": "rdrf.cdepermittedvalue",
  "pk": 301,
  "fields": {
    "code": "FHDIschargedUnknown",
    "value": "Unknown",
    "questionnaire_value": "",
    "desc": "Unknown",
    "pv_group": "FHClinicDischarge",
    "position": 5
  }
},
{
  "model": "rdrf.cdepermittedvalue",
  "pk": 302,
  "fields": {
    "code": "FHDischargedNoFollow",
    "value": "No - but lost to follow-up",
    "questionnaire_value": "",
    "desc": "No - but lost to follow-up",
    "pv_group": "FHClinicDischarge",
    "position": 4
  }
},
{
  "model": "rdrf.cdepermittedvalue",
  "pk": 303,
  "fields": {
    "code": "FHDischargedNo",
    "value": "No - remains in clinic",
    "questionnaire_value": "",
    "desc": "No - remains in clinic",
    "pv_group": "FHClinicDischarge",
    "position": 3
  }
},
{
  "model": "rdrf.cdepermittedvalue",
  "pk": 304,
  "fields": {
    "code": "FHDischargedYesSpec",
    "value": "Yes - to specialist",
    "questionnaire_value": "",
    "desc": "Yes - to specialist",
    "pv_group": "FHClinicDischarge",
    "position": 2
  }
},
{
  "model": "rdrf.cdepermittedvalue",
  "pk": 305,
  "fields": {
    "code": "FHDischargedYes",
    "value": "Yes - to GP",
    "questionnaire_value": "",
    "desc": "Yes - to GP",
    "pv_group": "FHClinicDischarge",
    "position": 1
  }
},
{
  "model": "rdrf.cdepermittedvalue",
  "pk": 229,
  "fields": {
    "code": "ApheresisEvery3weeks",
    "value": "Once every 3 weeks",
    "questionnaire_value": "",
    "desc": "Once every 3 weeks",
    "pv_group": "ApheresisFrequency",
    "position": 3
  }
},
{
  "model": "rdrf.cdepermittedvalue",
  "pk": 230,
  "fields": {
    "code": "ApheresisFortnightly",
    "value": "Once every 2 weeks",
    "questionnaire_value": "",
    "desc": "Once every 2 weeks",
    "pv_group": "ApheresisFrequency",
    "position": 2
  }
},
{
  "model": "rdrf.cdepermittedvalue",
  "pk": 231,
  "fields": {
    "code": "ApheresisEvery4weeks",
    "value": "Once every 4 weeks",
    "questionnaire_value": "",
    "desc": "Once every 4 weeks",
    "pv_group": "ApheresisFrequency",
    "position": 4
  }
},
{
  "model": "rdrf.cdepermittedvalue",
  "pk": 232,
  "fields": {
    "code": "fh_is_relative",
    "value": "relative",
    "questionnaire_value": "",
    "desc": "relative",
    "pv_group": "PVG-FH-IndexOrRelative",
    "position": 2
  }
},
{
  "model": "rdrf.cdepermittedvalue",
  "pk": 233,
  "fields": {
    "code": "fh_is_index",
    "value": "index",
    "questionnaire_value": "",
    "desc": "index",
    "pv_group": "PVG-FH-IndexOrRelative",
    "position": 1
  }
},
{
  "model": "rdrf.cdepermittedvalue",
  "pk": 234,
  "fields": {
    "code": "fhpremcvd_unknown",
    "value": "Unknown",
    "questionnaire_value": null,
    "desc": "Unknown",
    "pv_group": "FHPremCVD2",
    "position": 4
  }
},
{
  "model": "rdrf.cdepermittedvalue",
  "pk": 236,
  "fields": {
    "code": "fhpremcvd_no",
    "value": "No",
    "questionnaire_value": "",
    "desc": "No",
    "pv_group": "FHPremCVD2",
    "position": 3
  }
}
]
