[
{
  "fields": {
    "username": "curator",
    "first_name": "curator",
    "last_name": "curator",
    "title": "",
    "password_change_date": "2016-08-09T13:12:21.301",
    "is_active": true,
    "is_superuser": false,
    "is_staff": true,
    "last_login": null,
    "registry": [
      [
        "fh"
      ]
    ],
    "groups": [
      [
        "Working Group Curators"
      ]
    ],
    "user_permissions": [],
    "working_groups": [
      2,
      3,
      4,
      5,
      6,
      7,
      8,
      9,
      10,
      11,
      12,
      13,
      14,
      15,
      16,
      17,
      18
    ],
    "password": "pbkdf2_sha256$20000$M7ParGxUPSZk$4FAOjLh1/Z5XVpBKRm6tYxYNG/bn+EasPfV9d0Kr2Y8=",
    "email": "curator@example.com",
    "date_joined": "2016-08-09T13:12:21.249"
  },
  "model": "groups.customuser"
},
{
  "fields": {
    "username": "clinical",
    "first_name": "clinical",
    "last_name": "clinical",
    "title": "",
    "password_change_date": "2016-08-09T13:12:21.364",
    "is_active": true,
    "is_superuser": false,
    "is_staff": true,
    "last_login": null,
    "registry": [
      [
        "fh"
      ]
    ],
    "groups": [
      [
        "Clinical Staff"
      ]
    ],
    "user_permissions": [],
    "working_groups": [
      2,
      3,
      4,
      5,
      6,
      7,
      8,
      9,
      10,
      11,
      12,
      13,
      14,
      15,
      16,
      17,
      18
    ],
    "password": "pbkdf2_sha256$20000$JFpMZqcLZ8Ac$RKLVmPgBVmlj0S44GS1fxSI6+UYZijqtymcJ+rOp6LQ=",
    "email": "clinical@example.com",
    "date_joined": "2016-08-09T13:12:21.314"
  },
  "model": "groups.customuser"
},
{
  "fields": {
    "username": "genetic",
    "first_name": "genetic",
    "last_name": "genetic",
    "title": "",
    "password_change_date": "2016-08-09T13:12:21.431",
    "is_active": true,
    "is_superuser": false,
    "is_staff": true,
    "last_login": null,
    "registry": [
      [
        "fh"
      ]
    ],
    "groups": [
      [
        "Genetic Staff"
      ]
    ],
    "user_permissions": [],
    "working_groups": [
      2,
      3,
      4,
      5,
      6,
      7,
      8,
      9,
      10,
      11,
      12,
      13,
      14,
      15,
      16,
      17,
      18
    ],
    "password": "pbkdf2_sha256$20000$eYGn6r7u8AMh$BbqOJcDuC80JriXszxxnDuPXsJcuNw8bHEogyW0U3aY=",
    "email": "genetic@example.com",
    "date_joined": "2016-08-09T13:12:21.380"
  },
  "model": "groups.customuser"
},
{
  "fields": {
    "username": "admin",
    "first_name": "admin",
    "last_name": "admin",
    "title": "",
    "password_change_date": "2016-08-09T13:12:21.237",
    "is_active": true,
    "is_superuser": true,
    "is_staff": true,
    "last_login": "2016-08-09T13:13:01.111",
    "registry": [
      [
        "fh"
      ]
    ],
    "groups": [
      [
        "Working Group Curators"
      ]
    ],
    "user_permissions": [],
    "working_groups": [
      2,
      3,
      4,
      5,
      6,
      7,
      8,
      9,
      10,
      11,
      12,
      13,
      14,
      15,
      16,
      17,
      18
    ],
    "password": "pbkdf2_sha256$20000$dZsXRfkSWmlT$/10ysq8EmWgpU2vALzFk5u6SwJbVUvr9J52hZL9YWD0=",
    "email": "admin@example.com",
    "date_joined": "2016-08-09T13:12:21.198"
  },
  "model": "groups.customuser"
}
]
