[
{
  "fields": {
    "username": "curator",
    "first_name": "curator",
    "last_name": "curator",
    "title": "",
    "password_change_date": "2016-08-09T16:07:27.738",
    "is_active": true,
    "is_superuser": false,
    "is_staff": true,
    "last_login": null,
    "registry": [
      [
        "fh"
      ]
    ],
    "groups": [
      [
        "Working Group Curators"
      ]
    ],
    "user_permissions": [],
    "working_groups": [
      3,
      4,
      5,
      6,
      7,
      8,
      9,
      10,
      11,
      12,
      13,
      14,
      15,
      16,
      17,
      18,
      19
    ],
    "password": "pbkdf2_sha256$20000$cS3HrA35mAae$ABa5x3oCG7NnuxPRcX5K7SJgvMWR6peB7ie/RnMpKGw=",
    "email": "curator@example.com",
    "date_joined": "2016-08-09T16:07:27.700"
  },
  "model": "groups.customuser"
},
{
  "fields": {
    "username": "genetic",
    "first_name": "genetic",
    "last_name": "genetic",
    "title": "",
    "password_change_date": "2016-08-09T16:07:27.839",
    "is_active": true,
    "is_superuser": false,
    "is_staff": true,
    "last_login": null,
    "registry": [
      [
        "fh"
      ]
    ],
    "groups": [
      [
        "Genetic Staff"
      ]
    ],
    "user_permissions": [],
    "working_groups": [
      3,
      4,
      5,
      6,
      7,
      8,
      9,
      10,
      11,
      12,
      13,
      14,
      15,
      16,
      17,
      18,
      19
    ],
    "password": "pbkdf2_sha256$20000$b2JiWkOcWVbI$4Fr09JWJR8asRf7X3Ef/d7uUpNUCpvicXkQDiYr5jNI=",
    "email": "genetic@example.com",
    "date_joined": "2016-08-09T16:07:27.801"
  },
  "model": "groups.customuser"
},
{
  "fields": {
    "username": "clinical",
    "first_name": "clinical",
    "last_name": "clinical",
    "title": "",
    "password_change_date": "2016-08-09T16:07:27.791",
    "is_active": true,
    "is_superuser": false,
    "is_staff": true,
    "last_login": null,
    "registry": [
      [
        "fh"
      ]
    ],
    "groups": [
      [
        "Clinical Staff"
      ]
    ],
    "user_permissions": [],
    "working_groups": [
      3,
      4,
      5,
      6,
      7,
      8,
      9,
      10,
      11,
      12,
      13,
      14,
      15,
      16,
      17,
      18,
      19
    ],
    "password": "pbkdf2_sha256$20000$SiDBJ62cYmVd$3n5M7comV+vyD35Pwo+il3TyKGp47R9DvkFnxjNnijg=",
    "email": "clinical@example.com",
    "date_joined": "2016-08-09T16:07:27.748"
  },
  "model": "groups.customuser"
},
{
  "fields": {
    "username": "admin",
    "first_name": "admin",
    "last_name": "admin",
    "title": "",
    "password_change_date": "2016-08-09T16:07:27.695",
    "is_active": true,
    "is_superuser": true,
    "is_staff": true,
    "last_login": "2016-08-22T18:24:04.224",
    "registry": [
      [
        "fh"
      ]
    ],
    "groups": [
      [
        "Working Group Curators"
      ]
    ],
    "user_permissions": [],
    "working_groups": [
      3,
      4,
      5,
      6,
      7,
      8,
      9,
      10,
      11,
      12,
      13,
      14,
      15,
      16,
      17,
      18,
      19
    ],
    "password": "pbkdf2_sha256$20000$aEMv3KRY1IS6$UU9LuipXS8ixlk29tBNEjTVAcbi+fKDcNhWQ2XhMAhs=",
    "email": "admin@example.com",
    "date_joined": "2016-08-09T16:07:27.654"
  },
  "model": "groups.customuser"
}
]
