[
{
  "model": "groups.customuser",
  "fields": {
    "password": "pbkdf2_sha256$20000$cS3HrA35mAae$ABa5x3oCG7NnuxPRcX5K7SJgvMWR6peB7ie/RnMpKGw=",
    "last_login": null,
    "is_superuser": false,
    "username": "curator",
    "first_name": "curator",
    "last_name": "curator",
    "email": "curator@example.com",
    "is_staff": true,
    "is_active": true,
    "date_joined": "2016-08-09T16:07:27.700",
    "title": "",
    "password_change_date": "2017-02-06T15:54:13.993",
    "preferred_language": "en",
    "groups": [
      [
        "Working Group Curators"
      ]
    ],
    "user_permissions": [],
    "working_groups": [
      3,
      4,
      5,
      6,
      7,
      8,
      9,
      10,
      11,
      12,
      13,
      14,
      15,
      16,
      17,
      18,
      19
    ],
    "registry": [
      [
        "fh"
      ]
    ]
  }
},
{
  "model": "groups.customuser",
  "fields": {
    "password": "pbkdf2_sha256$20000$b2JiWkOcWVbI$4Fr09JWJR8asRf7X3Ef/d7uUpNUCpvicXkQDiYr5jNI=",
    "last_login": null,
    "is_superuser": false,
    "username": "genetic",
    "first_name": "genetic",
    "last_name": "genetic",
    "email": "genetic@example.com",
    "is_staff": true,
    "is_active": true,
    "date_joined": "2016-08-09T16:07:27.801",
    "title": "",
    "password_change_date": "2017-02-06T15:54:13.993",
    "preferred_language": "en",
    "groups": [
      [
        "Genetic Staff"
      ]
    ],
    "user_permissions": [],
    "working_groups": [
      3,
      4,
      5,
      6,
      7,
      8,
      9,
      10,
      11,
      12,
      13,
      14,
      15,
      16,
      17,
      18,
      19
    ],
    "registry": [
      [
        "fh"
      ]
    ]
  }
},
{
  "model": "groups.customuser",
  "fields": {
    "password": "pbkdf2_sha256$20000$SiDBJ62cYmVd$3n5M7comV+vyD35Pwo+il3TyKGp47R9DvkFnxjNnijg=",
    "last_login": null,
    "is_superuser": false,
    "username": "clinical",
    "first_name": "clinical",
    "last_name": "clinical",
    "email": "clinical@example.com",
    "is_staff": true,
    "is_active": true,
    "date_joined": "2016-08-09T16:07:27.748",
    "title": "",
    "password_change_date": "2017-02-06T15:54:13.993",
    "preferred_language": "en",
    "groups": [
      [
        "Clinical Staff"
      ]
    ],
    "user_permissions": [],
    "working_groups": [
      3,
      4,
      5,
      6,
      7,
      8,
      9,
      10,
      11,
      12,
      13,
      14,
      15,
      16,
      17,
      18,
      19
    ],
    "registry": [
      [
        "fh"
      ]
    ]
  }
},
{
  "model": "groups.customuser",
  "fields": {
    "password": "pbkdf2_sha256$20000$aEMv3KRY1IS6$UU9LuipXS8ixlk29tBNEjTVAcbi+fKDcNhWQ2XhMAhs=",
    "last_login": "2016-08-22T18:24:04.224",
    "is_superuser": true,
    "username": "admin",
    "first_name": "admin",
    "last_name": "admin",
    "email": "admin@example.com",
    "is_staff": true,
    "is_active": true,
    "date_joined": "2016-08-09T16:07:27.654",
    "title": "",
    "password_change_date": "2017-02-06T15:54:13.993",
    "preferred_language": "en",
    "groups": [
      [
        "Working Group Curators"
      ]
    ],
    "user_permissions": [],
    "working_groups": [
      3,
      4,
      5,
      6,
      7,
      8,
      9,
      10,
      11,
      12,
      13,
      14,
      15,
      16,
      17,
      18,
      19
    ],
    "registry": [
      [
        "fh"
      ]
    ]
  }
}
]
