[
{
  "fields": {
    "name": "Working Group Curators",
    "permissions": [
      [
        "add_gene",
        "genetic",
        "gene"
      ],
      [
        "change_gene",
        "genetic",
        "gene"
      ],
      [
        "delete_gene",
        "genetic",
        "gene"
      ],
      [
        "add_laboratory",
        "genetic",
        "laboratory"
      ],
      [
        "change_laboratory",
        "genetic",
        "laboratory"
      ],
      [
        "delete_laboratory",
        "genetic",
        "laboratory"
      ],
      [
        "add_technique",
        "genetic",
        "technique"
      ],
      [
        "change_technique",
        "genetic",
        "technique"
      ],
      [
        "delete_technique",
        "genetic",
        "technique"
      ],
      [
        "add_addresstype",
        "patients",
        "addresstype"
      ],
      [
        "change_addresstype",
        "patients",
        "addresstype"
      ],
      [
        "delete_addresstype",
        "patients",
        "addresstype"
      ],
      [
        "add_doctor",
        "patients",
        "doctor"
      ],
      [
        "change_doctor",
        "patients",
        "doctor"
      ],
      [
        "delete_doctor",
        "patients",
        "doctor"
      ],
      [
        "add_nextofkinrelationship",
        "patients",
        "nextofkinrelationship"
      ],
      [
        "change_nextofkinrelationship",
        "patients",
        "nextofkinrelationship"
      ],
      [
        "delete_nextofkinrelationship",
        "patients",
        "nextofkinrelationship"
      ],
      [
        "add_patient",
        "patients",
        "patient"
      ],
      [
        "can_see_data_modules",
        "patients",
        "patient"
      ],
      [
        "can_see_dob",
        "patients",
        "patient"
      ],
      [
        "can_see_full_name",
        "patients",
        "patient"
      ],
      [
        "can_see_working_groups",
        "patients",
        "patient"
      ],
      [
        "change_patient",
        "patients",
        "patient"
      ],
      [
        "delete_patient",
        "patients",
        "patient"
      ],
      [
        "add_patientaddress",
        "patients",
        "patientaddress"
      ],
      [
        "change_patientaddress",
        "patients",
        "patientaddress"
      ],
      [
        "delete_patientaddress",
        "patients",
        "patientaddress"
      ],
      [
        "add_patientconsent",
        "patients",
        "patientconsent"
      ],
      [
        "change_patientconsent",
        "patients",
        "patientconsent"
      ],
      [
        "delete_patientconsent",
        "patients",
        "patientconsent"
      ],
      [
        "add_patientdoctor",
        "patients",
        "patientdoctor"
      ],
      [
        "change_patientdoctor",
        "patients",
        "patientdoctor"
      ],
      [
        "delete_patientdoctor",
        "patients",
        "patientdoctor"
      ],
      [
        "add_patientrelative",
        "patients",
        "patientrelative"
      ],
      [
        "change_patientrelative",
        "patients",
        "patientrelative"
      ],
      [
        "delete_patientrelative",
        "patients",
        "patientrelative"
      ],
      [
        "add_state",
        "patients",
        "state"
      ],
      [
        "change_state",
        "patients",
        "state"
      ],
      [
        "delete_state",
        "patients",
        "state"
      ],
      [
        "change_questionnaireresponse",
        "rdrf",
        "questionnaireresponse"
      ],
      [
        "delete_questionnaireresponse",
        "rdrf",
        "questionnaireresponse"
      ]
    ]
  },
  "model": "auth.group"
},
{
  "fields": {
    "name": "Clinical Staff",
    "permissions": [
      [
        "add_laboratory",
        "genetic",
        "laboratory"
      ],
      [
        "change_laboratory",
        "genetic",
        "laboratory"
      ],
      [
        "change_addresstype",
        "patients",
        "addresstype"
      ],
      [
        "delete_addresstype",
        "patients",
        "addresstype"
      ],
      [
        "add_nextofkinrelationship",
        "patients",
        "nextofkinrelationship"
      ],
      [
        "change_nextofkinrelationship",
        "patients",
        "nextofkinrelationship"
      ],
      [
        "delete_nextofkinrelationship",
        "patients",
        "nextofkinrelationship"
      ],
      [
        "add_patient",
        "patients",
        "patient"
      ],
      [
        "can_see_data_modules",
        "patients",
        "patient"
      ],
      [
        "can_see_diagnosis_currency",
        "patients",
        "patient"
      ],
      [
        "can_see_diagnosis_progress",
        "patients",
        "patient"
      ],
      [
        "can_see_dob",
        "patients",
        "patient"
      ],
      [
        "can_see_full_name",
        "patients",
        "patient"
      ],
      [
        "can_see_working_groups",
        "patients",
        "patient"
      ],
      [
        "change_patient",
        "patients",
        "patient"
      ],
      [
        "delete_patient",
        "patients",
        "patient"
      ],
      [
        "add_patientaddress",
        "patients",
        "patientaddress"
      ],
      [
        "change_patientaddress",
        "patients",
        "patientaddress"
      ],
      [
        "delete_patientaddress",
        "patients",
        "patientaddress"
      ],
      [
        "add_patientconsent",
        "patients",
        "patientconsent"
      ],
      [
        "change_patientconsent",
        "patients",
        "patientconsent"
      ],
      [
        "delete_patientconsent",
        "patients",
        "patientconsent"
      ],
      [
        "add_patientrelative",
        "patients",
        "patientrelative"
      ],
      [
        "change_patientrelative",
        "patients",
        "patientrelative"
      ],
      [
        "delete_patientrelative",
        "patients",
        "patientrelative"
      ],
      [
        "add_state",
        "patients",
        "state"
      ],
      [
        "change_state",
        "patients",
        "state"
      ],
      [
        "delete_state",
        "patients",
        "state"
      ],
      [
        "change_questionnaireresponse",
        "rdrf",
        "questionnaireresponse"
      ],
      [
        "delete_questionnaireresponse",
        "rdrf",
        "questionnaireresponse"
      ]
    ]
  },
  "model": "auth.group"
},
{
  "fields": {
    "name": "Genetic Staff",
    "permissions": [
      [
        "add_gene",
        "genetic",
        "gene"
      ],
      [
        "change_gene",
        "genetic",
        "gene"
      ],
      [
        "add_laboratory",
        "genetic",
        "laboratory"
      ],
      [
        "change_laboratory",
        "genetic",
        "laboratory"
      ],
      [
        "add_technique",
        "genetic",
        "technique"
      ],
      [
        "change_technique",
        "genetic",
        "technique"
      ],
      [
        "add_addresstype",
        "patients",
        "addresstype"
      ],
      [
        "change_addresstype",
        "patients",
        "addresstype"
      ],
      [
        "delete_addresstype",
        "patients",
        "addresstype"
      ],
      [
        "add_nextofkinrelationship",
        "patients",
        "nextofkinrelationship"
      ],
      [
        "change_nextofkinrelationship",
        "patients",
        "nextofkinrelationship"
      ],
      [
        "delete_nextofkinrelationship",
        "patients",
        "nextofkinrelationship"
      ],
      [
        "add_patient",
        "patients",
        "patient"
      ],
      [
        "can_see_data_modules",
        "patients",
        "patient"
      ],
      [
        "can_see_dob",
        "patients",
        "patient"
      ],
      [
        "can_see_full_name",
        "patients",
        "patient"
      ],
      [
        "can_see_genetic_data_map",
        "patients",
        "patient"
      ],
      [
        "can_see_working_groups",
        "patients",
        "patient"
      ],
      [
        "change_patient",
        "patients",
        "patient"
      ],
      [
        "delete_patient",
        "patients",
        "patient"
      ],
      [
        "add_patientaddress",
        "patients",
        "patientaddress"
      ],
      [
        "change_patientaddress",
        "patients",
        "patientaddress"
      ],
      [
        "delete_patientaddress",
        "patients",
        "patientaddress"
      ],
      [
        "add_patientconsent",
        "patients",
        "patientconsent"
      ],
      [
        "change_patientconsent",
        "patients",
        "patientconsent"
      ],
      [
        "delete_patientconsent",
        "patients",
        "patientconsent"
      ],
      [
        "add_patientrelative",
        "patients",
        "patientrelative"
      ],
      [
        "change_patientrelative",
        "patients",
        "patientrelative"
      ],
      [
        "delete_patientrelative",
        "patients",
        "patientrelative"
      ],
      [
        "add_state",
        "patients",
        "state"
      ],
      [
        "change_state",
        "patients",
        "state"
      ],
      [
        "delete_state",
        "patients",
        "state"
      ]
    ]
  },
  "model": "auth.group"
},
{
  "fields": {
    "name": "Working Group Staff",
    "permissions": []
  },
  "model": "auth.group"
},
{
  "fields": {
    "name": "Genetic Curator",
    "permissions": []
  },
  "model": "auth.group"
}
]
