[
{
  "fields": {
    "splash_screen": "<h1>Demyelinating Diseases Registry</h1>\r\n\r\n<h3> Welcome to the Demyelinating Diseases Registry </h3>\r\n\r\n<div class=\"alert alert-info\">Please log in by clicking on the link located in the top-right corner</div>",
    "patient_data_section": null,
    "code": "dd",
    "name": "Demyelinating Diseases Registry",
    "version": "0.1.8",
    "metadata_json": "",
    "desc": "Demyelinating Diseases ",
    "patient_splash_screen": null
  },
  "model": "rdrf.registry"
}
]
