[
{
  "fields": {
    "code": "DDStatus",
    "display_name": "Status",
    "extra": null,
    "questionnaire_display_name": "",
    "elements": "DDCondition,DDAffectedStatus,FirstSuspectedBy,DateOfDiagnosis,Orphanet,FamilyHistory,FamilyConsent,DDAgeAtDiagnosis",
    "questionnaire_help": "",
    "allow_multiple": false
  },
  "model": "rdrf.section"
},
{
  "fields": {
    "code": "DDMedicalHistoryRecord",
    "display_name": "Medical History Record",
    "extra": null,
    "questionnaire_display_name": "",
    "elements": "MedicalHistoryRecordDate,DDMedicalHistoryDisease,ChronicIncurable,MedicalHistoryDocument,MedicalHistoryOtherComment,Misdiagnosed",
    "questionnaire_help": "",
    "allow_multiple": true
  },
  "model": "rdrf.section"
},
{
  "fields": {
    "code": "DDClinicalData",
    "display_name": "Clinical Data",
    "extra": null,
    "questionnaire_display_name": "",
    "elements": "ClinicalDataDate,DateOfFirstSymptoms,EDSSEvaluationType,EDSSVisual,EDSSBrainStem,EDSSPyramidal,EDSSCerebellar,EDSSSensory,EDSSBowelBladder,EDSSCerebralMental,EDSSAmbulation,EDSSForm,DateOfVisits,EDSSScore,Comments",
    "questionnaire_help": "",
    "allow_multiple": true
  },
  "model": "rdrf.section"
},
{
  "fields": {
    "code": "DDLabData",
    "display_name": "Laboratory Data",
    "extra": null,
    "questionnaire_display_name": "",
    "elements": "Date,Protein,Leucocytes,Erythrocytes,OligoclonalBands,IgGAlb,VitaminD3,AQP4Antibody",
    "questionnaire_help": "",
    "allow_multiple": true
  },
  "model": "rdrf.section"
},
{
  "fields": {
    "code": "DDTreatmentCourses",
    "display_name": "Treatment Courses",
    "extra": null,
    "questionnaire_display_name": "",
    "elements": "DDTreatment,StartDate,EndDate,DDTreatmentCourseDoseType,DoseNotes,AdverseEvents",
    "questionnaire_help": "",
    "allow_multiple": false
  },
  "model": "rdrf.section"
},
{
  "fields": {
    "code": "DDMRIData",
    "display_name": "MRI Data",
    "extra": null,
    "questionnaire_display_name": "",
    "elements": "Date,MRIDataLocation,MRIBrain,MRICervical,MRIThoracic,MRIReport,MRIImageFile",
    "questionnaire_help": "",
    "allow_multiple": false
  },
  "model": "rdrf.section"
},
{
  "fields": {
    "code": "PatientData",
    "display_name": "Personal Information",
    "extra": null,
    "questionnaire_display_name": "",
    "elements": "CDEPatientCentre,CDEPatientFamilyName,CDEPatientGivenNames,CDEPatientDateOfBirth,CDEPatientSex,CDEPatientHomePhone,CDEPatientMobilePhone,CDEPatientEmail,CDEPatientNextOfKinFamilyName,CDEPatientNextOfKinGivenNames,CDEPatientNOKRelationship,CDEPatientNextOfKinEmail,CDEPatientNextOfKinAddress,CDEPatientNextOfKinSuburb,CDEPatientNextOfKinState",
    "questionnaire_help": "",
    "allow_multiple": false
  },
  "model": "rdrf.section"
},
{
  "fields": {
    "code": "PatientDataAddressSection",
    "display_name": "Addresses",
    "extra": null,
    "questionnaire_display_name": "",
    "elements": "AddressType,Address,Country,State,SuburbTown,postcode",
    "questionnaire_help": "",
    "allow_multiple": true
  },
  "model": "rdrf.section"
}
]
