[
{
  "fields": {
    "field": "clinician",
    "readonly": null,
    "hidden": true,
    "group": [
      "Clinical Staff"
    ],
    "registry": [
      "dd"
    ]
  },
  "model": "rdrf.demographicfields",
  "pk": 6
},
{
  "fields": {
    "field": "clinician",
    "readonly": null,
    "hidden": true,
    "group": [
      "Genetic Curator"
    ],
    "registry": [
      "dd"
    ]
  },
  "model": "rdrf.demographicfields",
  "pk": 7
},
{
  "fields": {
    "field": "clinician",
    "readonly": null,
    "hidden": true,
    "group": [
      "Genetic Staff"
    ],
    "registry": [
      "dd"
    ]
  },
  "model": "rdrf.demographicfields",
  "pk": 8
},
{
  "fields": {
    "field": "clinician",
    "readonly": null,
    "hidden": true,
    "group": [
      "Working Group Curators"
    ],
    "registry": [
      "dd"
    ]
  },
  "model": "rdrf.demographicfields",
  "pk": 9
},
{
  "fields": {
    "field": "clinician",
    "readonly": null,
    "hidden": true,
    "group": [
      "Working Group Staff"
    ],
    "registry": [
      "dd"
    ]
  },
  "model": "rdrf.demographicfields",
  "pk": 10
},
{
  "fields": {
    "field": "living_status",
    "readonly": null,
    "hidden": true,
    "group": [
      "Clinical Staff"
    ],
    "registry": [
      "dd"
    ]
  },
  "model": "rdrf.demographicfields",
  "pk": 11
},
{
  "fields": {
    "field": "living_status",
    "readonly": null,
    "hidden": true,
    "group": [
      "Genetic Curator"
    ],
    "registry": [
      "dd"
    ]
  },
  "model": "rdrf.demographicfields",
  "pk": 12
},
{
  "fields": {
    "field": "living_status",
    "readonly": null,
    "hidden": true,
    "group": [
      "Genetic Staff"
    ],
    "registry": [
      "dd"
    ]
  },
  "model": "rdrf.demographicfields",
  "pk": 13
},
{
  "fields": {
    "field": "living_status",
    "readonly": null,
    "hidden": true,
    "group": [
      "Working Group Curators"
    ],
    "registry": [
      "dd"
    ]
  },
  "model": "rdrf.demographicfields",
  "pk": 14
},
{
  "fields": {
    "field": "living_status",
    "readonly": null,
    "hidden": true,
    "group": [
      "Working Group Staff"
    ],
    "registry": [
      "dd"
    ]
  },
  "model": "rdrf.demographicfields",
  "pk": 15
}
]
