[
{
  "fields": {
    "code": "ddconsentsec01",
    "information_text": null,
    "validation_rule": "c1 or c2 or c3 or c4",
    "applicability_condition": "",
    "registry": [
      "dd"
    ],
    "information_link": "",
    "section_label": "Please choose one of the following four consent options"
  },
  "model": "rdrf.consentsection"
},
{
  "fields": {
    "code": "ddconsntsec02",
    "information_text": null,
    "validation_rule": "",
    "applicability_condition": "",
    "registry": [
      "dd"
    ],
    "information_link": "",
    "section_label": "Optional consent, please tick as appropriate"
  },
  "model": "rdrf.consentsection"
}
]
