[
{
  "fields": {
    "description": "Test",
    "title": "Test Report",
    "created_at": "2016-05-31T15:00:49.184",
    "created_by": "admin",
    "aggregation": "",
    "collection": "cdes",
    "mongo_search_type": "C",
    "max_items": 3,
    "registry": [
      "dd"
    ],
    "access_group": [
      [
        "Working Group Curators"
      ]
    ],
    "criteria": "None",
    "sql_query": "SELECT \r\np.id as id,\r\np.family_name,\r\np.given_names,\r\np.date_of_birth, \r\ng.name AS \"WorkingGroup\"\r\nFROM patients_patient p\r\nINNER JOIN patients_patient_working_groups pg ON p.id = pg.patient_id\r\nINNER JOIN groups_workinggroup g ON g.id = pg.workinggroup_id\r\nORDER BY \r\np.family_name",
    "projection": "[{\"longitudinal\": false, \"sectionCode\": \"DDStatus\", \"value\": true, \"cdeCode\": \"DDCondition\", \"registryCode\": \"dd\", \"formName\": \"Diagnosis\"}, {\"longitudinal\": false, \"sectionCode\": \"DDStatus\", \"value\": true, \"cdeCode\": \"DDAffectedStatus\", \"registryCode\": \"dd\", \"formName\": \"Diagnosis\"}, {\"longitudinal\": false, \"sectionCode\": \"DDStatus\", \"value\": true, \"cdeCode\": \"FirstSuspectedBy\", \"registryCode\": \"dd\", \"formName\": \"Diagnosis\"}, {\"longitudinal\": false, \"sectionCode\": \"DDStatus\", \"value\": true, \"cdeCode\": \"DateOfDiagnosis\", \"registryCode\": \"dd\", \"formName\": \"Diagnosis\"}, {\"longitudinal\": false, \"sectionCode\": \"DDStatus\", \"value\": true, \"cdeCode\": \"Orphanet\", \"registryCode\": \"dd\", \"formName\": \"Diagnosis\"}, {\"longitudinal\": false, \"sectionCode\": \"DDStatus\", \"value\": true, \"cdeCode\": \"FamilyHistory\", \"registryCode\": \"dd\", \"formName\": \"Diagnosis\"}, {\"longitudinal\": false, \"sectionCode\": \"DDStatus\", \"value\": true, \"cdeCode\": \"FamilyConsent\", \"registryCode\": \"dd\", \"formName\": \"Diagnosis\"}, {\"longitudinal\": false, \"sectionCode\": \"DDStatus\", \"value\": true, \"cdeCode\": \"DDAgeAtDiagnosis\", \"registryCode\": \"dd\", \"formName\": \"Diagnosis\"}, {\"longitudinal\": false, \"sectionCode\": \"DDMedicalHistoryRecord\", \"value\": true, \"cdeCode\": \"MedicalHistoryRecordDate\", \"registryCode\": \"dd\", \"formName\": \"Diagnosis\"}, {\"longitudinal\": false, \"sectionCode\": \"DDMedicalHistoryRecord\", \"value\": true, \"cdeCode\": \"DDMedicalHistoryDisease\", \"registryCode\": \"dd\", \"formName\": \"Diagnosis\"}, {\"longitudinal\": false, \"sectionCode\": \"DDMedicalHistoryRecord\", \"value\": true, \"cdeCode\": \"ChronicIncurable\", \"registryCode\": \"dd\", \"formName\": \"Diagnosis\"}, {\"longitudinal\": false, \"sectionCode\": \"DDMedicalHistoryRecord\", \"value\": true, \"cdeCode\": \"MedicalHistoryDocument\", \"registryCode\": \"dd\", \"formName\": \"Diagnosis\"}, {\"longitudinal\": false, \"sectionCode\": \"DDMedicalHistoryRecord\", \"value\": true, \"cdeCode\": \"MedicalHistoryOtherComment\", \"registryCode\": \"dd\", \"formName\": \"Diagnosis\"}, {\"longitudinal\": false, \"sectionCode\": \"DDMedicalHistoryRecord\", \"value\": true, \"cdeCode\": \"Misdiagnosed\", \"registryCode\": \"dd\", \"formName\": \"Diagnosis\"}, {\"longitudinal\": false, \"sectionCode\": \"DDClinicalData\", \"value\": true, \"cdeCode\": \"ClinicalDataDate\", \"registryCode\": \"dd\", \"formName\": \"Diagnosis\"}, {\"longitudinal\": false, \"sectionCode\": \"DDClinicalData\", \"value\": true, \"cdeCode\": \"DateOfFirstSymptoms\", \"registryCode\": \"dd\", \"formName\": \"Diagnosis\"}, {\"longitudinal\": false, \"sectionCode\": \"DDClinicalData\", \"value\": true, \"cdeCode\": \"EDSSEvaluationType\", \"registryCode\": \"dd\", \"formName\": \"Diagnosis\"}, {\"longitudinal\": false, \"sectionCode\": \"DDClinicalData\", \"value\": true, \"cdeCode\": \"EDSSVisual\", \"registryCode\": \"dd\", \"formName\": \"Diagnosis\"}, {\"longitudinal\": false, \"sectionCode\": \"DDClinicalData\", \"value\": true, \"cdeCode\": \"EDSSBrainStem\", \"registryCode\": \"dd\", \"formName\": \"Diagnosis\"}, {\"longitudinal\": false, \"sectionCode\": \"DDClinicalData\", \"value\": true, \"cdeCode\": \"EDSSPyramidal\", \"registryCode\": \"dd\", \"formName\": \"Diagnosis\"}, {\"longitudinal\": false, \"sectionCode\": \"DDClinicalData\", \"value\": true, \"cdeCode\": \"EDSSCerebellar\", \"registryCode\": \"dd\", \"formName\": \"Diagnosis\"}, {\"longitudinal\": false, \"sectionCode\": \"DDClinicalData\", \"value\": true, \"cdeCode\": \"EDSSSensory\", \"registryCode\": \"dd\", \"formName\": \"Diagnosis\"}, {\"longitudinal\": false, \"sectionCode\": \"DDClinicalData\", \"value\": true, \"cdeCode\": \"EDSSBowelBladder\", \"registryCode\": \"dd\", \"formName\": \"Diagnosis\"}, {\"longitudinal\": false, \"sectionCode\": \"DDClinicalData\", \"value\": true, \"cdeCode\": \"EDSSCerebralMental\", \"registryCode\": \"dd\", \"formName\": \"Diagnosis\"}, {\"longitudinal\": false, \"sectionCode\": \"DDClinicalData\", \"value\": true, \"cdeCode\": \"EDSSAmbulation\", \"registryCode\": \"dd\", \"formName\": \"Diagnosis\"}, {\"longitudinal\": false, \"sectionCode\": \"DDClinicalData\", \"value\": true, \"cdeCode\": \"EDSSForm\", \"registryCode\": \"dd\", \"formName\": \"Diagnosis\"}, {\"longitudinal\": false, \"sectionCode\": \"DDClinicalData\", \"value\": true, \"cdeCode\": \"DateOfVisits\", \"registryCode\": \"dd\", \"formName\": \"Diagnosis\"}, {\"longitudinal\": false, \"sectionCode\": \"DDClinicalData\", \"value\": true, \"cdeCode\": \"EDSSScore\", \"registryCode\": \"dd\", \"formName\": \"Diagnosis\"}, {\"longitudinal\": false, \"sectionCode\": \"DDClinicalData\", \"value\": true, \"cdeCode\": \"Comments\", \"registryCode\": \"dd\", \"formName\": \"Diagnosis\"}, {\"longitudinal\": false, \"sectionCode\": \"DDLabData\", \"value\": true, \"cdeCode\": \"Date\", \"registryCode\": \"dd\", \"formName\": \"Diagnosis\"}, {\"longitudinal\": false, \"sectionCode\": \"DDLabData\", \"value\": true, \"cdeCode\": \"Protein\", \"registryCode\": \"dd\", \"formName\": \"Diagnosis\"}, {\"longitudinal\": false, \"sectionCode\": \"DDLabData\", \"value\": true, \"cdeCode\": \"Leucocytes\", \"registryCode\": \"dd\", \"formName\": \"Diagnosis\"}, {\"longitudinal\": false, \"sectionCode\": \"DDLabData\", \"value\": true, \"cdeCode\": \"Erythrocytes\", \"registryCode\": \"dd\", \"formName\": \"Diagnosis\"}, {\"longitudinal\": false, \"sectionCode\": \"DDLabData\", \"value\": true, \"cdeCode\": \"OligoclonalBands\", \"registryCode\": \"dd\", \"formName\": \"Diagnosis\"}, {\"longitudinal\": false, \"sectionCode\": \"DDLabData\", \"value\": true, \"cdeCode\": \"IgGAlb\", \"registryCode\": \"dd\", \"formName\": \"Diagnosis\"}, {\"longitudinal\": false, \"sectionCode\": \"DDLabData\", \"value\": true, \"cdeCode\": \"VitaminD3\", \"registryCode\": \"dd\", \"formName\": \"Diagnosis\"}, {\"longitudinal\": false, \"sectionCode\": \"DDLabData\", \"value\": true, \"cdeCode\": \"AQP4Antibody\", \"registryCode\": \"dd\", \"formName\": \"Diagnosis\"}, {\"longitudinal\": false, \"sectionCode\": \"DDTreatmentCourses\", \"value\": true, \"cdeCode\": \"DDTreatment\", \"registryCode\": \"dd\", \"formName\": \"Diagnosis\"}, {\"longitudinal\": false, \"sectionCode\": \"DDTreatmentCourses\", \"value\": true, \"cdeCode\": \"StartDate\", \"registryCode\": \"dd\", \"formName\": \"Diagnosis\"}, {\"longitudinal\": false, \"sectionCode\": \"DDTreatmentCourses\", \"value\": true, \"cdeCode\": \"EndDate\", \"registryCode\": \"dd\", \"formName\": \"Diagnosis\"}, {\"longitudinal\": false, \"sectionCode\": \"DDTreatmentCourses\", \"value\": true, \"cdeCode\": \"DDTreatmentCourseDoseType\", \"registryCode\": \"dd\", \"formName\": \"Diagnosis\"}, {\"longitudinal\": false, \"sectionCode\": \"DDTreatmentCourses\", \"value\": true, \"cdeCode\": \"DoseNotes\", \"registryCode\": \"dd\", \"formName\": \"Diagnosis\"}, {\"longitudinal\": false, \"sectionCode\": \"DDTreatmentCourses\", \"value\": true, \"cdeCode\": \"AdverseEvents\", \"registryCode\": \"dd\", \"formName\": \"Diagnosis\"}, {\"longitudinal\": false, \"sectionCode\": \"DDMRIData\", \"value\": true, \"cdeCode\": \"Date\", \"registryCode\": \"dd\", \"formName\": \"Diagnosis\"}, {\"longitudinal\": false, \"sectionCode\": \"DDMRIData\", \"value\": true, \"cdeCode\": \"MRIDataLocation\", \"registryCode\": \"dd\", \"formName\": \"Diagnosis\"}, {\"longitudinal\": false, \"sectionCode\": \"DDMRIData\", \"value\": true, \"cdeCode\": \"MRIBrain\", \"registryCode\": \"dd\", \"formName\": \"Diagnosis\"}, {\"longitudinal\": false, \"sectionCode\": \"DDMRIData\", \"value\": true, \"cdeCode\": \"MRICervical\", \"registryCode\": \"dd\", \"formName\": \"Diagnosis\"}, {\"longitudinal\": false, \"sectionCode\": \"DDMRIData\", \"value\": true, \"cdeCode\": \"MRIThoracic\", \"registryCode\": \"dd\", \"formName\": \"Diagnosis\"}, {\"longitudinal\": false, \"sectionCode\": \"DDMRIData\", \"value\": true, \"cdeCode\": \"MRIReport\", \"registryCode\": \"dd\", \"formName\": \"Diagnosis\"}, {\"longitudinal\": false, \"sectionCode\": \"DDMRIData\", \"value\": true, \"cdeCode\": \"MRIImageFile\", \"registryCode\": \"dd\", \"formName\": \"Diagnosis\"}]"
  },
  "model": "explorer.query",
  "pk": 1
}
]
