[
{
  "fields": {
    "field": "clinician",
    "readonly": null,
    "hidden": true,
    "group": [
      "Clinical Staff"
    ],
    "registry": [
      "dd"
    ]
  },
  "model": "rdrf.demographicfields",
  "pk": 1
},
{
  "fields": {
    "field": "clinician",
    "readonly": null,
    "hidden": true,
    "group": [
      "Genetic Curator"
    ],
    "registry": [
      "dd"
    ]
  },
  "model": "rdrf.demographicfields",
  "pk": 2
},
{
  "fields": {
    "field": "clinician",
    "readonly": null,
    "hidden": true,
    "group": [
      "Genetic Staff"
    ],
    "registry": [
      "dd"
    ]
  },
  "model": "rdrf.demographicfields",
  "pk": 3
},
{
  "fields": {
    "field": "clinician",
    "readonly": null,
    "hidden": true,
    "group": [
      "Working Group Curators"
    ],
    "registry": [
      "dd"
    ]
  },
  "model": "rdrf.demographicfields",
  "pk": 4
},
{
  "fields": {
    "field": "clinician",
    "readonly": null,
    "hidden": true,
    "group": [
      "Working Group Staff"
    ],
    "registry": [
      "dd"
    ]
  },
  "model": "rdrf.demographicfields",
  "pk": 5
},
{
  "fields": {
    "field": "living_status",
    "readonly": null,
    "hidden": true,
    "group": [
      "Clinical Staff"
    ],
    "registry": [
      "dd"
    ]
  },
  "model": "rdrf.demographicfields",
  "pk": 6
},
{
  "fields": {
    "field": "living_status",
    "readonly": null,
    "hidden": true,
    "group": [
      "Genetic Curator"
    ],
    "registry": [
      "dd"
    ]
  },
  "model": "rdrf.demographicfields",
  "pk": 7
},
{
  "fields": {
    "field": "living_status",
    "readonly": null,
    "hidden": true,
    "group": [
      "Genetic Staff"
    ],
    "registry": [
      "dd"
    ]
  },
  "model": "rdrf.demographicfields",
  "pk": 8
},
{
  "fields": {
    "field": "living_status",
    "readonly": null,
    "hidden": true,
    "group": [
      "Working Group Curators"
    ],
    "registry": [
      "dd"
    ]
  },
  "model": "rdrf.demographicfields",
  "pk": 9
},
{
  "fields": {
    "field": "living_status",
    "readonly": null,
    "hidden": true,
    "group": [
      "Working Group Staff"
    ],
    "registry": [
      "dd"
    ]
  },
  "model": "rdrf.demographicfields",
  "pk": 10
}
]
