[
{
  "fields": {
    "code": "c1",
    "question_label": "Consent to allow for clinical trials given",
    "section": [
      "dd",
      "ddconsntsec02"
    ],
    "position": 1,
    "instructions": "Consent given to be contacted about clinical trials or other studies related to their condition.",
    "questionnaire_label": ""
  },
  "model": "rdrf.consentquestion"
},
{
  "fields": {
    "code": "c2",
    "question_label": "Consent to be sent information given",
    "section": [
      "dd",
      "ddconsntsec02"
    ],
    "position": 2,
    "instructions": "Consent given to be sent information on their condition.",
    "questionnaire_label": ""
  },
  "model": "rdrf.consentquestion"
},
{
  "fields": {
    "code": "c1",
    "question_label": "Consent given to store data only while individual is living",
    "section": [
      "dd",
      "ddconsentsec01"
    ],
    "position": 1,
    "instructions": "The individual consents to be part of the registry and have data retained and shared in accordance with the information provided to them only while living.",
    "questionnaire_label": ""
  },
  "model": "rdrf.consentquestion"
},
{
  "fields": {
    "code": "c2",
    "question_label": "Consent given to store data for the duration of the registry",
    "section": [
      "dd",
      "ddconsentsec01"
    ],
    "position": 2,
    "instructions": "The individual consents to be part of the registry and have data retained and shared in accordance with the information provided to them permanently for the duration of the registry, including following death.",
    "questionnaire_label": ""
  },
  "model": "rdrf.consentquestion"
},
{
  "fields": {
    "code": "c3",
    "question_label": "Consent provided by Parent/Guardian only while individual is living",
    "section": [
      "dd",
      "ddconsentsec01"
    ],
    "position": 3,
    "instructions": "Parent/Guardian consent provided on behalf of the individual to have data retained only while living.",
    "questionnaire_label": ""
  },
  "model": "rdrf.consentquestion"
},
{
  "fields": {
    "code": "c4",
    "question_label": "Consent provided by Parent/Guardian for the duration of the registry",
    "section": [
      "dd",
      "ddconsentsec01"
    ],
    "position": 4,
    "instructions": "Parent/Guardian consent provided on behalf of the individual to have data retained permanently including following death of the individual.",
    "questionnaire_label": ""
  },
  "model": "rdrf.consentquestion"
}
]
