[
{
  "model": "rdrf.cdepermittedvalue",
  "pk": 1,
  "fields": {
    "code": "ANGAllergyMedication",
    "value": "Medications",
    "questionnaire_value": "",
    "desc": "Medications",
    "pv_group": "ANGAllergyType",
    "position": 1
  }
},
{
  "model": "rdrf.cdepermittedvalue",
  "pk": 2,
  "fields": {
    "code": "ANGAllergyEnvironmentalTrigger",
    "value": "Environmental triggers",
    "questionnaire_value": "",
    "desc": "Environmental triggers",
    "pv_group": "ANGAllergyType",
    "position": 2
  }
},
{
  "model": "rdrf.cdepermittedvalue",
  "pk": 3,
  "fields": {
    "code": "ANGAllergyFood",
    "value": "Food",
    "questionnaire_value": "",
    "desc": "Food",
    "pv_group": "ANGAllergyType",
    "position": 3
  }
},
{
  "model": "rdrf.cdepermittedvalue",
  "pk": 4,
  "fields": {
    "code": "ANGAllergyOther",
    "value": "Other",
    "questionnaire_value": "",
    "desc": "Other",
    "pv_group": "ANGAllergyType",
    "position": 4
  }
},
{
  "model": "rdrf.cdepermittedvalue",
  "pk": 5,
  "fields": {
    "code": "1ANANone",
    "value": "None",
    "questionnaire_value": "None",
    "desc": "None",
    "pv_group": "ANGAnasthesiaNUM",
    "position": 1
  }
},
{
  "model": "rdrf.cdepermittedvalue",
  "pk": 6,
  "fields": {
    "code": "ANAMore10",
    "value": "More than 10",
    "questionnaire_value": "More than 10",
    "desc": "More than 10",
    "pv_group": "ANGAnasthesiaNUM",
    "position": 5
  }
},
{
  "model": "rdrf.cdepermittedvalue",
  "pk": 7,
  "fields": {
    "code": "ANA5to10",
    "value": "5 - 10",
    "questionnaire_value": "5 - 10",
    "desc": "5 - 10",
    "pv_group": "ANGAnasthesiaNUM",
    "position": 4
  }
},
{
  "model": "rdrf.cdepermittedvalue",
  "pk": 8,
  "fields": {
    "code": "ANA2to5",
    "value": "2 - 5",
    "questionnaire_value": "2 - 5",
    "desc": "2 - 5",
    "pv_group": "ANGAnasthesiaNUM",
    "position": 3
  }
},
{
  "model": "rdrf.cdepermittedvalue",
  "pk": 9,
  "fields": {
    "code": "ANAOne",
    "value": "One only",
    "questionnaire_value": "One only",
    "desc": "One only",
    "pv_group": "ANGAnasthesiaNUM",
    "position": 2
  }
},
{
  "model": "rdrf.cdepermittedvalue",
  "pk": 10,
  "fields": {
    "code": "1Major",
    "value": "1 - Major problems",
    "questionnaire_value": "1 - Major problems",
    "desc": "1 - Major problems",
    "pv_group": "ANGBEHDEVBEHAVIOURPROBLEMSCALE",
    "position": 1
  }
},
{
  "model": "rdrf.cdepermittedvalue",
  "pk": 11,
  "fields": {
    "code": "2",
    "value": "2",
    "questionnaire_value": "2",
    "desc": "2",
    "pv_group": "ANGBEHDEVBEHAVIOURPROBLEMSCALE",
    "position": 2
  }
},
{
  "model": "rdrf.cdepermittedvalue",
  "pk": 12,
  "fields": {
    "code": "3",
    "value": "3",
    "questionnaire_value": "3",
    "desc": "3",
    "pv_group": "ANGBEHDEVBEHAVIOURPROBLEMSCALE",
    "position": 3
  }
},
{
  "model": "rdrf.cdepermittedvalue",
  "pk": 13,
  "fields": {
    "code": "4",
    "value": "4",
    "questionnaire_value": "4",
    "desc": "4",
    "pv_group": "ANGBEHDEVBEHAVIOURPROBLEMSCALE",
    "position": 4
  }
},
{
  "model": "rdrf.cdepermittedvalue",
  "pk": 14,
  "fields": {
    "code": "5",
    "value": "5",
    "questionnaire_value": "5",
    "desc": "5",
    "pv_group": "ANGBEHDEVBEHAVIOURPROBLEMSCALE",
    "position": 5
  }
},
{
  "model": "rdrf.cdepermittedvalue",
  "pk": 15,
  "fields": {
    "code": "6",
    "value": "6",
    "questionnaire_value": "6",
    "desc": "6",
    "pv_group": "ANGBEHDEVBEHAVIOURPROBLEMSCALE",
    "position": 6
  }
},
{
  "model": "rdrf.cdepermittedvalue",
  "pk": 16,
  "fields": {
    "code": "7",
    "value": "7",
    "questionnaire_value": "7",
    "desc": "7",
    "pv_group": "ANGBEHDEVBEHAVIOURPROBLEMSCALE",
    "position": 7
  }
},
{
  "model": "rdrf.cdepermittedvalue",
  "pk": 17,
  "fields": {
    "code": "8",
    "value": "8",
    "questionnaire_value": "8",
    "desc": "8",
    "pv_group": "ANGBEHDEVBEHAVIOURPROBLEMSCALE",
    "position": 8
  }
},
{
  "model": "rdrf.cdepermittedvalue",
  "pk": 18,
  "fields": {
    "code": "9",
    "value": "9",
    "questionnaire_value": "9",
    "desc": "9",
    "pv_group": "ANGBEHDEVBEHAVIOURPROBLEMSCALE",
    "position": 9
  }
},
{
  "model": "rdrf.cdepermittedvalue",
  "pk": 19,
  "fields": {
    "code": "10NoProblems",
    "value": "10 - No problems",
    "questionnaire_value": "10 - No problems",
    "desc": "10 - No problems",
    "pv_group": "ANGBEHDEVBEHAVIOURPROBLEMSCALE",
    "position": 10
  }
},
{
  "model": "rdrf.cdepermittedvalue",
  "pk": 20,
  "fields": {
    "code": "LongerPhraseSpeech ",
    "value": "Longer phrase speech ",
    "questionnaire_value": "Longer phrase speech ",
    "desc": "Longer phrase speech ",
    "pv_group": "ANGBEHDEVBESTLANGSCALE",
    "position": 6
  }
},
{
  "model": "rdrf.cdepermittedvalue",
  "pk": 21,
  "fields": {
    "code": "2OR3",
    "value": "2-3 word phrases",
    "questionnaire_value": "2-3 word phrases",
    "desc": "2-3 word phrases",
    "pv_group": "ANGBEHDEVBESTLANGSCALE",
    "position": 5
  }
},
{
  "model": "rdrf.cdepermittedvalue",
  "pk": 22,
  "fields": {
    "code": "SingleWords",
    "value": "Single words",
    "questionnaire_value": "Single words",
    "desc": "Single words",
    "pv_group": "ANGBEHDEVBESTLANGSCALE",
    "position": 4
  }
},
{
  "model": "rdrf.cdepermittedvalue",
  "pk": 23,
  "fields": {
    "code": "IntentionalSound",
    "value": "Uses an intentional sound to attract attention",
    "questionnaire_value": "Uses an intentional sound to attract attention",
    "desc": "Uses an intentional sound to attract attention",
    "pv_group": "ANGBEHDEVBESTLANGSCALE",
    "position": 3
  }
},
{
  "model": "rdrf.cdepermittedvalue",
  "pk": 24,
  "fields": {
    "code": "Babbles",
    "value": "Babbles",
    "questionnaire_value": "Babbles",
    "desc": "Babbles",
    "pv_group": "ANGBEHDEVBESTLANGSCALE",
    "position": 2
  }
},
{
  "model": "rdrf.cdepermittedvalue",
  "pk": 25,
  "fields": {
    "code": "Moans",
    "value": "Moans",
    "questionnaire_value": "Moans",
    "desc": "Moans",
    "pv_group": "ANGBEHDEVBESTLANGSCALE",
    "position": 1
  }
},
{
  "model": "rdrf.cdepermittedvalue",
  "pk": 26,
  "fields": {
    "code": "StandAlone",
    "value": "Stands alone",
    "questionnaire_value": "Stands alone",
    "desc": "Stands alone",
    "pv_group": "ANGBEHDEVBESTMOBILITYSCALE",
    "position": 7
  }
},
{
  "model": "rdrf.cdepermittedvalue",
  "pk": 27,
  "fields": {
    "code": "WalkSupport",
    "value": "Mobilises walking with support",
    "questionnaire_value": "Mobilises walking with support",
    "desc": "Mobilises walking with support",
    "pv_group": "ANGBEHDEVBESTMOBILITYSCALE",
    "position": 8
  }
},
{
  "model": "rdrf.cdepermittedvalue",
  "pk": 28,
  "fields": {
    "code": "WalkMinSupport",
    "value": "Mobilises walking with minimal support",
    "questionnaire_value": "Mobilises walking with minimal support",
    "desc": "Mobilises walking with minimal support",
    "pv_group": "ANGBEHDEVBESTMOBILITYSCALE",
    "position": 9
  }
},
{
  "model": "rdrf.cdepermittedvalue",
  "pk": 29,
  "fields": {
    "code": "WalkInd",
    "value": "Walks independently but loses balance occasionally",
    "questionnaire_value": "Walks independently but loses balance occasionally",
    "desc": "Walks independently but loses balance occasionally",
    "pv_group": "ANGBEHDEVBESTMOBILITYSCALE",
    "position": 10
  }
},
{
  "model": "rdrf.cdepermittedvalue",
  "pk": 30,
  "fields": {
    "code": "WalkUnsteady",
    "value": "Walks but very unsteady",
    "questionnaire_value": "Walks but very unsteady",
    "desc": "Walks but very unsteady",
    "pv_group": "ANGBEHDEVBESTMOBILITYSCALE",
    "position": 11
  }
},
{
  "model": "rdrf.cdepermittedvalue",
  "pk": 31,
  "fields": {
    "code": "WalkStable",
    "value": "Walks with stable gait",
    "questionnaire_value": "Walks with stable gait",
    "desc": "Walks with stable gait",
    "pv_group": "ANGBEHDEVBESTMOBILITYSCALE",
    "position": 12
  }
},
{
  "model": "rdrf.cdepermittedvalue",
  "pk": 32,
  "fields": {
    "code": "Run",
    "value": "Runs independently",
    "questionnaire_value": "Runs independently",
    "desc": "Runs independently",
    "pv_group": "ANGBEHDEVBESTMOBILITYSCALE",
    "position": 13
  }
},
{
  "model": "rdrf.cdepermittedvalue",
  "pk": 33,
  "fields": {
    "code": "ClimbStair",
    "value": "Climbs stairs (alternating foot over foot)",
    "questionnaire_value": "Climbs stairs (alternating foot over foot)",
    "desc": "Climbs stairs (alternating foot over foot)",
    "pv_group": "ANGBEHDEVBESTMOBILITYSCALE",
    "position": 14
  }
},
{
  "model": "rdrf.cdepermittedvalue",
  "pk": 34,
  "fields": {
    "code": "Jump",
    "value": "Jumps ",
    "questionnaire_value": "Jumps ",
    "desc": "Jumps ",
    "pv_group": "ANGBEHDEVBESTMOBILITYSCALE",
    "position": 15
  }
},
{
  "model": "rdrf.cdepermittedvalue",
  "pk": 35,
  "fields": {
    "code": "Crawls",
    "value": "Crawls",
    "questionnaire_value": "Crawls",
    "desc": "Crawls",
    "pv_group": "ANGBEHDEVBESTMOBILITYSCALE",
    "position": 3
  }
},
{
  "model": "rdrf.cdepermittedvalue",
  "pk": 36,
  "fields": {
    "code": "ShufflesScoots",
    "value": "Shuffles/ scoots along seated",
    "questionnaire_value": "Shuffles/ scoots along seated",
    "desc": "Shuffles/ scoots along seated",
    "pv_group": "ANGBEHDEVBESTMOBILITYSCALE",
    "position": 4
  }
},
{
  "model": "rdrf.cdepermittedvalue",
  "pk": 37,
  "fields": {
    "code": "CantMob",
    "value": "Can\u2019t mobilise",
    "questionnaire_value": "Can\u2019t mobilise",
    "desc": "Can\u2019t mobilise",
    "pv_group": "ANGBEHDEVBESTMOBILITYSCALE",
    "position": 1
  }
},
{
  "model": "rdrf.cdepermittedvalue",
  "pk": 38,
  "fields": {
    "code": "Rolls ",
    "value": "Rolls across floor",
    "questionnaire_value": "Rolls across floor",
    "desc": "Rolls across floor",
    "pv_group": "ANGBEHDEVBESTMOBILITYSCALE",
    "position": 2
  }
},
{
  "model": "rdrf.cdepermittedvalue",
  "pk": 39,
  "fields": {
    "code": "StandSup",
    "value": "Stands supported but not mobilising",
    "questionnaire_value": "Stands supported but not mobilising",
    "desc": "Stands supported but not mobilising",
    "pv_group": "ANGBEHDEVBESTMOBILITYSCALE",
    "position": 5
  }
},
{
  "model": "rdrf.cdepermittedvalue",
  "pk": 40,
  "fields": {
    "code": "StandAloneMin",
    "value": "Stands alone with minimal support",
    "questionnaire_value": "Stands alone with minimal support",
    "desc": "Stands alone with minimal support",
    "pv_group": "ANGBEHDEVBESTMOBILITYSCALE",
    "position": 6
  }
},
{
  "model": "rdrf.cdepermittedvalue",
  "pk": 41,
  "fields": {
    "code": "ThreeStep",
    "value": "Commands \u2013 3 step ",
    "questionnaire_value": "Commands \u2013 3 step ",
    "desc": "Commands \u2013 3 step ",
    "pv_group": "ANGBEHDEVBESTUNDERSTANDINGSCALE",
    "position": 5
  }
},
{
  "model": "rdrf.cdepermittedvalue",
  "pk": 80,
  "fields": {
    "code": "VisualPictures",
    "value": "Visual pictures",
    "questionnaire_value": "Visual pictures",
    "desc": "Visual pictures",
    "pv_group": "ANGBEHDEVPREFCOMM",
    "position": 4
  }
},
{
  "model": "rdrf.cdepermittedvalue",
  "pk": 42,
  "fields": {
    "code": "TwoStep",
    "value": "Commands - 2 step e.g \u201cGo to your room and bring back your water bottle.\u201d",
    "questionnaire_value": "Commands - 2 step e.g \u201cGo to your room and bring back your water bottle.\u201d",
    "desc": "Commands - 2 step e.g \u201cGo to your room and bring back your water bottle.\u201d",
    "pv_group": "ANGBEHDEVBESTUNDERSTANDINGSCALE",
    "position": 4
  }
},
{
  "model": "rdrf.cdepermittedvalue",
  "pk": 43,
  "fields": {
    "code": "SingleStep",
    "value": "Commands - single step- longer sentence i,e, \u201cGo to your room now.\u201d",
    "questionnaire_value": "Commands - single step- longer sentence i,e, \u201cGo to your room now.\u201d",
    "desc": "Commands - single step- longer sentence i,e, \u201cGo to your room now.\u201d",
    "pv_group": "ANGBEHDEVBESTUNDERSTANDINGSCALE",
    "position": 3
  }
},
{
  "model": "rdrf.cdepermittedvalue",
  "pk": 44,
  "fields": {
    "code": "SimplePhrase",
    "value": "Simple phrase commands such as \u201cDon\u2019t touch\u201d",
    "questionnaire_value": "Simple phrase commands such as \u201cDon\u2019t touch\u201d",
    "desc": "Simple phrase commands such as \u201cDon\u2019t touch\u201d",
    "pv_group": "ANGBEHDEVBESTUNDERSTANDINGSCALE",
    "position": 2
  }
},
{
  "model": "rdrf.cdepermittedvalue",
  "pk": 45,
  "fields": {
    "code": "Single",
    "value": "Single word, such as no",
    "questionnaire_value": "Single word, such as no",
    "desc": "Single word, such as no",
    "pv_group": "ANGBEHDEVBESTUNDERSTANDINGSCALE",
    "position": 1
  }
},
{
  "model": "rdrf.cdepermittedvalue",
  "pk": 46,
  "fields": {
    "code": "6Unknown",
    "value": "6 - Unknown",
    "questionnaire_value": "6 - Unknown",
    "desc": "6 - Unknown",
    "pv_group": "ANGBEHDEVFUNCTIONSCALE",
    "position": 6
  }
},
{
  "model": "rdrf.cdepermittedvalue",
  "pk": 47,
  "fields": {
    "code": "4Rarely",
    "value": "4 - Yes, rarely",
    "questionnaire_value": "4 - Yes, rarely",
    "desc": "4 - Yes, rarely",
    "pv_group": "ANGBEHDEVFUNCTIONSCALE",
    "position": 4
  }
},
{
  "model": "rdrf.cdepermittedvalue",
  "pk": 48,
  "fields": {
    "code": "5NoNever",
    "value": "5 - No, never",
    "questionnaire_value": "5 - No, never",
    "desc": "5 - No, never",
    "pv_group": "ANGBEHDEVFUNCTIONSCALE",
    "position": 5
  }
},
{
  "model": "rdrf.cdepermittedvalue",
  "pk": 49,
  "fields": {
    "code": "3YesSome",
    "value": "3 - Yes, some of the time",
    "questionnaire_value": "3 - Yes, some of the time",
    "desc": "3 - Yes, some of the time",
    "pv_group": "ANGBEHDEVFUNCTIONSCALE",
    "position": 3
  }
},
{
  "model": "rdrf.cdepermittedvalue",
  "pk": 50,
  "fields": {
    "code": "2YesMost",
    "value": "2 - Yes, most of the time",
    "questionnaire_value": "2 - Yes, most of the time",
    "desc": "2 - Yes, most of the time",
    "pv_group": "ANGBEHDEVFUNCTIONSCALE",
    "position": 2
  }
},
{
  "model": "rdrf.cdepermittedvalue",
  "pk": 51,
  "fields": {
    "code": "1YesAll",
    "value": "1 - Yes all the time",
    "questionnaire_value": "1 - Yes all the time",
    "desc": "1 - Yes all the time",
    "pv_group": "ANGBEHDEVFUNCTIONSCALE",
    "position": 1
  }
},
{
  "model": "rdrf.cdepermittedvalue",
  "pk": 52,
  "fields": {
    "code": "GetsTired",
    "value": "Gets tired ",
    "questionnaire_value": "Gets tired ",
    "desc": "Gets tired ",
    "pv_group": "ANGBEHDEVGAITDESCRIBESCALE",
    "position": 5
  }
},
{
  "model": "rdrf.cdepermittedvalue",
  "pk": 53,
  "fields": {
    "code": "FreqFall",
    "value": "Frequent falls",
    "questionnaire_value": "Frequent falls",
    "desc": "Frequent falls",
    "pv_group": "ANGBEHDEVGAITDESCRIBESCALE",
    "position": 4
  }
},
{
  "model": "rdrf.cdepermittedvalue",
  "pk": 54,
  "fields": {
    "code": "Jerky",
    "value": "Jerky",
    "questionnaire_value": "Jerky",
    "desc": "Jerky",
    "pv_group": "ANGBEHDEVGAITDESCRIBESCALE",
    "position": 3
  }
},
{
  "model": "rdrf.cdepermittedvalue",
  "pk": 55,
  "fields": {
    "code": "Lopsided",
    "value": "Lopsided",
    "questionnaire_value": "Lopsided",
    "desc": "Lopsided",
    "pv_group": "ANGBEHDEVGAITDESCRIBESCALE",
    "position": 2
  }
},
{
  "model": "rdrf.cdepermittedvalue",
  "pk": 56,
  "fields": {
    "code": "BroadBased",
    "value": "Broad based",
    "questionnaire_value": "Broad based",
    "desc": "Broad based",
    "pv_group": "ANGBEHDEVGAITDESCRIBESCALE",
    "position": 1
  }
},
{
  "model": "rdrf.cdepermittedvalue",
  "pk": 57,
  "fields": {
    "code": "GetWorse",
    "value": "Getting worse",
    "questionnaire_value": "Getting worse",
    "desc": "Getting worse",
    "pv_group": "ANGBEHDEVGAITSCALE",
    "position": 3
  }
},
{
  "model": "rdrf.cdepermittedvalue",
  "pk": 58,
  "fields": {
    "code": "Stable",
    "value": "Stable",
    "questionnaire_value": "Stable",
    "desc": "Stable",
    "pv_group": "ANGBEHDEVGAITSCALE",
    "position": 2
  }
},
{
  "model": "rdrf.cdepermittedvalue",
  "pk": 59,
  "fields": {
    "code": "GetBetter",
    "value": "Getting Better",
    "questionnaire_value": "Getting Better",
    "desc": "Getting Better",
    "pv_group": "ANGBEHDEVGAITSCALE",
    "position": 1
  }
},
{
  "model": "rdrf.cdepermittedvalue",
  "pk": 60,
  "fields": {
    "code": "LostSkill",
    "value": "Lost some skills in the last year",
    "questionnaire_value": "Lost some skills in the last year",
    "desc": "Lost some skills in the last year",
    "pv_group": "ANGBEHDEVGENIMPRESSSCALE",
    "position": 3
  }
},
{
  "model": "rdrf.cdepermittedvalue",
  "pk": 61,
  "fields": {
    "code": "LearnStatic",
    "value": "Learning is static",
    "questionnaire_value": "Learning is static",
    "desc": "Learning is static",
    "pv_group": "ANGBEHDEVGENIMPRESSSCALE",
    "position": 2
  }
},
{
  "model": "rdrf.cdepermittedvalue",
  "pk": 62,
  "fields": {
    "code": "LearnNew",
    "value": "Continues to learn new things",
    "questionnaire_value": "Continues to learn new things",
    "desc": "Continues to learn new things",
    "pv_group": "ANGBEHDEVGENIMPRESSSCALE",
    "position": 1
  }
},
{
  "model": "rdrf.cdepermittedvalue",
  "pk": 63,
  "fields": {
    "code": "Motor ",
    "value": "Motor ",
    "questionnaire_value": "Motor ",
    "desc": "Motor ",
    "pv_group": "ANGBEHDEVLOSTWHATSCALE",
    "position": 3
  }
},
{
  "model": "rdrf.cdepermittedvalue",
  "pk": 64,
  "fields": {
    "code": "Understanding",
    "value": "Understanding",
    "questionnaire_value": "Understanding",
    "desc": "Understanding",
    "pv_group": "ANGBEHDEVLOSTWHATSCALE",
    "position": 2
  }
},
{
  "model": "rdrf.cdepermittedvalue",
  "pk": 65,
  "fields": {
    "code": "Speech",
    "value": "Speech",
    "questionnaire_value": "Speech",
    "desc": "Speech",
    "pv_group": "ANGBEHDEVLOSTWHATSCALE",
    "position": 1
  }
},
{
  "model": "rdrf.cdepermittedvalue",
  "pk": 66,
  "fields": {
    "code": "WalkFrame",
    "value": "Walking frame (walker and gait trainer)",
    "questionnaire_value": "Walking frame (walker and gait trainer)",
    "desc": "Walking frame (walker and gait trainer)",
    "pv_group": "ANGBEHDEVMOBILITYSUPPORTSCALE",
    "position": 1
  }
},
{
  "model": "rdrf.cdepermittedvalue",
  "pk": 67,
  "fields": {
    "code": "WheelchairAll",
    "value": "Wheelchair for all mobilisation",
    "questionnaire_value": "Wheelchair for all mobilisation",
    "desc": "Wheelchair for all mobilisation",
    "pv_group": "ANGBEHDEVMOBILITYSUPPORTSCALE",
    "position": 3
  }
},
{
  "model": "rdrf.cdepermittedvalue",
  "pk": 68,
  "fields": {
    "code": "WheelchairLong",
    "value": "Wheelchair for long distances",
    "questionnaire_value": "Wheelchair for long distances",
    "desc": "Wheelchair for long distances",
    "pv_group": "ANGBEHDEVMOBILITYSUPPORTSCALE",
    "position": 2
  }
},
{
  "model": "rdrf.cdepermittedvalue",
  "pk": 69,
  "fields": {
    "code": "Socialising",
    "value": "Socialising",
    "questionnaire_value": "Socialising",
    "desc": "Socialising",
    "pv_group": "ANGBEHDEVPREFACTIVITYSCALE",
    "position": 1
  }
},
{
  "model": "rdrf.cdepermittedvalue",
  "pk": 70,
  "fields": {
    "code": "FamiliarPeople",
    "value": "Being with familiar people",
    "questionnaire_value": "Being with familiar people",
    "desc": "Being with familiar people",
    "pv_group": "ANGBEHDEVPREFACTIVITYSCALE",
    "position": 2
  }
},
{
  "model": "rdrf.cdepermittedvalue",
  "pk": 71,
  "fields": {
    "code": "SocialGame",
    "value": "Playing social games such as peek a boo or hide and seek",
    "questionnaire_value": "Playing social games such as peek a boo or hide and seek",
    "desc": "Playing social games such as peek a boo or hide and seek",
    "pv_group": "ANGBEHDEVPREFACTIVITYSCALE",
    "position": 3
  }
},
{
  "model": "rdrf.cdepermittedvalue",
  "pk": 72,
  "fields": {
    "code": "WatchingTV",
    "value": "Watching TV",
    "questionnaire_value": "Watching TV",
    "desc": "Watching TV",
    "pv_group": "ANGBEHDEVPREFACTIVITYSCALE",
    "position": 4
  }
},
{
  "model": "rdrf.cdepermittedvalue",
  "pk": 73,
  "fields": {
    "code": "TechGame",
    "value": "Using technology and games, e.g. iPads",
    "questionnaire_value": "Using technology and games, e.g. iPads",
    "desc": "Using technology and games, e.g. iPads",
    "pv_group": "ANGBEHDEVPREFACTIVITYSCALE",
    "position": 5
  }
},
{
  "model": "rdrf.cdepermittedvalue",
  "pk": 74,
  "fields": {
    "code": "Swimming",
    "value": "Swimming",
    "questionnaire_value": "Swimming",
    "desc": "Swimming",
    "pv_group": "ANGBEHDEVPREFACTIVITYSCALE",
    "position": 6
  }
},
{
  "model": "rdrf.cdepermittedvalue",
  "pk": 75,
  "fields": {
    "code": "Outside",
    "value": "Being outside",
    "questionnaire_value": "Being outside",
    "desc": "Being outside",
    "pv_group": "ANGBEHDEVPREFACTIVITYSCALE",
    "position": 7
  }
},
{
  "model": "rdrf.cdepermittedvalue",
  "pk": 76,
  "fields": {
    "code": "Other",
    "value": "Other",
    "questionnaire_value": "Other",
    "desc": "Other",
    "pv_group": "ANGBEHDEVPREFACTIVITYSCALE",
    "position": 8
  }
},
{
  "model": "rdrf.cdepermittedvalue",
  "pk": 77,
  "fields": {
    "code": "Gestures",
    "value": "Gestures",
    "questionnaire_value": "Gestures",
    "desc": "Gestures",
    "pv_group": "ANGBEHDEVPREFCOMM",
    "position": 2
  }
},
{
  "model": "rdrf.cdepermittedvalue",
  "pk": 78,
  "fields": {
    "code": "Spokenwords",
    "value": "Spoken words",
    "questionnaire_value": "Spoken words",
    "desc": "Spoken words",
    "pv_group": "ANGBEHDEVPREFCOMM",
    "position": 1
  }
},
{
  "model": "rdrf.cdepermittedvalue",
  "pk": 79,
  "fields": {
    "code": "Signing",
    "value": "Signing",
    "questionnaire_value": "Signing",
    "desc": "Signing",
    "pv_group": "ANGBEHDEVPREFCOMM",
    "position": 3
  }
},
{
  "model": "rdrf.cdepermittedvalue",
  "pk": 81,
  "fields": {
    "code": "PODD",
    "value": "Formal PODD books",
    "questionnaire_value": "Formal PODD books",
    "desc": "Formal PODD books",
    "pv_group": "ANGBEHDEVPREFCOMM",
    "position": 5
  }
},
{
  "model": "rdrf.cdepermittedvalue",
  "pk": 82,
  "fields": {
    "code": "iPad",
    "value": "iPad apps, picture to voice, etc",
    "questionnaire_value": "iPad apps, picture to voice, etc",
    "desc": "iPad apps, picture to voice, etc",
    "pv_group": "ANGBEHDEVPREFCOMM",
    "position": 6
  }
},
{
  "model": "rdrf.cdepermittedvalue",
  "pk": 83,
  "fields": {
    "code": "EyeTrack",
    "value": "Eye tracking devices",
    "questionnaire_value": "Eye tracking devices",
    "desc": "Eye tracking devices",
    "pv_group": "ANGBEHDEVPREFCOMM",
    "position": 7
  }
},
{
  "model": "rdrf.cdepermittedvalue",
  "pk": 84,
  "fields": {
    "code": "LowAAC",
    "value": "Low tech AAC (light tech or paper based, e.g. PODD books, core vocab boards, aided language displays)",
    "questionnaire_value": "Low tech AAC (light tech or paper based, e.g. PODD books, core vocab boards, aided language displays)",
    "desc": "Low tech AAC (light tech or paper based, e.g. PODD books, core vocab boards, aided language displays)",
    "pv_group": "ANGBEHDEVPREFCOMM",
    "position": 8
  }
},
{
  "model": "rdrf.cdepermittedvalue",
  "pk": 85,
  "fields": {
    "code": "HighAAC",
    "value": "High tech AAC (e.g. Dynamic display, iPad, Novachat Tobii) ",
    "questionnaire_value": "High tech AAC (e.g. Dynamic display, iPad, Novachat Tobii) ",
    "desc": "High tech AAC (e.g. Dynamic display, iPad, Novachat Tobii) ",
    "pv_group": "ANGBEHDEVPREFCOMM",
    "position": 10
  }
},
{
  "model": "rdrf.cdepermittedvalue",
  "pk": 86,
  "fields": {
    "code": "MidAAC",
    "value": "Mid tech AAC (big mack switches, tech talks or voice output) ",
    "questionnaire_value": "Mid tech AAC (big mack switches, tech talks or voice output) ",
    "desc": "Mid tech AAC (big mack switches, tech talks or voice output) ",
    "pv_group": "ANGBEHDEVPREFCOMM",
    "position": 9
  }
},
{
  "model": "rdrf.cdepermittedvalue",
  "pk": 87,
  "fields": {
    "code": "Monday",
    "value": "Monday",
    "questionnaire_value": "Monday",
    "desc": "Monday",
    "pv_group": "ANGBEHDEVSLEEPDAYSCALE",
    "position": 1
  }
},
{
  "model": "rdrf.cdepermittedvalue",
  "pk": 88,
  "fields": {
    "code": "Tuesday",
    "value": "Tuesday",
    "questionnaire_value": "Tuesday",
    "desc": "Tuesday",
    "pv_group": "ANGBEHDEVSLEEPDAYSCALE",
    "position": 2
  }
},
{
  "model": "rdrf.cdepermittedvalue",
  "pk": 89,
  "fields": {
    "code": "Wednesday",
    "value": "Wednesday",
    "questionnaire_value": "Wednesday",
    "desc": "Wednesday",
    "pv_group": "ANGBEHDEVSLEEPDAYSCALE",
    "position": 3
  }
},
{
  "model": "rdrf.cdepermittedvalue",
  "pk": 90,
  "fields": {
    "code": "Thursday",
    "value": "Thursday",
    "questionnaire_value": "Thursday",
    "desc": "Thursday",
    "pv_group": "ANGBEHDEVSLEEPDAYSCALE",
    "position": 4
  }
},
{
  "model": "rdrf.cdepermittedvalue",
  "pk": 91,
  "fields": {
    "code": "Friday",
    "value": "Friday",
    "questionnaire_value": "Friday",
    "desc": "Friday",
    "pv_group": "ANGBEHDEVSLEEPDAYSCALE",
    "position": 5
  }
},
{
  "model": "rdrf.cdepermittedvalue",
  "pk": 92,
  "fields": {
    "code": "Saturday",
    "value": "Saturday",
    "questionnaire_value": "Saturday",
    "desc": "Saturday",
    "pv_group": "ANGBEHDEVSLEEPDAYSCALE",
    "position": 6
  }
},
{
  "model": "rdrf.cdepermittedvalue",
  "pk": 93,
  "fields": {
    "code": "Sunday",
    "value": "Sunday",
    "questionnaire_value": "Sunday",
    "desc": "Sunday",
    "pv_group": "ANGBEHDEVSLEEPDAYSCALE",
    "position": 7
  }
},
{
  "model": "rdrf.cdepermittedvalue",
  "pk": 94,
  "fields": {
    "code": "1VeryBad",
    "value": "1 - Very Bad",
    "questionnaire_value": "1",
    "desc": "1",
    "pv_group": "ANGBEHDEVSLEEPRATINGSCALE",
    "position": 1
  }
},
{
  "model": "rdrf.cdepermittedvalue",
  "pk": 95,
  "fields": {
    "code": "2",
    "value": "2",
    "questionnaire_value": "2",
    "desc": "2",
    "pv_group": "ANGBEHDEVSLEEPRATINGSCALE",
    "position": 2
  }
},
{
  "model": "rdrf.cdepermittedvalue",
  "pk": 96,
  "fields": {
    "code": "3",
    "value": "3",
    "questionnaire_value": "3",
    "desc": "3",
    "pv_group": "ANGBEHDEVSLEEPRATINGSCALE",
    "position": 3
  }
},
{
  "model": "rdrf.cdepermittedvalue",
  "pk": 97,
  "fields": {
    "code": "4",
    "value": "4",
    "questionnaire_value": "4",
    "desc": "4",
    "pv_group": "ANGBEHDEVSLEEPRATINGSCALE",
    "position": 4
  }
},
{
  "model": "rdrf.cdepermittedvalue",
  "pk": 98,
  "fields": {
    "code": "5",
    "value": "5",
    "questionnaire_value": "5",
    "desc": "5",
    "pv_group": "ANGBEHDEVSLEEPRATINGSCALE",
    "position": 5
  }
},
{
  "model": "rdrf.cdepermittedvalue",
  "pk": 99,
  "fields": {
    "code": "6",
    "value": "6",
    "questionnaire_value": "6",
    "desc": "6",
    "pv_group": "ANGBEHDEVSLEEPRATINGSCALE",
    "position": 6
  }
},
{
  "model": "rdrf.cdepermittedvalue",
  "pk": 100,
  "fields": {
    "code": "7",
    "value": "7",
    "questionnaire_value": "7",
    "desc": "7",
    "pv_group": "ANGBEHDEVSLEEPRATINGSCALE",
    "position": 7
  }
},
{
  "model": "rdrf.cdepermittedvalue",
  "pk": 101,
  "fields": {
    "code": "8",
    "value": "8",
    "questionnaire_value": "8",
    "desc": "8",
    "pv_group": "ANGBEHDEVSLEEPRATINGSCALE",
    "position": 8
  }
},
{
  "model": "rdrf.cdepermittedvalue",
  "pk": 102,
  "fields": {
    "code": "9",
    "value": "9",
    "questionnaire_value": "9",
    "desc": "9",
    "pv_group": "ANGBEHDEVSLEEPRATINGSCALE",
    "position": 9
  }
},
{
  "model": "rdrf.cdepermittedvalue",
  "pk": 103,
  "fields": {
    "code": "10VeryGood",
    "value": "10 - Very Good",
    "questionnaire_value": "10 - Very Good",
    "desc": "10 - Very Good",
    "pv_group": "ANGBEHDEVSLEEPRATINGSCALE",
    "position": 10
  }
},
{
  "model": "rdrf.cdepermittedvalue",
  "pk": 104,
  "fields": {
    "code": "4Unknown",
    "value": "Unknown",
    "questionnaire_value": "Unknown",
    "desc": "Unknown",
    "pv_group": "ANGBEHDEVSLEEPSETTLE",
    "position": 4
  }
},
{
  "model": "rdrf.cdepermittedvalue",
  "pk": 105,
  "fields": {
    "code": "3No",
    "value": "No, remains awake and unsettled",
    "questionnaire_value": "No, remains awake and unsettled",
    "desc": "No, remains awake and unsettled",
    "pv_group": "ANGBEHDEVSLEEPSETTLE",
    "position": 3
  }
},
{
  "model": "rdrf.cdepermittedvalue",
  "pk": 106,
  "fields": {
    "code": "2YesHelp",
    "value": "Yes, requires help to resettle",
    "questionnaire_value": "Yes, requires help to resettle",
    "desc": "Yes, requires help to resettle",
    "pv_group": "ANGBEHDEVSLEEPSETTLE",
    "position": 2
  }
},
{
  "model": "rdrf.cdepermittedvalue",
  "pk": 107,
  "fields": {
    "code": "1YesInd",
    "value": "Yes, can settle back to sleep independently",
    "questionnaire_value": "Yes, can settle back to sleep independently",
    "desc": "Yes, can settle back to sleep independently",
    "pv_group": "ANGBEHDEVSLEEPSETTLE",
    "position": 1
  }
},
{
  "model": "rdrf.cdepermittedvalue",
  "pk": 108,
  "fields": {
    "code": "6Unknown",
    "value": "6 - Unknown",
    "questionnaire_value": "6 - Unknown",
    "desc": "6 - Unknown",
    "pv_group": "ANGCAPABILITYSCALE",
    "position": 6
  }
},
{
  "model": "rdrf.cdepermittedvalue",
  "pk": 109,
  "fields": {
    "code": "5Unable",
    "value": "5 - Unable to perform activity",
    "questionnaire_value": "5 - Unable to perform activity",
    "desc": "5 - Unable to perform activity",
    "pv_group": "ANGCAPABILITYSCALE",
    "position": 5
  }
},
{
  "model": "rdrf.cdepermittedvalue",
  "pk": 110,
  "fields": {
    "code": "4Sevdiff",
    "value": "4 - Severe difficulty",
    "questionnaire_value": "4 - Severe difficulty",
    "desc": "4 - Severe difficulty",
    "pv_group": "ANGCAPABILITYSCALE",
    "position": 4
  }
},
{
  "model": "rdrf.cdepermittedvalue",
  "pk": 111,
  "fields": {
    "code": "3ModDiff",
    "value": "3 - Moderate difficulty",
    "questionnaire_value": "3 - Moderate difficulty",
    "desc": "3 - Moderate difficulty",
    "pv_group": "ANGCAPABILITYSCALE",
    "position": 3
  }
},
{
  "model": "rdrf.cdepermittedvalue",
  "pk": 112,
  "fields": {
    "code": "2MildDiff",
    "value": "2 - Mild difficulty",
    "questionnaire_value": "2 - Mild difficulty",
    "desc": "2 - Mild difficulty",
    "pv_group": "ANGCAPABILITYSCALE",
    "position": 2
  }
},
{
  "model": "rdrf.cdepermittedvalue",
  "pk": 113,
  "fields": {
    "code": "1NoDiff",
    "value": "1 - No difficulty",
    "questionnaire_value": "1 - No difficulty",
    "desc": "1 - No difficulty",
    "pv_group": "ANGCAPABILITYSCALE",
    "position": 1
  }
},
{
  "model": "rdrf.cdepermittedvalue",
  "pk": 114,
  "fields": {
    "code": "CommKnowUnknown",
    "value": "Communicates effectively with known and unknown people",
    "questionnaire_value": "Communicates effectively with known and unknown people",
    "desc": "Communicates effectively with known and unknown people",
    "pv_group": "ANGCOMABILITY",
    "position": 5
  }
},
{
  "model": "rdrf.cdepermittedvalue",
  "pk": 115,
  "fields": {
    "code": "CommKnown",
    "value": "Communicates effectively with known people",
    "questionnaire_value": "Communicates effectively with known people",
    "desc": "Communicates effectively with known people",
    "pv_group": "ANGCOMABILITY",
    "position": 4
  }
},
{
  "model": "rdrf.cdepermittedvalue",
  "pk": 116,
  "fields": {
    "code": "SingleUse",
    "value": "Uses for single requests regularly",
    "questionnaire_value": "Uses for single requests regularly",
    "desc": "Uses for single requests regularly",
    "pv_group": "ANGCOMABILITY",
    "position": 3
  }
},
{
  "model": "rdrf.cdepermittedvalue",
  "pk": 117,
  "fields": {
    "code": "RareUse",
    "value": "Rarely uses",
    "questionnaire_value": "Rarely uses",
    "desc": "Rarely uses",
    "pv_group": "ANGCOMABILITY",
    "position": 2
  }
},
{
  "model": "rdrf.cdepermittedvalue",
  "pk": 118,
  "fields": {
    "code": "NoUse",
    "value": "Doesn't use",
    "questionnaire_value": "Doesn't use",
    "desc": "Doesn't use",
    "pv_group": "ANGCOMABILITY",
    "position": 1
  }
},
{
  "model": "rdrf.cdepermittedvalue",
  "pk": 119,
  "fields": {
    "code": "3Other",
    "value": "Other",
    "questionnaire_value": "Other",
    "desc": "Other",
    "pv_group": "ANGConstipationManageScale",
    "position": 3
  }
},
{
  "model": "rdrf.cdepermittedvalue",
  "pk": 120,
  "fields": {
    "code": "2Medication",
    "value": "Medication",
    "questionnaire_value": "Medication",
    "desc": "Medication",
    "pv_group": "ANGConstipationManageScale",
    "position": 2
  }
},
{
  "model": "rdrf.cdepermittedvalue",
  "pk": 121,
  "fields": {
    "code": "1Dietary",
    "value": "Dietary",
    "questionnaire_value": "Dietary",
    "desc": "Dietary",
    "pv_group": "ANGConstipationManageScale",
    "position": 1
  }
},
{
  "model": "rdrf.cdepermittedvalue",
  "pk": 122,
  "fields": {
    "code": "ANGImprintingDefect",
    "value": "Imprinting defect",
    "questionnaire_value": "",
    "desc": "Imprinting defect",
    "pv_group": "ANGDNAMethylResults",
    "position": 3
  }
},
{
  "model": "rdrf.cdepermittedvalue",
  "pk": 123,
  "fields": {
    "code": "ANGChromosomeDeletion",
    "value": "Chromosome deletion",
    "questionnaire_value": "",
    "desc": "Chromosome deletion",
    "pv_group": "ANGDNAMethylResults",
    "position": 1
  }
},
{
  "model": "rdrf.cdepermittedvalue",
  "pk": 124,
  "fields": {
    "code": "ANGUPD",
    "value": "Paternal uniparental disomy (UPD)",
    "questionnaire_value": "",
    "desc": "Paternal uniparental disomy (UPD)",
    "pv_group": "ANGDNAMethylResults",
    "position": 2
  }
},
{
  "model": "rdrf.cdepermittedvalue",
  "pk": 125,
  "fields": {
    "code": "ANGUnknown",
    "value": "Unknown",
    "questionnaire_value": "",
    "desc": "Unknown",
    "pv_group": "ANGDNAMethylResults",
    "position": 7
  }
},
{
  "model": "rdrf.cdepermittedvalue",
  "pk": 126,
  "fields": {
    "code": "ANGMutation",
    "value": "Mutation",
    "questionnaire_value": "",
    "desc": "Mutation",
    "pv_group": "ANGDNAMethylResults",
    "position": 4
  }
},
{
  "model": "rdrf.cdepermittedvalue",
  "pk": 127,
  "fields": {
    "code": "ANGMosaic",
    "value": "Mosaic",
    "questionnaire_value": "",
    "desc": "Mosaic",
    "pv_group": "ANGDNAMethylResults",
    "position": 5
  }
},
{
  "model": "rdrf.cdepermittedvalue",
  "pk": 128,
  "fields": {
    "code": "ANGNegative",
    "value": "Negative",
    "questionnaire_value": "",
    "desc": "Negative",
    "pv_group": "ANGDNAMethylResults",
    "position": 6
  }
},
{
  "model": "rdrf.cdepermittedvalue",
  "pk": 129,
  "fields": {
    "code": "ANGFoetalMovementsUnknown",
    "value": "Unknown",
    "questionnaire_value": "",
    "desc": "Unknown",
    "pv_group": "ANGDecreasedFoetalMovements",
    "position": 4
  }
},
{
  "model": "rdrf.cdepermittedvalue",
  "pk": 130,
  "fields": {
    "code": "ANGFoetalMovementsNormal",
    "value": "Normal",
    "questionnaire_value": "",
    "desc": "Normal",
    "pv_group": "ANGDecreasedFoetalMovements",
    "position": 3
  }
},
{
  "model": "rdrf.cdepermittedvalue",
  "pk": 131,
  "fields": {
    "code": "ANGFoetalMovementsIncreased",
    "value": "Increased",
    "questionnaire_value": "",
    "desc": "Increased",
    "pv_group": "ANGDecreasedFoetalMovements",
    "position": 2
  }
},
{
  "model": "rdrf.cdepermittedvalue",
  "pk": 132,
  "fields": {
    "code": "ANGFoetalMovementsDecreased",
    "value": "Decreased",
    "questionnaire_value": "",
    "desc": "Decreased",
    "pv_group": "ANGDecreasedFoetalMovements",
    "position": 1
  }
},
{
  "model": "rdrf.cdepermittedvalue",
  "pk": 133,
  "fields": {
    "code": "ANGResultUnknown",
    "value": "Unknown",
    "questionnaire_value": "",
    "desc": "Unknown",
    "pv_group": "ANGEEG",
    "position": 3
  }
},
{
  "model": "rdrf.cdepermittedvalue",
  "pk": 134,
  "fields": {
    "code": "ANGAbnormal",
    "value": "Abnormal",
    "questionnaire_value": "",
    "desc": "Abnormal",
    "pv_group": "ANGEEG",
    "position": 2
  }
},
{
  "model": "rdrf.cdepermittedvalue",
  "pk": 135,
  "fields": {
    "code": "ANGNormal",
    "value": "Typical/Normal",
    "questionnaire_value": "",
    "desc": "Typical/Normal",
    "pv_group": "ANGEEG",
    "position": 1
  }
},
{
  "model": "rdrf.cdepermittedvalue",
  "pk": 136,
  "fields": {
    "code": "NoModule7",
    "value": "No  - please skip Module 6: Epilepsy at this stage",
    "questionnaire_value": "No  - please skip Module 6: Epilepsy at this stage",
    "desc": "No  - please skip Module 6: Epilepsy at this stage",
    "pv_group": "ANGEpilepsyYN",
    "position": 2
  }
},
{
  "model": "rdrf.cdepermittedvalue",
  "pk": 137,
  "fields": {
    "code": "YesModule7",
    "value": "Yes  - please record this information in Module 6: Epilepsy",
    "questionnaire_value": "Yes  - please record this information in Module 6: Epilepsy",
    "desc": "Yes  - please record this information in Module 6: Epilepsy",
    "pv_group": "ANGEpilepsyYN",
    "position": 1
  }
},
{
  "model": "rdrf.cdepermittedvalue",
  "pk": 138,
  "fields": {
    "code": "ANGGastroRefluxResolved",
    "value": "Yes, resolved",
    "questionnaire_value": "",
    "desc": "Yes, resolved",
    "pv_group": "ANGGastroReflux",
    "position": 6
  }
},
{
  "model": "rdrf.cdepermittedvalue",
  "pk": 139,
  "fields": {
    "code": "ANGGastroRefulxRecurring",
    "value": "Yes, recurring",
    "questionnaire_value": "",
    "desc": "Yes, recurring",
    "pv_group": "ANGGastroReflux",
    "position": 5
  }
},
{
  "model": "rdrf.cdepermittedvalue",
  "pk": 140,
  "fields": {
    "code": "ANGGastroRefulxOngoing",
    "value": "Yes, ongoing",
    "questionnaire_value": "",
    "desc": "Yes, ongoing",
    "pv_group": "ANGGastroReflux",
    "position": 4
  }
},
{
  "model": "rdrf.cdepermittedvalue",
  "pk": 141,
  "fields": {
    "code": "ANGGastroRefulxDiagnosed",
    "value": "Yes, diagnosed",
    "questionnaire_value": "",
    "desc": "Yes, diagnosed",
    "pv_group": "ANGGastroReflux",
    "position": 3
  }
},
{
  "model": "rdrf.cdepermittedvalue",
  "pk": 142,
  "fields": {
    "code": "ANGGastroRefulxNeverFormally",
    "value": "Never formally diagnosed, but compatible history",
    "questionnaire_value": "",
    "desc": "Never formally diagnosed, but compatible history",
    "pv_group": "ANGGastroReflux",
    "position": 2
  }
},
{
  "model": "rdrf.cdepermittedvalue",
  "pk": 143,
  "fields": {
    "code": "ANGGastroRefulxNone",
    "value": "None",
    "questionnaire_value": "",
    "desc": "None",
    "pv_group": "ANGGastroReflux",
    "position": 1
  }
},
{
  "model": "rdrf.cdepermittedvalue",
  "pk": 144,
  "fields": {
    "code": "ANGGeneticTestUnknown",
    "value": "Unknown",
    "questionnaire_value": "",
    "desc": "Unknown",
    "pv_group": "ANGGeneticTest",
    "position": 5
  }
},
{
  "model": "rdrf.cdepermittedvalue",
  "pk": 145,
  "fields": {
    "code": "ANGGeneticTestFISH",
    "value": "FISH",
    "questionnaire_value": "",
    "desc": "FISH",
    "pv_group": "ANGGeneticTest",
    "position": 4
  }
},
{
  "model": "rdrf.cdepermittedvalue",
  "pk": 146,
  "fields": {
    "code": "ANGGeneticTestMutation",
    "value": "Mutation",
    "questionnaire_value": "",
    "desc": "Mutation",
    "pv_group": "ANGGeneticTest",
    "position": 3
  }
},
{
  "model": "rdrf.cdepermittedvalue",
  "pk": 147,
  "fields": {
    "code": "ANGGeneticTestMethylation",
    "value": "Methylation",
    "questionnaire_value": "",
    "desc": "Methylation",
    "pv_group": "ANGGeneticTest",
    "position": 2
  }
},
{
  "model": "rdrf.cdepermittedvalue",
  "pk": 148,
  "fields": {
    "code": "ANGGeneticTestArray",
    "value": "Array",
    "questionnaire_value": "",
    "desc": "Array",
    "pv_group": "ANGGeneticTest",
    "position": 1
  }
},
{
  "model": "rdrf.cdepermittedvalue",
  "pk": 149,
  "fields": {
    "code": "3Other",
    "value": "3 - Other",
    "questionnaire_value": "",
    "desc": "3 - Other",
    "pv_group": "ANGHOWFED",
    "position": 3
  }
},
{
  "model": "rdrf.cdepermittedvalue",
  "pk": 150,
  "fields": {
    "code": "2Bottlefed",
    "value": "2 - Bottlefed",
    "questionnaire_value": "",
    "desc": "2 - Bottlefed",
    "pv_group": "ANGHOWFED",
    "position": 2
  }
},
{
  "model": "rdrf.cdepermittedvalue",
  "pk": 151,
  "fields": {
    "code": "1Breastfed",
    "value": "1 - Breastfed",
    "questionnaire_value": "",
    "desc": "1 - Breastfed",
    "pv_group": "ANGHOWFED",
    "position": 1
  }
},
{
  "model": "rdrf.cdepermittedvalue",
  "pk": 152,
  "fields": {
    "code": "5Other",
    "value": "Other",
    "questionnaire_value": "Other",
    "desc": "Other",
    "pv_group": "ANGHospReason",
    "position": 5
  }
},
{
  "model": "rdrf.cdepermittedvalue",
  "pk": 153,
  "fields": {
    "code": "4Infection",
    "value": "Infection",
    "questionnaire_value": "Infection",
    "desc": "Infection",
    "pv_group": "ANGHospReason",
    "position": 4
  }
},
{
  "model": "rdrf.cdepermittedvalue",
  "pk": 154,
  "fields": {
    "code": "3Surgery",
    "value": "Surgery",
    "questionnaire_value": "Surgery",
    "desc": "Surgery",
    "pv_group": "ANGHospReason",
    "position": 3
  }
},
{
  "model": "rdrf.cdepermittedvalue",
  "pk": 155,
  "fields": {
    "code": "2Feeding",
    "value": "Feeding problems",
    "questionnaire_value": "Feeding problems",
    "desc": "Feeding problems",
    "pv_group": "ANGHospReason",
    "position": 2
  }
},
{
  "model": "rdrf.cdepermittedvalue",
  "pk": 156,
  "fields": {
    "code": "1Seizure",
    "value": "Seizure",
    "questionnaire_value": "Seizure",
    "desc": "Seizure",
    "pv_group": "ANGHospReason",
    "position": 1
  }
},
{
  "model": "rdrf.cdepermittedvalue",
  "pk": 157,
  "fields": {
    "code": "Unusual",
    "value": "Unusual or abnormal behaviour in the adult/ child with AS",
    "questionnaire_value": "Unusual or abnormal behaviour in the adult/ child with AS",
    "desc": "Unusual or abnormal behaviour in the adult/ child with AS",
    "pv_group": "ANGInvestigation",
    "position": 3
  }
},
{
  "model": "rdrf.cdepermittedvalue",
  "pk": 158,
  "fields": {
    "code": "OtherInvest",
    "value": "Other",
    "questionnaire_value": "",
    "desc": "Other",
    "pv_group": "ANGInvestigation",
    "position": 6
  }
},
{
  "model": "rdrf.cdepermittedvalue",
  "pk": 159,
  "fields": {
    "code": "UnknownInvest",
    "value": "Unknown",
    "questionnaire_value": "",
    "desc": "Unknown",
    "pv_group": "ANGInvestigation",
    "position": 5
  }
},
{
  "model": "rdrf.cdepermittedvalue",
  "pk": 160,
  "fields": {
    "code": "RoutineInvest",
    "value": "Routine",
    "questionnaire_value": "",
    "desc": "Routine",
    "pv_group": "ANGInvestigation",
    "position": 4
  }
},
{
  "model": "rdrf.cdepermittedvalue",
  "pk": 161,
  "fields": {
    "code": "PainInvest",
    "value": "Pain",
    "questionnaire_value": "",
    "desc": "Pain",
    "pv_group": "ANGInvestigation",
    "position": 2
  }
},
{
  "model": "rdrf.cdepermittedvalue",
  "pk": 162,
  "fields": {
    "code": "IllnessInvest",
    "value": "Illness",
    "questionnaire_value": "",
    "desc": "Illness",
    "pv_group": "ANGInvestigation",
    "position": 1
  }
},
{
  "model": "rdrf.cdepermittedvalue",
  "pk": 163,
  "fields": {
    "code": "3High",
    "value": "3 - High",
    "questionnaire_value": "3 - High",
    "desc": "3 - High",
    "pv_group": "ANGLevelCare",
    "position": 3
  }
},
{
  "model": "rdrf.cdepermittedvalue",
  "pk": 164,
  "fields": {
    "code": "2Medium",
    "value": "2 - Medium",
    "questionnaire_value": "2 - Medium",
    "desc": "2 - Medium",
    "pv_group": "ANGLevelCare",
    "position": 2
  }
},
{
  "model": "rdrf.cdepermittedvalue",
  "pk": 165,
  "fields": {
    "code": "1Low",
    "value": "1 - Low",
    "questionnaire_value": "1 - Low",
    "desc": "1 - Low",
    "pv_group": "ANGLevelCare",
    "position": 1
  }
},
{
  "model": "rdrf.cdepermittedvalue",
  "pk": 166,
  "fields": {
    "code": "2Clobazam(FrisiumOnfi)",
    "value": "Clobazam (Frisium, Onfi)",
    "questionnaire_value": "Clobazam (Frisium, Onfi)",
    "desc": "Clobazam (Frisium, Onfi)",
    "pv_group": "ANGMedIntListMaster",
    "position": 2
  }
},
{
  "model": "rdrf.cdepermittedvalue",
  "pk": 167,
  "fields": {
    "code": "3Clonozepam(Rivotril)",
    "value": "Clonozepam (Rivotril)",
    "questionnaire_value": "Clonozepam (Rivotril)",
    "desc": "Clonozepam (Rivotril)",
    "pv_group": "ANGMedIntListMaster",
    "position": 3
  }
},
{
  "model": "rdrf.cdepermittedvalue",
  "pk": 168,
  "fields": {
    "code": "4Ethosuximide(Zarontin)",
    "value": "Ethosuximide (Zarontin)",
    "questionnaire_value": "Ethosuximide (Zarontin)",
    "desc": "Ethosuximide (Zarontin)",
    "pv_group": "ANGMedIntListMaster",
    "position": 4
  }
},
{
  "model": "rdrf.cdepermittedvalue",
  "pk": 169,
  "fields": {
    "code": "5Folate(Folicacid)",
    "value": "Folate (Folic acid)",
    "questionnaire_value": "Folate (Folic acid)",
    "desc": "Folate (Folic acid)",
    "pv_group": "ANGMedIntListMaster",
    "position": 5
  }
},
{
  "model": "rdrf.cdepermittedvalue",
  "pk": 170,
  "fields": {
    "code": "6Lamotrigine(LamictalLam",
    "value": "Lamotrigine (Lamictal, Lamogine)",
    "questionnaire_value": "Lamotrigine (Lamictal, Lamogine)",
    "desc": "Lamotrigine (Lamictal, Lamogine)",
    "pv_group": "ANGMedIntListMaster",
    "position": 6
  }
},
{
  "model": "rdrf.cdepermittedvalue",
  "pk": 171,
  "fields": {
    "code": "7Levetiracetam(Keppra)",
    "value": "Levetiracetam (Keppra)",
    "questionnaire_value": "Levetiracetam (Keppra)",
    "desc": "Levetiracetam (Keppra)",
    "pv_group": "ANGMedIntListMaster",
    "position": 7
  }
},
{
  "model": "rdrf.cdepermittedvalue",
  "pk": 172,
  "fields": {
    "code": "8Oxcarbazepine(Trileptal)",
    "value": "Oxcarbazepine (Trileptal)",
    "questionnaire_value": "Oxcarbazepine (Trileptal)",
    "desc": "Oxcarbazepine (Trileptal)",
    "pv_group": "ANGMedIntListMaster",
    "position": 8
  }
},
{
  "model": "rdrf.cdepermittedvalue",
  "pk": 173,
  "fields": {
    "code": "9Phenobarbintoneaspen(Dil",
    "value": "Phenobarbintone aspen (Dilantin)",
    "questionnaire_value": "Phenobarbintone aspen (Dilantin)",
    "desc": "Phenobarbintone aspen (Dilantin)",
    "pv_group": "ANGMedIntListMaster",
    "position": 9
  }
},
{
  "model": "rdrf.cdepermittedvalue",
  "pk": 174,
  "fields": {
    "code": "23Phenobarbital(Phenobarb)",
    "value": "Phenobarbital (Phenobarb)",
    "questionnaire_value": "Phenobarbital (Phenobarb)",
    "desc": "Phenobarbital (Phenobarb)",
    "pv_group": "ANGMedIntListMaster",
    "position": 23
  }
},
{
  "model": "rdrf.cdepermittedvalue",
  "pk": 175,
  "fields": {
    "code": "11Sodiumvalproate(Epilim)",
    "value": "Sodium valproate (Epilim)",
    "questionnaire_value": "Sodium valproate (Epilim)",
    "desc": "Sodium valproate (Epilim)",
    "pv_group": "ANGMedIntListMaster",
    "position": 11
  }
},
{
  "model": "rdrf.cdepermittedvalue",
  "pk": 176,
  "fields": {
    "code": "12Topiramate(Topamax)",
    "value": "Topiramate (Topamax)",
    "questionnaire_value": "Topiramate (Topamax)",
    "desc": "Topiramate (Topamax)",
    "pv_group": "ANGMedIntListMaster",
    "position": 12
  }
},
{
  "model": "rdrf.cdepermittedvalue",
  "pk": 177,
  "fields": {
    "code": "13Aripiprazole(Abilify)",
    "value": "Aripiprazole (Abilify)",
    "questionnaire_value": "Aripiprazole (Abilify)",
    "desc": "Aripiprazole (Abilify)",
    "pv_group": "ANGMedIntListMaster",
    "position": 13
  }
},
{
  "model": "rdrf.cdepermittedvalue",
  "pk": 178,
  "fields": {
    "code": "14Methylphenidate(Ritalin)",
    "value": "Methylphenidate (Ritalin)",
    "questionnaire_value": "Methylphenidate (Ritalin)",
    "desc": "Methylphenidate (Ritalin)",
    "pv_group": "ANGMedIntListMaster",
    "position": 14
  }
},
{
  "model": "rdrf.cdepermittedvalue",
  "pk": 179,
  "fields": {
    "code": "15Risperidone(Risperdal)",
    "value": "Risperidone (Risperdal)",
    "questionnaire_value": "Risperidone (Risperdal)",
    "desc": "Risperidone (Risperdal)",
    "pv_group": "ANGMedIntListMaster",
    "position": 15
  }
},
{
  "model": "rdrf.cdepermittedvalue",
  "pk": 180,
  "fields": {
    "code": "22Nitrazepam(Mogadon)",
    "value": "Nitrazepam (Mogadon)",
    "questionnaire_value": "Nitrazepam (Mogadon)",
    "desc": "Nitrazepam (Mogadon)",
    "pv_group": "ANGMedIntListMaster",
    "position": 22
  }
},
{
  "model": "rdrf.cdepermittedvalue",
  "pk": 181,
  "fields": {
    "code": "25Trimeprazinetartrate(Valle",
    "value": "Trimeprazine tartrate (Vallergan forte)",
    "questionnaire_value": "Trimeprazine tartrate (Vallergan forte)",
    "desc": "Trimeprazine tartrate (Vallergan forte)",
    "pv_group": "ANGMedIntListMaster",
    "position": 25
  }
},
{
  "model": "rdrf.cdepermittedvalue",
  "pk": 182,
  "fields": {
    "code": "55OtherDiet",
    "value": "Other diet (please state)",
    "questionnaire_value": "Other diet (please state)",
    "desc": "Other diet (please state)",
    "pv_group": "ANGMedIntListMaster",
    "position": 54
  }
},
{
  "model": "rdrf.cdepermittedvalue",
  "pk": 183,
  "fields": {
    "code": "26Lactulose(Actilax,Dulose)",
    "value": "Lactulose (Actilax, Dulose)",
    "questionnaire_value": "Lactulose (Actilax, Dulose)",
    "desc": "Lactulose (Actilax, Dulose)",
    "pv_group": "ANGMedIntListMaster",
    "position": 26
  }
},
{
  "model": "rdrf.cdepermittedvalue",
  "pk": 184,
  "fields": {
    "code": "27Ommeprazole(LosecAcimax",
    "value": "Ommeprazole (Losec, Acimax, Maxor)",
    "questionnaire_value": "Ommeprazole (Losec, Acimax, Maxor)",
    "desc": "Ommeprazole (Losec, Acimax, Maxor)",
    "pv_group": "ANGMedIntListMaster",
    "position": 27
  }
},
{
  "model": "rdrf.cdepermittedvalue",
  "pk": 185,
  "fields": {
    "code": "28Ondansetron(Zofran)",
    "value": "Ondansetron (Zofran)",
    "questionnaire_value": "Ondansetron (Zofran)",
    "desc": "Ondansetron (Zofran)",
    "pv_group": "ANGMedIntListMaster",
    "position": 28
  }
},
{
  "model": "rdrf.cdepermittedvalue",
  "pk": 186,
  "fields": {
    "code": "29Macrogol(Osmolax)",
    "value": "Macrogol (Osmolax)",
    "questionnaire_value": "Macrogol (Osmolax)",
    "desc": "Macrogol (Osmolax)",
    "pv_group": "ANGMedIntListMaster",
    "position": 29
  }
},
{
  "model": "rdrf.cdepermittedvalue",
  "pk": 187,
  "fields": {
    "code": "30Probiotic(Cytopro)",
    "value": "Probiotic (Cytopro)",
    "questionnaire_value": "Probiotic (Cytopro)",
    "desc": "Probiotic (Cytopro)",
    "pv_group": "ANGMedIntListMaster",
    "position": 30
  }
},
{
  "model": "rdrf.cdepermittedvalue",
  "pk": 188,
  "fields": {
    "code": "31Psyllium(Metamucil)",
    "value": "Psyllium (Metamucil)",
    "questionnaire_value": "Psyllium (Metamucil)",
    "desc": "Psyllium (Metamucil)",
    "pv_group": "ANGMedIntListMaster",
    "position": 31
  }
},
{
  "model": "rdrf.cdepermittedvalue",
  "pk": 189,
  "fields": {
    "code": "32Baclofen(LioresalGablofen",
    "value": "Baclofen (Lioresal, Gablofen)",
    "questionnaire_value": "Baclofen (Lioresal, Gablofen)",
    "desc": "Baclofen (Lioresal, Gablofen)",
    "pv_group": "ANGMedIntListMaster",
    "position": 32
  }
},
{
  "model": "rdrf.cdepermittedvalue",
  "pk": 190,
  "fields": {
    "code": "33Benzatropine(Benztrop)",
    "value": "Benzatropine (Benztrop)",
    "questionnaire_value": "Benzatropine (Benztrop)",
    "desc": "Benzatropine (Benztrop)",
    "pv_group": "ANGMedIntListMaster",
    "position": 33
  }
},
{
  "model": "rdrf.cdepermittedvalue",
  "pk": 191,
  "fields": {
    "code": "34Calcium(Caltrate)",
    "value": "Calcium (Caltrate)",
    "questionnaire_value": "Calcium (Caltrate)",
    "desc": "Calcium (Caltrate)",
    "pv_group": "ANGMedIntListMaster",
    "position": 34
  }
},
{
  "model": "rdrf.cdepermittedvalue",
  "pk": 192,
  "fields": {
    "code": "37Clonidine(Diaformin)",
    "value": "Clonidine (Diaformin)",
    "questionnaire_value": "Clonidine (Diaformin)",
    "desc": "Clonidine (Diaformin)",
    "pv_group": "ANGMedIntListMaster",
    "position": 37
  }
},
{
  "model": "rdrf.cdepermittedvalue",
  "pk": 193,
  "fields": {
    "code": "38Cyproheptadine(Periactin)",
    "value": "Cyproheptadine (Periactin)",
    "questionnaire_value": "Cyproheptadine (Periactin)",
    "desc": "Cyproheptadine (Periactin)",
    "pv_group": "ANGMedIntListMaster",
    "position": 38
  }
},
{
  "model": "rdrf.cdepermittedvalue",
  "pk": 194,
  "fields": {
    "code": "39Fluticasone(Flixotide)",
    "value": "Fluticasone (Flixotide)",
    "questionnaire_value": "Fluticasone (Flixotide)",
    "desc": "Fluticasone (Flixotide)",
    "pv_group": "ANGMedIntListMaster",
    "position": 39
  }
},
{
  "model": "rdrf.cdepermittedvalue",
  "pk": 195,
  "fields": {
    "code": "40Hexaminehipp(hiprex)",
    "value": "Hexamine hipp (hiprex)",
    "questionnaire_value": "Hexamine hipp (hiprex)",
    "desc": "Hexamine hipp (hiprex)",
    "pv_group": "ANGMedIntListMaster",
    "position": 40
  }
},
{
  "model": "rdrf.cdepermittedvalue",
  "pk": 196,
  "fields": {
    "code": "41Minocycline(AkaminMinomycin",
    "value": "Minocycline (Akamin, Minomycin)",
    "questionnaire_value": "Minocycline (Akamin, Minomycin)",
    "desc": "Minocycline (Akamin, Minomycin)",
    "pv_group": "ANGMedIntListMaster",
    "position": 41
  }
},
{
  "model": "rdrf.cdepermittedvalue",
  "pk": 197,
  "fields": {
    "code": "42Mometasone(Nasonex)",
    "value": "Mometasone (Nasonex)",
    "questionnaire_value": "Mometasone (Nasonex)",
    "desc": "Mometasone (Nasonex)",
    "pv_group": "ANGMedIntListMaster",
    "position": 42
  }
},
{
  "model": "rdrf.cdepermittedvalue",
  "pk": 198,
  "fields": {
    "code": "43Montelukast(Singulair)",
    "value": "Montelukast (Singulair)",
    "questionnaire_value": "Montelukast (Singulair)",
    "desc": "Montelukast (Singulair)",
    "pv_group": "ANGMedIntListMaster",
    "position": 43
  }
},
{
  "model": "rdrf.cdepermittedvalue",
  "pk": 199,
  "fields": {
    "code": "44Netformin(Diaformin)",
    "value": "Netformin (Diaformin)",
    "questionnaire_value": "Netformin (Diaformin)",
    "desc": "Netformin (Diaformin)",
    "pv_group": "ANGMedIntListMaster",
    "position": 44
  }
},
{
  "model": "rdrf.cdepermittedvalue",
  "pk": 200,
  "fields": {
    "code": "45Oxybutynin(Ditropan)",
    "value": "Oxybutynin (Ditropan)",
    "questionnaire_value": "Oxybutynin (Ditropan)",
    "desc": "Oxybutynin (Ditropan)",
    "pv_group": "ANGMedIntListMaster",
    "position": 45
  }
},
{
  "model": "rdrf.cdepermittedvalue",
  "pk": 201,
  "fields": {
    "code": "17Eveningprimroseoil(Efamol)",
    "value": "Evening primrose oil (Efamol)",
    "questionnaire_value": "Evening primrose oil (Efamol)",
    "desc": "Evening primrose oil (Efamol)",
    "pv_group": "ANGMedIntListMaster",
    "position": 17
  }
},
{
  "model": "rdrf.cdepermittedvalue",
  "pk": 202,
  "fields": {
    "code": "47Miralax",
    "value": "Miralax/polyethylene glycol",
    "questionnaire_value": "Miralax/polyethylene glycol",
    "desc": "Miralax/polyethylene glycol",
    "pv_group": "ANGMedIntListMaster",
    "position": 47
  }
},
{
  "model": "rdrf.cdepermittedvalue",
  "pk": 203,
  "fields": {
    "code": "18Amitriptyline(Endep)",
    "value": "Amitriptyline (Endep)",
    "questionnaire_value": "Amitriptyline (Endep)",
    "desc": "Amitriptyline (Endep)",
    "pv_group": "ANGMedIntListMaster",
    "position": 18
  }
},
{
  "model": "rdrf.cdepermittedvalue",
  "pk": 204,
  "fields": {
    "code": "19Diazepam(Valium)",
    "value": "Diazepam (Valium)",
    "questionnaire_value": "Diazepam (Valium)",
    "desc": "Diazepam (Valium)",
    "pv_group": "ANGMedIntListMaster",
    "position": 19
  }
},
{
  "model": "rdrf.cdepermittedvalue",
  "pk": 205,
  "fields": {
    "code": "20Melatonin(Circadin)",
    "value": "Melatonin (Circadin)",
    "questionnaire_value": "Melatonin (Circadin)",
    "desc": "Melatonin (Circadin)",
    "pv_group": "ANGMedIntListMaster",
    "position": 20
  }
},
{
  "model": "rdrf.cdepermittedvalue",
  "pk": 206,
  "fields": {
    "code": "21Midazolam(Versed)",
    "value": "Midazolam (Versed)",
    "questionnaire_value": "Midazolam (Versed)",
    "desc": "Midazolam (Versed)",
    "pv_group": "ANGMedIntListMaster",
    "position": 21
  }
},
{
  "model": "rdrf.cdepermittedvalue",
  "pk": 207,
  "fields": {
    "code": "46Pantoprazole(Somac)",
    "value": "Pantoprazole (Somac)",
    "questionnaire_value": "Pantoprazole (Somac)",
    "desc": "Pantoprazole (Somac)",
    "pv_group": "ANGMedIntListMaster",
    "position": 46
  }
},
{
  "model": "rdrf.cdepermittedvalue",
  "pk": 208,
  "fields": {
    "code": "52Ketogenicdiet",
    "value": "Ketogenic diet",
    "questionnaire_value": "Ketogenic diet",
    "desc": "Ketogenic diet",
    "pv_group": "ANGMedIntListMaster",
    "position": 52
  }
},
{
  "model": "rdrf.cdepermittedvalue",
  "pk": 209,
  "fields": {
    "code": "53LGITdiet",
    "value": "LGIT diet",
    "questionnaire_value": "LGIT diet",
    "desc": "LGIT diet",
    "pv_group": "ANGMedIntListMaster",
    "position": 53
  }
},
{
  "model": "rdrf.cdepermittedvalue",
  "pk": 210,
  "fields": {
    "code": "54VagusNerveStimulation(VNS",
    "value": "Vagus Nerve Stimulation (VNS)",
    "questionnaire_value": "Vagus Nerve Stimulation (VNS)",
    "desc": "Vagus Nerve Stimulation (VNS)",
    "pv_group": "ANGMedIntListMaster",
    "position": 55
  }
},
{
  "model": "rdrf.cdepermittedvalue",
  "pk": 211,
  "fields": {
    "code": "35Celepram(Citalopram)",
    "value": "Celepram (Citalopram)",
    "questionnaire_value": "Celepram (Citalopram)",
    "desc": "Celepram (Citalopram)",
    "pv_group": "ANGMedIntListMaster",
    "position": 35
  }
},
{
  "model": "rdrf.cdepermittedvalue",
  "pk": 212,
  "fields": {
    "code": "36Cephalexin(Keflex)",
    "value": "Cephalexin (Keflex)",
    "questionnaire_value": "Cephalexin (Keflex)",
    "desc": "Cephalexin (Keflex)",
    "pv_group": "ANGMedIntListMaster",
    "position": 36
  }
},
{
  "model": "rdrf.cdepermittedvalue",
  "pk": 213,
  "fields": {
    "code": "16Efalex(Efamol)",
    "value": "Efalex (Efamol)",
    "questionnaire_value": "Efalex (Efamol)",
    "desc": "Efalex (Efamol)",
    "pv_group": "ANGMedIntListMaster",
    "position": 16
  }
},
{
  "model": "rdrf.cdepermittedvalue",
  "pk": 214,
  "fields": {
    "code": "48Lactulose",
    "value": "Lactulose",
    "questionnaire_value": "Lactulose",
    "desc": "Lactulose",
    "pv_group": "ANGMedIntListMaster",
    "position": 48
  }
},
{
  "model": "rdrf.cdepermittedvalue",
  "pk": 215,
  "fields": {
    "code": "49Dulcolax",
    "value": "Dulcolax/Bisacodyl",
    "questionnaire_value": "Dulcolax/Bisacodyl",
    "desc": "Dulcolax/Bisacodyl",
    "pv_group": "ANGMedIntListMaster",
    "position": 49
  }
},
{
  "model": "rdrf.cdepermittedvalue",
  "pk": 216,
  "fields": {
    "code": "50Otherfiberlax",
    "value": "Benefiber/Metamucil or other fiber laxative",
    "questionnaire_value": "Benefiber/Metamucil or other fiber laxative",
    "desc": "Benefiber/Metamucil or other fiber laxative",
    "pv_group": "ANGMedIntListMaster",
    "position": 50
  }
},
{
  "model": "rdrf.cdepermittedvalue",
  "pk": 217,
  "fields": {
    "code": "51Cannabis",
    "value": "Cannabis or cannabinoid",
    "questionnaire_value": "Cannabis or cannabinoid",
    "desc": "Cannabis or cannabinoid",
    "pv_group": "ANGMedIntListMaster",
    "position": 51
  }
},
{
  "model": "rdrf.cdepermittedvalue",
  "pk": 218,
  "fields": {
    "code": "1Cabamazepine(Tegretol)",
    "value": "Cabamazepine (Tegretol)",
    "questionnaire_value": "Cabamazepine (Tegretol)",
    "desc": "Cabamazepine (Tegretol)",
    "pv_group": "ANGMedIntListMaster",
    "position": 1
  }
},
{
  "model": "rdrf.cdepermittedvalue",
  "pk": 219,
  "fields": {
    "code": "24Promenthazine",
    "value": "Promethazine (Phenergan)",
    "questionnaire_value": "Promethazine (Phenergan)",
    "desc": "Promethazine (Phenergan)",
    "pv_group": "ANGMedIntListMaster",
    "position": 24
  }
},
{
  "model": "rdrf.cdepermittedvalue",
  "pk": 220,
  "fields": {
    "code": "1AntiEpileptic",
    "value": "Anti Epileptic",
    "questionnaire_value": "Anti Epileptic",
    "desc": "Anti Epileptic",
    "pv_group": "ANGMedIntReasonScale",
    "position": 1
  }
},
{
  "model": "rdrf.cdepermittedvalue",
  "pk": 221,
  "fields": {
    "code": "2Behavioural",
    "value": "Behavioural",
    "questionnaire_value": "Behavioural",
    "desc": "Behavioural",
    "pv_group": "ANGMedIntReasonScale",
    "position": 2
  }
},
{
  "model": "rdrf.cdepermittedvalue",
  "pk": 222,
  "fields": {
    "code": "3Sleep",
    "value": "Sleep",
    "questionnaire_value": "Sleep",
    "desc": "Sleep",
    "pv_group": "ANGMedIntReasonScale",
    "position": 3
  }
},
{
  "model": "rdrf.cdepermittedvalue",
  "pk": 223,
  "fields": {
    "code": "4Gastrointestinal",
    "value": "Gastrointestinal",
    "questionnaire_value": "Gastrointestinal",
    "desc": "Gastrointestinal",
    "pv_group": "ANGMedIntReasonScale",
    "position": 4
  }
},
{
  "model": "rdrf.cdepermittedvalue",
  "pk": 224,
  "fields": {
    "code": "5Complimentary",
    "value": "Complimentary",
    "questionnaire_value": "Complimentary",
    "desc": "Complimentary",
    "pv_group": "ANGMedIntReasonScale",
    "position": 5
  }
},
{
  "model": "rdrf.cdepermittedvalue",
  "pk": 225,
  "fields": {
    "code": "6Diet",
    "value": "Diet",
    "questionnaire_value": "Diet",
    "desc": "Diet",
    "pv_group": "ANGMedIntReasonScale",
    "position": 6
  }
},
{
  "model": "rdrf.cdepermittedvalue",
  "pk": 226,
  "fields": {
    "code": "7vns",
    "value": "Vagus Nerve Stimulation (VNS)",
    "questionnaire_value": "Vagus Nerve Stimulation (VNS)",
    "desc": "Vagus Nerve Stimulation (VNS)",
    "pv_group": "ANGMedIntReasonScale",
    "position": 7
  }
},
{
  "model": "rdrf.cdepermittedvalue",
  "pk": 227,
  "fields": {
    "code": "8Other",
    "value": "Other",
    "questionnaire_value": "Other",
    "desc": "Other",
    "pv_group": "ANGMedIntReasonScale",
    "position": 8
  }
},
{
  "model": "rdrf.cdepermittedvalue",
  "pk": 228,
  "fields": {
    "code": "6Other(Plscomment)",
    "value": "Other (Please comment)",
    "questionnaire_value": "Other (Please comment)",
    "desc": "Other (Please comment)",
    "pv_group": "ANGMedIntReasonStopScale",
    "position": 6
  }
},
{
  "model": "rdrf.cdepermittedvalue",
  "pk": 229,
  "fields": {
    "code": "5Nolongerreq",
    "value": "No longer required",
    "questionnaire_value": "No longer required",
    "desc": "No longer required",
    "pv_group": "ANGMedIntReasonStopScale",
    "position": 5
  }
},
{
  "model": "rdrf.cdepermittedvalue",
  "pk": 230,
  "fields": {
    "code": "4Transfer",
    "value": "Transferring to a new medication",
    "questionnaire_value": "Transferring to a new medication",
    "desc": "Transferring to a new medication",
    "pv_group": "ANGMedIntReasonStopScale",
    "position": 4
  }
},
{
  "model": "rdrf.cdepermittedvalue",
  "pk": 231,
  "fields": {
    "code": "3Inadequate",
    "value": "Inadequate seizure control",
    "questionnaire_value": "Inadequate seizure control",
    "desc": "Inadequate seizure control",
    "pv_group": "ANGMedIntReasonStopScale",
    "position": 3
  }
},
{
  "model": "rdrf.cdepermittedvalue",
  "pk": 232,
  "fields": {
    "code": "2SideEffects",
    "value": "Intolerable side effects",
    "questionnaire_value": "Intolerable side effects",
    "desc": "Intolerable side effects",
    "pv_group": "ANGMedIntReasonStopScale",
    "position": 2
  }
},
{
  "model": "rdrf.cdepermittedvalue",
  "pk": 233,
  "fields": {
    "code": "Exacerbation",
    "value": "Exacerbation/worsening of seizures",
    "questionnaire_value": "Exacerbation/worsening of seizures",
    "desc": "Exacerbation/worsening of seizures",
    "pv_group": "ANGMedIntReasonStopScale",
    "position": 1
  }
},
{
  "model": "rdrf.cdepermittedvalue",
  "pk": 234,
  "fields": {
    "code": "4",
    "value": "5 or more episodes per year",
    "questionnaire_value": "5 or more episodes per year",
    "desc": "5 or more episodes per year",
    "pv_group": "ANGMedOtherFreqScale",
    "position": 4
  }
},
{
  "model": "rdrf.cdepermittedvalue",
  "pk": 235,
  "fields": {
    "code": "3",
    "value": "1 \u2013 5 episodes per year",
    "questionnaire_value": "1 \u2013 5 episodes per year",
    "desc": "1 \u2013 5 episodes per year",
    "pv_group": "ANGMedOtherFreqScale",
    "position": 3
  }
},
{
  "model": "rdrf.cdepermittedvalue",
  "pk": 236,
  "fields": {
    "code": "2",
    "value": "Less than once a year",
    "questionnaire_value": "Less than once a year",
    "desc": "Less than once a year",
    "pv_group": "ANGMedOtherFreqScale",
    "position": 2
  }
},
{
  "model": "rdrf.cdepermittedvalue",
  "pk": 237,
  "fields": {
    "code": "1",
    "value": "One off episode",
    "questionnaire_value": "One off episode",
    "desc": "One off episode",
    "pv_group": "ANGMedOtherFreqScale",
    "position": 1
  }
},
{
  "model": "rdrf.cdepermittedvalue",
  "pk": 238,
  "fields": {
    "code": "ANGMisdiagnosisUnknown",
    "value": "Unknown",
    "questionnaire_value": "",
    "desc": "Unknown",
    "pv_group": "ANGMisdiagnosisScale",
    "position": 6
  }
},
{
  "model": "rdrf.cdepermittedvalue",
  "pk": 239,
  "fields": {
    "code": "ANGMisdiagnosisOther",
    "value": "Other",
    "questionnaire_value": "",
    "desc": "Other",
    "pv_group": "ANGMisdiagnosisScale",
    "position": 5
  }
},
{
  "model": "rdrf.cdepermittedvalue",
  "pk": 240,
  "fields": {
    "code": "ANGMisdiagnosisGlobalDevDelay",
    "value": "Global Development Delay",
    "questionnaire_value": "",
    "desc": "Global Development Delay",
    "pv_group": "ANGMisdiagnosisScale",
    "position": 4
  }
},
{
  "model": "rdrf.cdepermittedvalue",
  "pk": 241,
  "fields": {
    "code": "ANGMisdiagnosisCerebralPalsy",
    "value": "Cerebral Palsy",
    "questionnaire_value": "",
    "desc": "Cerebral Palsy",
    "pv_group": "ANGMisdiagnosisScale",
    "position": 3
  }
},
{
  "model": "rdrf.cdepermittedvalue",
  "pk": 242,
  "fields": {
    "code": "ANGMisdiagnosisSeizureDisorder",
    "value": "Seizure Disorder",
    "questionnaire_value": "",
    "desc": "Seizure Disorder",
    "pv_group": "ANGMisdiagnosisScale",
    "position": 2
  }
},
{
  "model": "rdrf.cdepermittedvalue",
  "pk": 243,
  "fields": {
    "code": "ANGMisdiagnosisAutism",
    "value": "Autism",
    "questionnaire_value": "",
    "desc": "Autism",
    "pv_group": "ANGMisdiagnosisScale",
    "position": 1
  }
},
{
  "model": "rdrf.cdepermittedvalue",
  "pk": 244,
  "fields": {
    "code": "4Mixed",
    "value": "Mixed",
    "questionnaire_value": "",
    "desc": "Mixed",
    "pv_group": "ANGMuscleTone",
    "position": 4
  }
},
{
  "model": "rdrf.cdepermittedvalue",
  "pk": 245,
  "fields": {
    "code": "3High",
    "value": "High",
    "questionnaire_value": "High",
    "desc": "High",
    "pv_group": "ANGMuscleTone",
    "position": 3
  }
},
{
  "model": "rdrf.cdepermittedvalue",
  "pk": 246,
  "fields": {
    "code": "2Med",
    "value": "Medium",
    "questionnaire_value": "Medium",
    "desc": "Medium",
    "pv_group": "ANGMuscleTone",
    "position": 2
  }
},
{
  "model": "rdrf.cdepermittedvalue",
  "pk": 247,
  "fields": {
    "code": "1Low",
    "value": "Low",
    "questionnaire_value": "Low",
    "desc": "Low",
    "pv_group": "ANGMuscleTone",
    "position": 1
  }
},
{
  "model": "rdrf.cdepermittedvalue",
  "pk": 248,
  "fields": {
    "code": "ANGMotorDevelopment",
    "value": "Motor development",
    "questionnaire_value": "",
    "desc": "Motor development",
    "pv_group": "ANGNeurologicalSymptoms",
    "position": 3
  }
},
{
  "model": "rdrf.cdepermittedvalue",
  "pk": 249,
  "fields": {
    "code": "ANGUnusualBehaviours",
    "value": "Unusual behaviour/s",
    "questionnaire_value": "",
    "desc": "Unusual behaviour/s",
    "pv_group": "ANGNeurologicalSymptoms",
    "position": 4
  }
},
{
  "model": "rdrf.cdepermittedvalue",
  "pk": 250,
  "fields": {
    "code": "ANGLackLanguage",
    "value": "Lack of language",
    "questionnaire_value": "",
    "desc": "Lack of language",
    "pv_group": "ANGNeurologicalSymptoms",
    "position": 5
  }
},
{
  "model": "rdrf.cdepermittedvalue",
  "pk": 251,
  "fields": {
    "code": "ANGMicrocephaly",
    "value": "Microcephaly",
    "questionnaire_value": "",
    "desc": "Microcephaly",
    "pv_group": "ANGNeurologicalSymptoms",
    "position": 1
  }
},
{
  "model": "rdrf.cdepermittedvalue",
  "pk": 252,
  "fields": {
    "code": "ANGDevelopmentalDelay",
    "value": "Developmental delay",
    "questionnaire_value": "",
    "desc": "Developmental delay",
    "pv_group": "ANGNeurologicalSymptoms",
    "position": 2
  }
},
{
  "model": "rdrf.cdepermittedvalue",
  "pk": 253,
  "fields": {
    "code": "ANGNeurologicalSymptomsAtaxia",
    "value": "Ataxia",
    "questionnaire_value": "",
    "desc": "Ataxia",
    "pv_group": "ANGNeurologicalSymptoms",
    "position": 8
  }
},
{
  "model": "rdrf.cdepermittedvalue",
  "pk": 254,
  "fields": {
    "code": "ANGNeurologicalSymptomsSeizure",
    "value": "Seizures",
    "questionnaire_value": "",
    "desc": "Seizures",
    "pv_group": "ANGNeurologicalSymptoms",
    "position": 7
  }
},
{
  "model": "rdrf.cdepermittedvalue",
  "pk": 255,
  "fields": {
    "code": "ANGNeuroOther",
    "value": "Other",
    "questionnaire_value": "",
    "desc": "Other",
    "pv_group": "ANGNeurologicalSymptoms",
    "position": 9
  }
},
{
  "model": "rdrf.cdepermittedvalue",
  "pk": 256,
  "fields": {
    "code": "ANGAbnormalNeurologicalExam",
    "value": "Abnormal neurological exam",
    "questionnaire_value": "",
    "desc": "Abnormal neurological exam",
    "pv_group": "ANGNeurologicalSymptoms",
    "position": 6
  }
},
{
  "model": "rdrf.cdepermittedvalue",
  "pk": 257,
  "fields": {
    "code": "ANGOtitisMediaFrequency1off",
    "value": "One off episode",
    "questionnaire_value": "",
    "desc": "One off episode",
    "pv_group": "ANGOtitisMediaFrequency",
    "position": 1
  }
},
{
  "model": "rdrf.cdepermittedvalue",
  "pk": 258,
  "fields": {
    "code": "ANGOtitisMediaFrequency1-5/yr",
    "value": "1-5 episodes per year",
    "questionnaire_value": "",
    "desc": "1-5 episodes per year",
    "pv_group": "ANGOtitisMediaFrequency",
    "position": 2
  }
},
{
  "model": "rdrf.cdepermittedvalue",
  "pk": 259,
  "fields": {
    "code": "ANGOtitisMediaFrequency>5/yr",
    "value": ">5 episodes per year",
    "questionnaire_value": "",
    "desc": ">5 episodes per year",
    "pv_group": "ANGOtitisMediaFrequency",
    "position": 3
  }
},
{
  "model": "rdrf.cdepermittedvalue",
  "pk": 260,
  "fields": {
    "code": "ANGPneumonia1off",
    "value": "One off episode",
    "questionnaire_value": "",
    "desc": "One off episode",
    "pv_group": "ANGPneumoniaEpisodes",
    "position": 1
  }
},
{
  "model": "rdrf.cdepermittedvalue",
  "pk": 261,
  "fields": {
    "code": "ANGPneumonia>3ps",
    "value": "3 or more episodes",
    "questionnaire_value": "",
    "desc": "3 or more episodes",
    "pv_group": "ANGPneumoniaEpisodes",
    "position": 3
  }
},
{
  "model": "rdrf.cdepermittedvalue",
  "pk": 262,
  "fields": {
    "code": "ANGPneumonia1-2Eps",
    "value": "1-2 episodes",
    "questionnaire_value": "",
    "desc": "1-2 episodes",
    "pv_group": "ANGPneumoniaEpisodes",
    "position": 2
  }
},
{
  "model": "rdrf.cdepermittedvalue",
  "pk": 263,
  "fields": {
    "code": "4 - Other",
    "value": "4 - Other",
    "questionnaire_value": "4 - Other",
    "desc": "4 - Other",
    "pv_group": "ANGScoliosisTreatment",
    "position": 4
  }
},
{
  "model": "rdrf.cdepermittedvalue",
  "pk": 264,
  "fields": {
    "code": "3 - Surgery",
    "value": "3 - Surgery",
    "questionnaire_value": "3 - Surgery",
    "desc": "3 - Surgery",
    "pv_group": "ANGScoliosisTreatment",
    "position": 3
  }
},
{
  "model": "rdrf.cdepermittedvalue",
  "pk": 265,
  "fields": {
    "code": "2 - Back brace",
    "value": "2 - Back brace",
    "questionnaire_value": "2 - Back brace",
    "desc": "2 - Back brace",
    "pv_group": "ANGScoliosisTreatment",
    "position": 2
  }
},
{
  "model": "rdrf.cdepermittedvalue",
  "pk": 266,
  "fields": {
    "code": "1 - Observation",
    "value": "1 - Observation",
    "questionnaire_value": "1 - Observation",
    "desc": "1 - Observation",
    "pv_group": "ANGScoliosisTreatment",
    "position": 1
  }
},
{
  "model": "rdrf.cdepermittedvalue",
  "pk": 267,
  "fields": {
    "code": "ANGSeizureFreqNumber20to50",
    "value": "20-50",
    "questionnaire_value": "20-50",
    "desc": "20-50",
    "pv_group": "ANGSeizureFreqNumber",
    "position": 4
  }
},
{
  "model": "rdrf.cdepermittedvalue",
  "pk": 268,
  "fields": {
    "code": "ANGSeizureFreqNumber10to20",
    "value": "10-20",
    "questionnaire_value": "10-20",
    "desc": "10-20",
    "pv_group": "ANGSeizureFreqNumber",
    "position": 3
  }
},
{
  "model": "rdrf.cdepermittedvalue",
  "pk": 269,
  "fields": {
    "code": "ANGSeizureFreqNumberMore50",
    "value": "More than 50",
    "questionnaire_value": "More than 50",
    "desc": "More than 50",
    "pv_group": "ANGSeizureFreqNumber",
    "position": 5
  }
},
{
  "model": "rdrf.cdepermittedvalue",
  "pk": 270,
  "fields": {
    "code": "ANGSeizureFreqNumber5to10",
    "value": "5-10",
    "questionnaire_value": "5-10",
    "desc": "5-10",
    "pv_group": "ANGSeizureFreqNumber",
    "position": 2
  }
},
{
  "model": "rdrf.cdepermittedvalue",
  "pk": 271,
  "fields": {
    "code": "ANGSeizureFreqNumberLess5",
    "value": "Less than 5",
    "questionnaire_value": "Less than 5",
    "desc": "Less than 5",
    "pv_group": "ANGSeizureFreqNumber",
    "position": 1
  }
},
{
  "model": "rdrf.cdepermittedvalue",
  "pk": 272,
  "fields": {
    "code": "ANGSeizureFreqTimeRarely",
    "value": "Rarely (less than once a year)",
    "questionnaire_value": "Rarely (less than once a year)",
    "desc": "Rarely (less than once a year)",
    "pv_group": "ANGSeizureFreqTime",
    "position": 5
  }
},
{
  "model": "rdrf.cdepermittedvalue",
  "pk": 273,
  "fields": {
    "code": "ANGSeizureFreqTimeYearly",
    "value": "Yearly",
    "questionnaire_value": "Yearly",
    "desc": "Yearly",
    "pv_group": "ANGSeizureFreqTime",
    "position": 4
  }
},
{
  "model": "rdrf.cdepermittedvalue",
  "pk": 274,
  "fields": {
    "code": "ANGSeizureFreqTimeMonthly",
    "value": "Monthly",
    "questionnaire_value": "Monthly",
    "desc": "Monthly",
    "pv_group": "ANGSeizureFreqTime",
    "position": 3
  }
},
{
  "model": "rdrf.cdepermittedvalue",
  "pk": 275,
  "fields": {
    "code": "ANGSeizureFreqTimeWeekly",
    "value": "Weekly",
    "questionnaire_value": "Weekly",
    "desc": "Weekly",
    "pv_group": "ANGSeizureFreqTime",
    "position": 2
  }
},
{
  "model": "rdrf.cdepermittedvalue",
  "pk": 276,
  "fields": {
    "code": "ANGSeizureFreqTimeDaily",
    "value": "Daily",
    "questionnaire_value": "Daily",
    "desc": "Daily",
    "pv_group": "ANGSeizureFreqTime",
    "position": 1
  }
},
{
  "model": "rdrf.cdepermittedvalue",
  "pk": 277,
  "fields": {
    "code": "ANGVaried",
    "value": "Varied",
    "questionnaire_value": "",
    "desc": "Varied",
    "pv_group": "ANGSeizureSeverity",
    "position": 4
  }
},
{
  "model": "rdrf.cdepermittedvalue",
  "pk": 278,
  "fields": {
    "code": "ANGMild",
    "value": "Mild",
    "questionnaire_value": "",
    "desc": "Mild",
    "pv_group": "ANGSeizureSeverity",
    "position": 1
  }
},
{
  "model": "rdrf.cdepermittedvalue",
  "pk": 279,
  "fields": {
    "code": "ANGModerate",
    "value": "Moderate",
    "questionnaire_value": "",
    "desc": "Moderate",
    "pv_group": "ANGSeizureSeverity",
    "position": 2
  }
},
{
  "model": "rdrf.cdepermittedvalue",
  "pk": 280,
  "fields": {
    "code": "ANGUnknownSeverity",
    "value": "Unknown",
    "questionnaire_value": "",
    "desc": "Unknown",
    "pv_group": "ANGSeizureSeverity",
    "position": 5
  }
},
{
  "model": "rdrf.cdepermittedvalue",
  "pk": 281,
  "fields": {
    "code": "ANGSevere",
    "value": "Severe",
    "questionnaire_value": "",
    "desc": "Severe",
    "pv_group": "ANGSeizureSeverity",
    "position": 3
  }
},
{
  "model": "rdrf.cdepermittedvalue",
  "pk": 282,
  "fields": {
    "code": "ANGESeizureTriggerUnknown",
    "value": "Unknown",
    "questionnaire_value": "Unknown",
    "desc": "Unknown",
    "pv_group": "ANGSeizureTrigger",
    "position": 5
  }
},
{
  "model": "rdrf.cdepermittedvalue",
  "pk": 330,
  "fields": {
    "code": "ANGToeWalkingNoTreatment",
    "value": "No treatment",
    "questionnaire_value": "",
    "desc": "No treatment",
    "pv_group": "ANGToeWalkingTreatment",
    "position": 4
  }
},
{
  "model": "rdrf.cdepermittedvalue",
  "pk": 283,
  "fields": {
    "code": "ANGESeizureTriggerComed",
    "value": "Co-medication/drug interaction",
    "questionnaire_value": "Co-medication/drug interaction",
    "desc": "Co-medication/drug interaction",
    "pv_group": "ANGSeizureTrigger",
    "position": 3
  }
},
{
  "model": "rdrf.cdepermittedvalue",
  "pk": 284,
  "fields": {
    "code": "ANGESeizureTriggerFeverInfect",
    "value": "Illness/infection with fever",
    "questionnaire_value": "Illness/infection with fever",
    "desc": "Illness/infection with fever",
    "pv_group": "ANGSeizureTrigger",
    "position": 2
  }
},
{
  "model": "rdrf.cdepermittedvalue",
  "pk": 285,
  "fields": {
    "code": "ANGESeizureTriggerOther",
    "value": "Other",
    "questionnaire_value": "Other",
    "desc": "Other",
    "pv_group": "ANGSeizureTrigger",
    "position": 4
  }
},
{
  "model": "rdrf.cdepermittedvalue",
  "pk": 286,
  "fields": {
    "code": "ANGESeizureTriggerIllness",
    "value": "Illness/infection without fever",
    "questionnaire_value": "Illness/infection without fever",
    "desc": "Illness/infection without fever",
    "pv_group": "ANGSeizureTrigger",
    "position": 1
  }
},
{
  "model": "rdrf.cdepermittedvalue",
  "pk": 287,
  "fields": {
    "code": "SleepDisturbance6",
    "value": "Don't Know",
    "questionnaire_value": "",
    "desc": "6",
    "pv_group": "ANGSleepBehaviour",
    "position": 6
  }
},
{
  "model": "rdrf.cdepermittedvalue",
  "pk": 288,
  "fields": {
    "code": "SleepDisturbance2",
    "value": "Occasionally (once or twice per month or less)",
    "questionnaire_value": "",
    "desc": "2",
    "pv_group": "ANGSleepBehaviour",
    "position": 2
  }
},
{
  "model": "rdrf.cdepermittedvalue",
  "pk": 289,
  "fields": {
    "code": "SleepDisturbance1",
    "value": "Never",
    "questionnaire_value": "",
    "desc": "Never",
    "pv_group": "ANGSleepBehaviour",
    "position": 1
  }
},
{
  "model": "rdrf.cdepermittedvalue",
  "pk": 290,
  "fields": {
    "code": "SleepDisturbance5",
    "value": "Always (daily)",
    "questionnaire_value": "",
    "desc": "5",
    "pv_group": "ANGSleepBehaviour",
    "position": 5
  }
},
{
  "model": "rdrf.cdepermittedvalue",
  "pk": 291,
  "fields": {
    "code": "SleepDisturbance4",
    "value": "Often (3 or 5 times per week)",
    "questionnaire_value": "",
    "desc": "4",
    "pv_group": "ANGSleepBehaviour",
    "position": 4
  }
},
{
  "model": "rdrf.cdepermittedvalue",
  "pk": 292,
  "fields": {
    "code": "SleepDisturbance3",
    "value": "Sometimes (once or twice per month)",
    "questionnaire_value": "",
    "desc": "3",
    "pv_group": "ANGSleepBehaviour",
    "position": 3
  }
},
{
  "model": "rdrf.cdepermittedvalue",
  "pk": 293,
  "fields": {
    "code": "Sleep5",
    "value": "Less than 5 hours",
    "questionnaire_value": "",
    "desc": "5",
    "pv_group": "ANGSleepHours",
    "position": 5
  }
},
{
  "model": "rdrf.cdepermittedvalue",
  "pk": 294,
  "fields": {
    "code": "Sleep4",
    "value": "5-7 hours",
    "questionnaire_value": "",
    "desc": "4",
    "pv_group": "ANGSleepHours",
    "position": 4
  }
},
{
  "model": "rdrf.cdepermittedvalue",
  "pk": 295,
  "fields": {
    "code": "Sleep3",
    "value": "7-8 hours",
    "questionnaire_value": "",
    "desc": "3",
    "pv_group": "ANGSleepHours",
    "position": 3
  }
},
{
  "model": "rdrf.cdepermittedvalue",
  "pk": 296,
  "fields": {
    "code": "Sleep2",
    "value": "8-9 hours",
    "questionnaire_value": "",
    "desc": "2",
    "pv_group": "ANGSleepHours",
    "position": 2
  }
},
{
  "model": "rdrf.cdepermittedvalue",
  "pk": 297,
  "fields": {
    "code": "Sleep1",
    "value": "9-11 hours",
    "questionnaire_value": "",
    "desc": "9-11 hours",
    "pv_group": "ANGSleepHours",
    "position": 1
  }
},
{
  "model": "rdrf.cdepermittedvalue",
  "pk": 298,
  "fields": {
    "code": "ANGStrabismusOther",
    "value": "Other",
    "questionnaire_value": "",
    "desc": "Other",
    "pv_group": "ANGStrabismusTreatment",
    "position": 5
  }
},
{
  "model": "rdrf.cdepermittedvalue",
  "pk": 299,
  "fields": {
    "code": "ANGStrabismusGlasses",
    "value": "Glasses",
    "questionnaire_value": "",
    "desc": "Glasses",
    "pv_group": "ANGStrabismusTreatment",
    "position": 1
  }
},
{
  "model": "rdrf.cdepermittedvalue",
  "pk": 300,
  "fields": {
    "code": "ANGStrabismusPatching",
    "value": "Patching",
    "questionnaire_value": "",
    "desc": "Patching",
    "pv_group": "ANGStrabismusTreatment",
    "position": 2
  }
},
{
  "model": "rdrf.cdepermittedvalue",
  "pk": 301,
  "fields": {
    "code": "ANGStrabismusSurgery",
    "value": "Surgery",
    "questionnaire_value": "",
    "desc": "Surgery",
    "pv_group": "ANGStrabismusTreatment",
    "position": 3
  }
},
{
  "model": "rdrf.cdepermittedvalue",
  "pk": 302,
  "fields": {
    "code": "ANGStrabismusNoTreatment",
    "value": "No treatment",
    "questionnaire_value": "",
    "desc": "No treatment",
    "pv_group": "ANGStrabismusTreatment",
    "position": 4
  }
},
{
  "model": "rdrf.cdepermittedvalue",
  "pk": 303,
  "fields": {
    "code": "ANGSurgeryUnknown",
    "value": "Unknown",
    "questionnaire_value": "",
    "desc": "Unknown",
    "pv_group": "ANGSurgery",
    "position": 4
  }
},
{
  "model": "rdrf.cdepermittedvalue",
  "pk": 304,
  "fields": {
    "code": "ANGSurgeryYes",
    "value": "Yes",
    "questionnaire_value": "",
    "desc": "Yes",
    "pv_group": "ANGSurgery",
    "position": 1
  }
},
{
  "model": "rdrf.cdepermittedvalue",
  "pk": 305,
  "fields": {
    "code": "ANGSurgeryNo",
    "value": "No",
    "questionnaire_value": "",
    "desc": "No",
    "pv_group": "ANGSurgery",
    "position": 2
  }
},
{
  "model": "rdrf.cdepermittedvalue",
  "pk": 306,
  "fields": {
    "code": "ANGSurgeryRecommended",
    "value": "Recommended, but not done",
    "questionnaire_value": "",
    "desc": "Recommended, but not done",
    "pv_group": "ANGSurgery",
    "position": 3
  }
},
{
  "model": "rdrf.cdepermittedvalue",
  "pk": 307,
  "fields": {
    "code": "OtherTest",
    "value": "Other",
    "questionnaire_value": "",
    "desc": "Other",
    "pv_group": "ANGTestType",
    "position": 5
  }
},
{
  "model": "rdrf.cdepermittedvalue",
  "pk": 308,
  "fields": {
    "code": "CerebralSpinalFluidTest",
    "value": "Cerebral Spinal Fluid",
    "questionnaire_value": "",
    "desc": "Cerebral Spinal Fluid",
    "pv_group": "ANGTestType",
    "position": 4
  }
},
{
  "model": "rdrf.cdepermittedvalue",
  "pk": 309,
  "fields": {
    "code": "MRITest",
    "value": "MRI",
    "questionnaire_value": "",
    "desc": "MRI",
    "pv_group": "ANGTestType",
    "position": 3
  }
},
{
  "model": "rdrf.cdepermittedvalue",
  "pk": 310,
  "fields": {
    "code": "BloodTest",
    "value": "Blood test",
    "questionnaire_value": "",
    "desc": "Blood test",
    "pv_group": "ANGTestType",
    "position": 2
  }
},
{
  "model": "rdrf.cdepermittedvalue",
  "pk": 311,
  "fields": {
    "code": "EEGTest",
    "value": "EEG",
    "questionnaire_value": "",
    "desc": "EEG",
    "pv_group": "ANGTestType",
    "position": 1
  }
},
{
  "model": "rdrf.cdepermittedvalue",
  "pk": 312,
  "fields": {
    "code": "10Other",
    "value": "Other",
    "questionnaire_value": "Other",
    "desc": "Other",
    "pv_group": "ANGTherapyServices",
    "position": 10
  }
},
{
  "model": "rdrf.cdepermittedvalue",
  "pk": 313,
  "fields": {
    "code": "9Beh",
    "value": "Behavioural therapy",
    "questionnaire_value": "Behavioural therapy",
    "desc": "Behavioural therapy",
    "pv_group": "ANGTherapyServices",
    "position": 9
  }
},
{
  "model": "rdrf.cdepermittedvalue",
  "pk": 314,
  "fields": {
    "code": "8Pet",
    "value": "Pet therapy",
    "questionnaire_value": "Pet therapy",
    "desc": "Pet therapy",
    "pv_group": "ANGTherapyServices",
    "position": 8
  }
},
{
  "model": "rdrf.cdepermittedvalue",
  "pk": 315,
  "fields": {
    "code": "7Art",
    "value": "Art therapy",
    "questionnaire_value": "Art therapy",
    "desc": "Art therapy",
    "pv_group": "ANGTherapyServices",
    "position": 7
  }
},
{
  "model": "rdrf.cdepermittedvalue",
  "pk": 316,
  "fields": {
    "code": "6Music",
    "value": "Music therapy",
    "questionnaire_value": "Music therapy",
    "desc": "Music therapy",
    "pv_group": "ANGTherapyServices",
    "position": 6
  }
},
{
  "model": "rdrf.cdepermittedvalue",
  "pk": 317,
  "fields": {
    "code": "5Hydro",
    "value": "Hydro/aquatic therapy",
    "questionnaire_value": "Hydro/aquatic therapy",
    "desc": "Hydro/aquatic therapy",
    "pv_group": "ANGTherapyServices",
    "position": 5
  }
},
{
  "model": "rdrf.cdepermittedvalue",
  "pk": 318,
  "fields": {
    "code": "4Hippotherapy",
    "value": "Hippotherapy",
    "questionnaire_value": "Hippotherapy",
    "desc": "Hippotherapy",
    "pv_group": "ANGTherapyServices",
    "position": 4
  }
},
{
  "model": "rdrf.cdepermittedvalue",
  "pk": 319,
  "fields": {
    "code": "3Occupational",
    "value": "Occupational therapy",
    "questionnaire_value": "Occupational therapy",
    "desc": "Occupational therapy",
    "pv_group": "ANGTherapyServices",
    "position": 3
  }
},
{
  "model": "rdrf.cdepermittedvalue",
  "pk": 320,
  "fields": {
    "code": "2Speech",
    "value": "Speech and Language",
    "questionnaire_value": "Speech and Language",
    "desc": "Speech and Language",
    "pv_group": "ANGTherapyServices",
    "position": 2
  }
},
{
  "model": "rdrf.cdepermittedvalue",
  "pk": 321,
  "fields": {
    "code": "1Physical",
    "value": "Physical Therapy",
    "questionnaire_value": "Physical Therapy",
    "desc": "Physical Therapy",
    "pv_group": "ANGTherapyServices",
    "position": 1
  }
},
{
  "model": "rdrf.cdepermittedvalue",
  "pk": 322,
  "fields": {
    "code": "Time5",
    "value": "More than 60 min",
    "questionnaire_value": "",
    "desc": "5",
    "pv_group": "ANGTimeToSleep",
    "position": 5
  }
},
{
  "model": "rdrf.cdepermittedvalue",
  "pk": 323,
  "fields": {
    "code": "Time4",
    "value": "45-60 min",
    "questionnaire_value": "",
    "desc": "4",
    "pv_group": "ANGTimeToSleep",
    "position": 4
  }
},
{
  "model": "rdrf.cdepermittedvalue",
  "pk": 324,
  "fields": {
    "code": "Time3",
    "value": "30-45 min",
    "questionnaire_value": "",
    "desc": "3",
    "pv_group": "ANGTimeToSleep",
    "position": 3
  }
},
{
  "model": "rdrf.cdepermittedvalue",
  "pk": 325,
  "fields": {
    "code": "Time2",
    "value": "15-30 min",
    "questionnaire_value": "",
    "desc": "2",
    "pv_group": "ANGTimeToSleep",
    "position": 2
  }
},
{
  "model": "rdrf.cdepermittedvalue",
  "pk": 326,
  "fields": {
    "code": "Time1",
    "value": "Less than 15 min",
    "questionnaire_value": "",
    "desc": "1",
    "pv_group": "ANGTimeToSleep",
    "position": 1
  }
},
{
  "model": "rdrf.cdepermittedvalue",
  "pk": 327,
  "fields": {
    "code": "ANGToeWalkingTreatment",
    "value": "Ankle-foot orthosis (AFO)",
    "questionnaire_value": "",
    "desc": "Ankle-foot orthosis (AFO)",
    "pv_group": "ANGToeWalkingTreatment",
    "position": 1
  }
},
{
  "model": "rdrf.cdepermittedvalue",
  "pk": 328,
  "fields": {
    "code": "ANGToeWalkingTreatmentSurgery",
    "value": "Surgery",
    "questionnaire_value": "",
    "desc": "Surgery",
    "pv_group": "ANGToeWalkingTreatment",
    "position": 2
  }
},
{
  "model": "rdrf.cdepermittedvalue",
  "pk": 329,
  "fields": {
    "code": "ANGToeWalkingTreatmentPhysical",
    "value": "Physical Therapy",
    "questionnaire_value": "",
    "desc": "Physical Therapy",
    "pv_group": "ANGToeWalkingTreatment",
    "position": 3
  }
},
{
  "model": "rdrf.cdepermittedvalue",
  "pk": 331,
  "fields": {
    "code": "ANGNGTube",
    "value": "NG tube",
    "questionnaire_value": "",
    "desc": "NG tube",
    "pv_group": "ANGTubeFedTypes",
    "position": 1
  }
},
{
  "model": "rdrf.cdepermittedvalue",
  "pk": 332,
  "fields": {
    "code": "ANGOGTube",
    "value": "OG Tube",
    "questionnaire_value": "",
    "desc": "OG Tube",
    "pv_group": "ANGTubeFedTypes",
    "position": 2
  }
},
{
  "model": "rdrf.cdepermittedvalue",
  "pk": 333,
  "fields": {
    "code": "ANGGastroTube",
    "value": "Gastrostomy tube",
    "questionnaire_value": "",
    "desc": "Gastrostomy tube",
    "pv_group": "ANGTubeFedTypes",
    "position": 3
  }
},
{
  "model": "rdrf.cdepermittedvalue",
  "pk": 334,
  "fields": {
    "code": "3",
    "value": "Nutrition using overnight feeds",
    "questionnaire_value": "Nutrition using overnight feeds",
    "desc": "Nutrition using overnight feeds",
    "pv_group": "ANGTubeHowScale",
    "position": 3
  }
},
{
  "model": "rdrf.cdepermittedvalue",
  "pk": 335,
  "fields": {
    "code": "2",
    "value": "Nutrition using bolus feeds",
    "questionnaire_value": "Nutrition using bolus feeds",
    "desc": "Nutrition using bolus feeds",
    "pv_group": "ANGTubeHowScale",
    "position": 2
  }
},
{
  "model": "rdrf.cdepermittedvalue",
  "pk": 336,
  "fields": {
    "code": "1",
    "value": "Medications only",
    "questionnaire_value": "Medications only",
    "desc": "Medications only",
    "pv_group": "ANGTubeHowScale",
    "position": 1
  }
},
{
  "model": "rdrf.cdepermittedvalue",
  "pk": 337,
  "fields": {
    "code": "ANGTubeFailureToThrive",
    "value": "Failure to thrive",
    "questionnaire_value": "",
    "desc": "<h1>Angelman Registry</h1>\n<p>\nThe Angelman Registry is a tool to help medical professionals and researchers learn more about individuals with Angelman Syndrome (AS). The Registry will create new opportunities to gain insight and understanding about AS, and providing an important tool for both facilitating research and enabling clinical trial sponsors to quickly identify suitable patients for each study. </p>\n\n<section><div class=\"alert alert-info\"><a href=\"https://angelmanregistry.info/rdrf/ang/register/\"target=\"_blank\"><b><center>Register now</center></b></a></div></section>\n\n<div class=\"alert alert-danger\">This site is for demo purpose only. Please do not enter any real data!</div>\n\n<div class=\"alert alert-info\">Please log in by clicking on the link located in the top-right corner</div>",
    "pv_group": "ANGTubePlacement",
    "position": 6
  }
},
{
  "model": "rdrf.cdepermittedvalue",
  "pk": 338,
  "fields": {
    "code": "ANGTubeInabilityToFeed",
    "value": "Inability to feed orally as infant",
    "questionnaire_value": "",
    "desc": "Inability to feed orally as infant",
    "pv_group": "ANGTubePlacement",
    "position": 1
  }
},
{
  "model": "rdrf.cdepermittedvalue",
  "pk": 339,
  "fields": {
    "code": "ANGTubeVomiting",
    "value": "Vomiting",
    "questionnaire_value": "",
    "desc": "Vomiting",
    "pv_group": "ANGTubePlacement",
    "position": 3
  }
},
{
  "model": "rdrf.cdepermittedvalue",
  "pk": 340,
  "fields": {
    "code": "ANGTubeFoodRefusal",
    "value": "Food refusal",
    "questionnaire_value": "",
    "desc": "Food refusal",
    "pv_group": "ANGTubePlacement",
    "position": 4
  }
},
{
  "model": "rdrf.cdepermittedvalue",
  "pk": 341,
  "fields": {
    "code": "ANGTubeComplications",
    "value": "Complications",
    "questionnaire_value": "",
    "desc": "Complications",
    "pv_group": "ANGTubePlacement",
    "position": 5
  }
},
{
  "model": "rdrf.cdepermittedvalue",
  "pk": 342,
  "fields": {
    "code": "ANGTubeGastroRefulx",
    "value": "Gastroesophageal reflux disease",
    "questionnaire_value": "",
    "desc": "Gastroesophageal reflux disease",
    "pv_group": "ANGTubePlacement",
    "position": 2
  }
},
{
  "model": "rdrf.cdepermittedvalue",
  "pk": 343,
  "fields": {
    "code": "ANGDiagnosisPaediatrician",
    "value": "Paediatrician/GP",
    "questionnaire_value": "",
    "desc": "Paediatrician/GP",
    "pv_group": "ANGWhoMadeDiagnosis",
    "position": 1
  }
},
{
  "model": "rdrf.cdepermittedvalue",
  "pk": 344,
  "fields": {
    "code": "ANGDiagnosisNeuropaediatrician",
    "value": "Neuropaediatrician",
    "questionnaire_value": "",
    "desc": "Neuropaediatrician",
    "pv_group": "ANGWhoMadeDiagnosis",
    "position": 2
  }
},
{
  "model": "rdrf.cdepermittedvalue",
  "pk": 345,
  "fields": {
    "code": "ANGDiagnosisOther",
    "value": "Other",
    "questionnaire_value": "",
    "desc": "Other",
    "pv_group": "ANGWhoMadeDiagnosis",
    "position": 5
  }
},
{
  "model": "rdrf.cdepermittedvalue",
  "pk": 346,
  "fields": {
    "code": "ANGDiagnosisGeneticist",
    "value": "Geneticist",
    "questionnaire_value": "",
    "desc": "Geneticist",
    "pv_group": "ANGWhoMadeDiagnosis",
    "position": 4
  }
},
{
  "model": "rdrf.cdepermittedvalue",
  "pk": 347,
  "fields": {
    "code": "ANGNeurologist",
    "value": "Neurologist",
    "questionnaire_value": "",
    "desc": "Neurologist",
    "pv_group": "ANGWhoMadeDiagnosis",
    "position": 3
  }
},
{
  "model": "rdrf.cdepermittedvalue",
  "pk": 348,
  "fields": {
    "code": "AddressTypeHome",
    "value": "Home",
    "questionnaire_value": "Home",
    "desc": "Home",
    "pv_group": "AddressType",
    "position": 1
  }
},
{
  "model": "rdrf.cdepermittedvalue",
  "pk": 349,
  "fields": {
    "code": "AddressTypePostal",
    "value": "Postal",
    "questionnaire_value": "Postal",
    "desc": "Postal",
    "pv_group": "AddressType",
    "position": 2
  }
},
{
  "model": "rdrf.cdepermittedvalue",
  "pk": 350,
  "fields": {
    "code": "AU",
    "value": "Australia",
    "questionnaire_value": "Australia",
    "desc": "Australia",
    "pv_group": "Country",
    "position": 1
  }
},
{
  "model": "rdrf.cdepermittedvalue",
  "pk": 351,
  "fields": {
    "code": "y",
    "value": "Yes",
    "questionnaire_value": "",
    "desc": "Yes",
    "pv_group": "PVG-YES_NO_UNKNOWN",
    "position": 1
  }
},
{
  "model": "rdrf.cdepermittedvalue",
  "pk": 352,
  "fields": {
    "code": "u_",
    "value": "Unknown",
    "questionnaire_value": "",
    "desc": "Unknown",
    "pv_group": "PVG-YES_NO_UNKNOWN",
    "position": 3
  }
},
{
  "model": "rdrf.cdepermittedvalue",
  "pk": 353,
  "fields": {
    "code": "n_",
    "value": "No",
    "questionnaire_value": "",
    "desc": "No",
    "pv_group": "PVG-YES_NO_UNKNOWN",
    "position": 2
  }
},
{
  "model": "rdrf.cdepermittedvalue",
  "pk": 354,
  "fields": {
    "code": "F",
    "value": "Female",
    "questionnaire_value": null,
    "desc": "Female",
    "pv_group": "Sex",
    "position": null
  }
},
{
  "model": "rdrf.cdepermittedvalue",
  "pk": 355,
  "fields": {
    "code": "X",
    "value": "Other/Intersex",
    "questionnaire_value": null,
    "desc": "Other/Intersex",
    "pv_group": "Sex",
    "position": null
  }
},
{
  "model": "rdrf.cdepermittedvalue",
  "pk": 356,
  "fields": {
    "code": "M",
    "value": "Male",
    "questionnaire_value": null,
    "desc": "Male",
    "pv_group": "Sex",
    "position": null
  }
},
{
  "model": "rdrf.cdepermittedvalue",
  "pk": 357,
  "fields": {
    "code": "WA",
    "value": "Western Australia",
    "questionnaire_value": null,
    "desc": "Western Australia",
    "pv_group": "State",
    "position": null
  }
},
{
  "model": "rdrf.cdepermittedvalue",
  "pk": 358,
  "fields": {
    "code": "QLD",
    "value": "Queensland",
    "questionnaire_value": null,
    "desc": "Queensland",
    "pv_group": "State",
    "position": null
  }
},
{
  "model": "rdrf.cdepermittedvalue",
  "pk": 359,
  "fields": {
    "code": "NT",
    "value": "Northern Territory",
    "questionnaire_value": null,
    "desc": "Northern Territory",
    "pv_group": "State",
    "position": null
  }
},
{
  "model": "rdrf.cdepermittedvalue",
  "pk": 360,
  "fields": {
    "code": "VIC",
    "value": "Victoria",
    "questionnaire_value": null,
    "desc": "Victoria",
    "pv_group": "State",
    "position": null
  }
},
{
  "model": "rdrf.cdepermittedvalue",
  "pk": 361,
  "fields": {
    "code": "SA",
    "value": "South Australia",
    "questionnaire_value": null,
    "desc": "South Australia",
    "pv_group": "State",
    "position": null
  }
},
{
  "model": "rdrf.cdepermittedvalue",
  "pk": 362,
  "fields": {
    "code": "TAS",
    "value": "Tasmania",
    "questionnaire_value": null,
    "desc": "Tasmania",
    "pv_group": "State",
    "position": null
  }
},
{
  "model": "rdrf.cdepermittedvalue",
  "pk": 363,
  "fields": {
    "code": "NSW",
    "value": "New South Wales",
    "questionnaire_value": null,
    "desc": "New South Wales",
    "pv_group": "State",
    "position": null
  }
},
{
  "model": "rdrf.cdepermittedvalue",
  "pk": 364,
  "fields": {
    "code": "ACT",
    "value": "Australian Capital Territory",
    "questionnaire_value": null,
    "desc": "Australian Capital Territory",
    "pv_group": "State",
    "position": null
  }
},
{
  "model": "rdrf.cdepermittedvalue",
  "pk": 365,
  "fields": {
    "code": "Yes",
    "value": "Yes",
    "questionnaire_value": null,
    "desc": "Yes",
    "pv_group": "YesNo",
    "position": 0
  }
},
{
  "model": "rdrf.cdepermittedvalue",
  "pk": 366,
  "fields": {
    "code": "No",
    "value": "No",
    "questionnaire_value": null,
    "desc": "No",
    "pv_group": "YesNo",
    "position": 1
  }
},
{
  "model": "rdrf.cdepermittedvalue",
  "pk": 367,
  "fields": {
    "code": "YesNoUnknownNo",
    "value": "No",
    "questionnaire_value": "",
    "desc": "No",
    "pv_group": "YesNoUnknown",
    "position": 2
  }
},
{
  "model": "rdrf.cdepermittedvalue",
  "pk": 368,
  "fields": {
    "code": "YesNoUnknownYes",
    "value": "Yes",
    "questionnaire_value": "",
    "desc": "Yes",
    "pv_group": "YesNoUnknown",
    "position": 1
  }
},
{
  "model": "rdrf.cdepermittedvalue",
  "pk": 369,
  "fields": {
    "code": "YesNoUnknownUnknown",
    "value": "Unknown",
    "questionnaire_value": "I don't know",
    "desc": "Unknown",
    "pv_group": "YesNoUnknown",
    "position": 3
  }
}
]
