[
{
  "fields": {
    "username": "clinical",
    "first_name": "clinical",
    "last_name": "clinical",
    "title": "x",
    "password_change_date": "2016-07-13T22:26:23.158",
    "is_active": true,
    "is_superuser": false,
    "is_staff": true,
    "last_login": null,
    "registry": [
      [
        "dd"
      ]
    ],
    "groups": [
      [
        "Clinical Staff"
      ]
    ],
    "user_permissions": [],
    "working_groups": [
      9
    ],
    "password": "pbkdf2_sha256$20000$GfRdrJXNxk1R$hiI4mQdT3wsbZISngsbXAyb9ddBwxjdYoEYDd2U+6Ig=",
    "email": "clinical@example.com",
    "date_joined": "2016-07-13T22:26:23.128"
  },
  "model": "groups.customuser"
},
{
  "fields": {
    "username": "curator",
    "first_name": "curator",
    "last_name": "curator",
    "title": "x",
    "password_change_date": "2016-07-13T22:26:23.117",
    "is_active": true,
    "is_superuser": false,
    "is_staff": true,
    "last_login": "2016-07-15T02:34:33.685",
    "registry": [
      [
        "dd"
      ]
    ],
    "groups": [
      [
        "Working Group Curators"
      ]
    ],
    "user_permissions": [],
    "working_groups": [
      9
    ],
    "password": "pbkdf2_sha256$20000$y0KKi4ZPjVve$J3/IOvh5qs2FXWdZakLShDhMPXR0n82INZGZjdWf7+o=",
    "email": "curator@example.com",
    "date_joined": "2016-07-13T22:26:23.082"
  },
  "model": "groups.customuser"
},
{
  "fields": {
    "username": "genetic",
    "first_name": "genetic",
    "last_name": "genetic",
    "title": "x",
    "password_change_date": "2016-07-13T22:26:23.193",
    "is_active": true,
    "is_superuser": false,
    "is_staff": true,
    "last_login": null,
    "registry": [
      [
        "dd"
      ]
    ],
    "groups": [
      [
        "Genetic Staff"
      ]
    ],
    "user_permissions": [],
    "working_groups": [
      9
    ],
    "password": "pbkdf2_sha256$20000$dCGwd1NrFSdS$+1ew5G7/zPfTbL2b229vXYMR8S2Fasi04+rJ9R3Ey9E=",
    "email": "genetic@example.com",
    "date_joined": "2016-07-13T22:26:23.163"
  },
  "model": "groups.customuser"
},
{
  "fields": {
    "username": "admin",
    "first_name": "admin",
    "last_name": "admin",
    "title": "x",
    "password_change_date": "2016-07-13T22:26:23.077",
    "is_active": true,
    "is_superuser": true,
    "is_staff": true,
    "last_login": "2016-07-22T20:15:20.718",
    "registry": [
      [
        "dd"
      ]
    ],
    "groups": [
      [
        "Working Group Curators"
      ]
    ],
    "user_permissions": [],
    "working_groups": [
      9
    ],
    "password": "pbkdf2_sha256$20000$gbSx3AkRDjlR$QMFldqeheDUYKHJGaGmZgHWSxnY9ksgFVN35lJNz6ho=",
    "email": "admin@example.com",
    "date_joined": "2016-07-13T22:26:23.046"
  },
  "model": "groups.customuser"
}
]
