[
{
  "fields": {
    "contact_phone": "08 9111 2222",
    "contact_name": "Mark Davis",
    "contact_email": "mark.davis@health.wa.gov.au",
    "name": "Neurogenetics Laboratory, Royal Perth Hospital",
    "address": ""
  },
  "model": "genetic.laboratory",
  "pk": 1
},
{
  "fields": {
    "contact_phone": "",
    "contact_name": "Donald Love",
    "contact_email": "",
    "name": "Diagnostic Genetics, LabPlus",
    "address": "PO Box 110031\r\nAuckland City Hospital\r\nAuckland 1148"
  },
  "model": "genetic.laboratory",
  "pk": 2
},
{
  "fields": {
    "contact_phone": "08 8111 2222",
    "contact_name": "Kathie Friend",
    "contact_email": "kathryn.friend@adelaide.edu.au",
    "name": "Genetics and Molecular Pathology, SA Pathology (Women\\u2019s and Children\\u2019s Hospital) ",
    "address": ""
  },
  "model": "genetic.laboratory",
  "pk": 3
},
{
  "fields": {
    "contact_phone": "07",
    "contact_name": "Val Hyland",
    "contact_email": "Val_Hyland@health.qld.gov.au",
    "name": "Molecular Genetics Laboratory, Pathology Queensland",
    "address": ""
  },
  "model": "genetic.laboratory",
  "pk": 4
},
{
  "fields": {
    "contact_phone": "02 912121001",
    "contact_name": "Danqing Zhu",
    "contact_email": "molmed@med.usyd.edu.au",
    "name": "Molecular Medicine Laboratory, Concord Repatriation General Hospital",
    "address": ""
  },
  "model": "genetic.laboratory",
  "pk": 5
},
{
  "fields": {
    "contact_phone": "",
    "contact_name": "Desir\\u00e9e du Sart",
    "contact_email": "dusart.desiree@mcri.edu.au",
    "name": "VCGS Molecular Genetics Laboratory, Murdoch Childrens research Institute",
    "address": ""
  },
  "model": "genetic.laboratory",
  "pk": 6
},
{
  "fields": {
    "contact_phone": "8343 1777",
    "contact_name": "",
    "contact_email": "",
    "name": "Victorian Clinical Genetics Service",
    "address": "Flemington Road, Parkville"
  },
  "model": "genetic.laboratory",
  "pk": 7
}
]
