[
{
  "model": "rdrf.modjgo",
  "pk": 1,
  "fields": {
    "registry_code": "fh",
    "collection": "cdes",
    "data": {
      "django_model": "Patient",
      "forms": [
        {
          "name": "ClinicalData",
          "sections": [
            {
              "cdes": [
                {
                  "code": "CDEIndexOrRelative",
                  "value": "fh_is_index"
                }
              ],
              "code": "fhDateSection",
              "allow_multiple": false
            }
          ]
        }
      ],
      "django_id": 1,
      "_id": "57a9903c52dbd900325609c3",
      "context_id": 1,
      "timestamp": "2016-08-09T16:11:40.210000",
      "ClinicalData_timestamp": "2016-08-09T16:11:40.210000"
    }
  }
},
{
  "model": "rdrf.modjgo",
  "pk": 2,
  "fields": {
    "registry_code": "fh",
    "collection": "progress",
    "data": {
      "Imaging_form_current": false,
      "FollowUp_form_current": false,
      "Imaging_form_progress": {
        "filled": 0,
        "required": 0,
        "percentage": 0
      },
      "Apheresis_form_progress": {
        "filled": 0,
        "required": 0,
        "percentage": 0
      },
      "FollowUp_form_progress": {
        "filled": 0,
        "required": 0,
        "percentage": 0
      },
      "genetic_group_current": true,
      "_id": "57a9903c52dbd900325609c4",
      "Medications_form_progress": {
        "filled": 0,
        "required": 0,
        "percentage": 0
      },
      "Medications_form_has_data": null,
      "Imaging_form_has_data": null,
      "Apheresis_form_cdes_status": {},
      "ClinicalData_form_cdes_status": {},
      "django_model": "Patient",
      "Imaging_form_cdes_status": {},
      "context_id": 1,
      "Apheresis_form_has_data": null,
      "django_id": 1,
      "diagnosis_group_has_data": true,
      "FollowUp_form_has_data": null,
      "GeneticData_form_progress": {
        "filled": 0,
        "required": 0,
        "percentage": 0
      },
      "GeneticData_form_cdes_status": {},
      "genetic_group_progress": 100,
      "diagnosis_group_progress": 100,
      "diagnosis_group_current": true,
      "ClinicalData_form_progress": {
        "filled": 0,
        "required": 0,
        "percentage": 0
      },
      "ClinicalData_form_has_data": true,
      "ClinicalData_form_current": true,
      "Medications_form_cdes_status": {},
      "GeneticData_form_has_data": null,
      "Medications_form_current": false,
      "genetic_group_has_data": null,
      "FollowUp_form_cdes_status": {},
      "GeneticData_form_current": false,
      "Apheresis_form_current": false
    }
  }
},
{
  "model": "rdrf.modjgo",
  "pk": 3,
  "fields": {
    "registry_code": "fh",
    "collection": "registry_specific_patient_data",
    "data": {
      "FHNum2ndDegRelatives": "",
      "FHNum3rdDegRelatives": "",
      "django_model": "Patient",
      "django_id": 1,
      "FHPedigreeUpload": {},
      "_id": "57a9903c52dbd900325609c5",
      "FHFounderEffectOrigin": "",
      "context_id": null,
      "FHNum1stDegRelatives": ""
    }
  }
}
]
