[
{
  "model": "groups.customuser",
  "fields": {
    "password": "pbkdf2_sha256$30000$R6tewvF6niO6$dnLrtCpC2oy+3PH43cz5RLEIGF/S7jIsoHqrtcsfdA0=",
    "last_login": null,
    "is_superuser": false,
    "username": "curator",
    "first_name": "curator",
    "last_name": "curator",
    "email": "curator@example.com",
    "is_staff": true,
    "is_active": true,
    "prevent_self_unlock": false,
    "date_joined": "2017-09-27T11:22:23.301",
    "title": "",
    "password_change_date": "2017-09-27T11:22:23.345",
    "preferred_language": "en",
    "groups": [
      [
        "Working Group Curators"
      ]
    ],
    "user_permissions": [],
    "working_groups": [
      2
    ],
    "registry": [
      [
        "ang"
      ]
    ]
  }
},
{
  "model": "groups.customuser",
  "fields": {
    "password": "pbkdf2_sha256$30000$nGffg4LSQhK0$n3v22Hgre6xHJJ7nto0ryGdx3T5Jzc5ANfpF9+k2PB4=",
    "last_login": "2017-09-29T13:30:15.077",
    "is_superuser": true,
    "username": "admin",
    "first_name": "admin",
    "last_name": "admin",
    "email": "admin@example.com",
    "is_staff": true,
    "is_active": true,
    "prevent_self_unlock": false,
    "date_joined": "2017-09-27T11:22:23.244",
    "title": "",
    "password_change_date": "2017-09-27T11:22:23.296",
    "preferred_language": "en",
    "groups": [
      [
        "Working Group Curators"
      ]
    ],
    "user_permissions": [],
    "working_groups": [
      2
    ],
    "registry": [
      [
        "ang"
      ]
    ]
  }
}
]
