[
{
  "model": "groups.customuser",
  "fields": {
    "password": "pbkdf2_sha256$30000$wgrWx9r8iYw5$FcJHX0L0AQObLlUsrxSjY4z1UXx3soMWCHAlxbIw7zQ=",
    "last_login": null,
    "is_superuser": false,
    "username": "curator",
    "first_name": "curator",
    "last_name": "curator",
    "email": "curator@example.com",
    "is_staff": true,
    "is_active": true,
    "prevent_self_unlock": false,
    "date_joined": "2017-09-29T14:14:31.408",
    "title": "",
    "password_change_date": "2017-09-29T14:14:31.454",
    "preferred_language": "en",
    "groups": [
      [
        "Working Group Curators"
      ]
    ],
    "user_permissions": [],
    "working_groups": [
      2
    ],
    "registry": [
      [
        "ang"
      ]
    ]
  }
},
{
  "model": "groups.customuser",
  "fields": {
    "password": "pbkdf2_sha256$30000$ghWWz3qu2pd8$2lfpvFI4LPjiUvPDTmB8zNB7rw14aou/ihqzTauc+aM=",
    "last_login": "2017-09-29T14:17:22.507",
    "is_superuser": true,
    "username": "admin",
    "first_name": "admin",
    "last_name": "admin",
    "email": "admin@example.com",
    "is_staff": true,
    "is_active": true,
    "prevent_self_unlock": false,
    "date_joined": "2017-09-29T14:14:31.352",
    "title": "",
    "password_change_date": "2017-09-29T14:14:31.400",
    "preferred_language": "en",
    "groups": [
      [
        "Working Group Curators"
      ]
    ],
    "user_permissions": [],
    "working_groups": [
      2
    ],
    "registry": [
      [
        "ang"
      ]
    ]
  }
}
]
