[
{
  "model": "patients.patient",
  "pk": 1,
  "fields": {
    "consent": false,
    "consent_clinical_trials": false,
    "consent_sent_information": false,
    "consent_provided_by_parent_guardian": false,
    "family_name": "ABBOTT",
    "given_names": "Abigail",
    "maiden_name": "",
    "umrn": "",
    "date_of_birth": "1933-08-02",
    "place_of_birth": "",
    "date_of_migration": null,
    "country_of_birth": "",
    "ethnic_origin": null,
    "sex": "2",
    "home_phone": "",
    "mobile_phone": "",
    "work_phone": "",
    "email": "",
    "next_of_kin_family_name": "",
    "next_of_kin_given_names": "",
    "next_of_kin_relationship": null,
    "next_of_kin_address": "",
    "next_of_kin_suburb": "",
    "next_of_kin_state": "---",
    "next_of_kin_postcode": null,
    "next_of_kin_home_phone": "",
    "next_of_kin_mobile_phone": "",
    "next_of_kin_work_phone": "",
    "next_of_kin_email": "",
    "next_of_kin_parent_place_of_birth": "",
    "next_of_kin_country": "",
    "active": true,
    "inactive_reason": "",
    "clinician": null,
    "user": null,
    "living_status": "Alive",
    "rdrf_registry": [
      [
        "dd"
      ]
    ],
    "working_groups": [
      2
    ]
  }
}
]
