[
{
  "model": "rdrf.commondataelement",
  "pk": "MRIReport",
  "fields": {
    "name": "Report",
    "desc": "",
    "datatype": "file",
    "instructions": "",
    "pv_group": null,
    "allow_multiple": false,
    "max_length": null,
    "max_value": null,
    "min_value": null,
    "is_required": false,
    "pattern": "",
    "widget_name": "",
    "calculation": "",
    "questionnaire_text": ""
  }
},
{
  "model": "rdrf.commondataelement",
  "pk": "CDEPatientNextOfKinFamilyName",
  "fields": {
    "name": "Parent/Guardian Family Name",
    "desc": "",
    "datatype": "string",
    "instructions": "",
    "pv_group": null,
    "allow_multiple": false,
    "max_length": null,
    "max_value": null,
    "min_value": null,
    "is_required": false,
    "pattern": "",
    "widget_name": "",
    "calculation": "",
    "questionnaire_text": ""
  }
},
{
  "model": "rdrf.commondataelement",
  "pk": "DoseNotes",
  "fields": {
    "name": "Dose Notes",
    "desc": "",
    "datatype": "string",
    "instructions": "",
    "pv_group": null,
    "allow_multiple": false,
    "max_length": null,
    "max_value": null,
    "min_value": null,
    "is_required": false,
    "pattern": "",
    "widget_name": "Textarea",
    "calculation": "",
    "questionnaire_text": ""
  }
},
{
  "model": "rdrf.commondataelement",
  "pk": "MedicalHistoryDocument",
  "fields": {
    "name": "Document",
    "desc": "",
    "datatype": "file",
    "instructions": "",
    "pv_group": null,
    "allow_multiple": false,
    "max_length": null,
    "max_value": null,
    "min_value": null,
    "is_required": false,
    "pattern": "",
    "widget_name": "",
    "calculation": "",
    "questionnaire_text": ""
  }
},
{
  "model": "rdrf.commondataelement",
  "pk": "Misdiagnosed",
  "fields": {
    "name": "Misdiagnosed",
    "desc": "",
    "datatype": "boolean",
    "instructions": "",
    "pv_group": null,
    "allow_multiple": false,
    "max_length": null,
    "max_value": null,
    "min_value": null,
    "is_required": false,
    "pattern": "",
    "widget_name": "",
    "calculation": "",
    "questionnaire_text": ""
  }
},
{
  "model": "rdrf.commondataelement",
  "pk": "CDEPatientNextOfKinGivenNames",
  "fields": {
    "name": "Parent/Guardian Given Names",
    "desc": "",
    "datatype": "string",
    "instructions": "",
    "pv_group": null,
    "allow_multiple": false,
    "max_length": null,
    "max_value": null,
    "min_value": null,
    "is_required": false,
    "pattern": "",
    "widget_name": "",
    "calculation": "",
    "questionnaire_text": ""
  }
},
{
  "model": "rdrf.commondataelement",
  "pk": "DDAffectedStatus",
  "fields": {
    "name": "Affected Status",
    "desc": "",
    "datatype": "range",
    "instructions": "",
    "pv_group": "DDAffStatus",
    "allow_multiple": false,
    "max_length": null,
    "max_value": null,
    "min_value": null,
    "is_required": false,
    "pattern": "",
    "widget_name": "",
    "calculation": "",
    "questionnaire_text": ""
  }
},
{
  "model": "rdrf.commondataelement",
  "pk": "EDSSBrainStem",
  "fields": {
    "name": "Brainstem",
    "desc": "",
    "datatype": "range",
    "instructions": "",
    "pv_group": "BrainStemChoices",
    "allow_multiple": false,
    "max_length": null,
    "max_value": null,
    "min_value": null,
    "is_required": false,
    "pattern": "",
    "widget_name": "",
    "calculation": "",
    "questionnaire_text": ""
  }
},
{
  "model": "rdrf.commondataelement",
  "pk": "CDEPatientGivenNames",
  "fields": {
    "name": "Given Names",
    "desc": "",
    "datatype": "string",
    "instructions": "",
    "pv_group": null,
    "allow_multiple": false,
    "max_length": null,
    "max_value": null,
    "min_value": null,
    "is_required": true,
    "pattern": "",
    "widget_name": "",
    "calculation": "",
    "questionnaire_text": ""
  }
},
{
  "model": "rdrf.commondataelement",
  "pk": "Country",
  "fields": {
    "name": "Country",
    "desc": "Country",
    "datatype": "range",
    "instructions": "",
    "pv_group": "Country",
    "allow_multiple": false,
    "max_length": null,
    "max_value": null,
    "min_value": null,
    "is_required": false,
    "pattern": "",
    "widget_name": "CountryWidget",
    "calculation": "",
    "questionnaire_text": ""
  }
},
{
  "model": "rdrf.commondataelement",
  "pk": "MedicalHistoryOtherComment",
  "fields": {
    "name": "Other",
    "desc": "",
    "datatype": "string",
    "instructions": "",
    "pv_group": null,
    "allow_multiple": false,
    "max_length": null,
    "max_value": null,
    "min_value": null,
    "is_required": false,
    "pattern": "",
    "widget_name": "Textarea",
    "calculation": "",
    "questionnaire_text": ""
  }
},
{
  "model": "rdrf.commondataelement",
  "pk": "DDMedicalHistoryDisease",
  "fields": {
    "name": "Disease",
    "desc": "",
    "datatype": "range",
    "instructions": "",
    "pv_group": "DDMHDisease",
    "allow_multiple": false,
    "max_length": null,
    "max_value": null,
    "min_value": null,
    "is_required": false,
    "pattern": "",
    "widget_name": "",
    "calculation": "",
    "questionnaire_text": ""
  }
},
{
  "model": "rdrf.commondataelement",
  "pk": "EDSSSensory",
  "fields": {
    "name": "Sensory",
    "desc": "",
    "datatype": "range",
    "instructions": "",
    "pv_group": "SensoryChoices",
    "allow_multiple": false,
    "max_length": null,
    "max_value": null,
    "min_value": null,
    "is_required": false,
    "pattern": "",
    "widget_name": "",
    "calculation": "",
    "questionnaire_text": ""
  }
},
{
  "model": "rdrf.commondataelement",
  "pk": "EDSSCerebralMental",
  "fields": {
    "name": "Cerebral (Mental)",
    "desc": "",
    "datatype": "range",
    "instructions": "",
    "pv_group": "CerebralMentalChoices",
    "allow_multiple": false,
    "max_length": null,
    "max_value": null,
    "min_value": null,
    "is_required": false,
    "pattern": "",
    "widget_name": "",
    "calculation": "",
    "questionnaire_text": ""
  }
},
{
  "model": "rdrf.commondataelement",
  "pk": "EDSSForm",
  "fields": {
    "name": "EDSS Form",
    "desc": "",
    "datatype": "file",
    "instructions": "",
    "pv_group": null,
    "allow_multiple": false,
    "max_length": null,
    "max_value": null,
    "min_value": null,
    "is_required": false,
    "pattern": "",
    "widget_name": "",
    "calculation": "",
    "questionnaire_text": ""
  }
},
{
  "model": "rdrf.commondataelement",
  "pk": "CDEPatientHomePhone",
  "fields": {
    "name": "Home Phone",
    "desc": "",
    "datatype": "string",
    "instructions": "",
    "pv_group": null,
    "allow_multiple": false,
    "max_length": null,
    "max_value": null,
    "min_value": null,
    "is_required": false,
    "pattern": "",
    "widget_name": "",
    "calculation": "",
    "questionnaire_text": ""
  }
},
{
  "model": "rdrf.commondataelement",
  "pk": "Protein",
  "fields": {
    "name": "Protein",
    "desc": "",
    "datatype": "float",
    "instructions": "g/L",
    "pv_group": null,
    "allow_multiple": false,
    "max_length": null,
    "max_value": null,
    "min_value": null,
    "is_required": false,
    "pattern": "",
    "widget_name": "",
    "calculation": "",
    "questionnaire_text": ""
  }
},
{
  "model": "rdrf.commondataelement",
  "pk": "MRIBrain",
  "fields": {
    "name": "Brain",
    "desc": "",
    "datatype": "boolean",
    "instructions": "",
    "pv_group": null,
    "allow_multiple": false,
    "max_length": null,
    "max_value": null,
    "min_value": null,
    "is_required": false,
    "pattern": "",
    "widget_name": "",
    "calculation": "",
    "questionnaire_text": ""
  }
},
{
  "model": "rdrf.commondataelement",
  "pk": "CDEPatientSex",
  "fields": {
    "name": "Sex",
    "desc": "sex",
    "datatype": "range",
    "instructions": "",
    "pv_group": "MeteorSexes",
    "allow_multiple": false,
    "max_length": null,
    "max_value": null,
    "min_value": null,
    "is_required": true,
    "pattern": "",
    "widget_name": "",
    "calculation": "",
    "questionnaire_text": "What is your sex?"
  }
},
{
  "model": "rdrf.commondataelement",
  "pk": "MRIImageFile",
  "fields": {
    "name": "Image",
    "desc": "",
    "datatype": "file",
    "instructions": "",
    "pv_group": null,
    "allow_multiple": false,
    "max_length": null,
    "max_value": null,
    "min_value": null,
    "is_required": false,
    "pattern": "",
    "widget_name": "",
    "calculation": "",
    "questionnaire_text": ""
  }
},
{
  "model": "rdrf.commondataelement",
  "pk": "VitaminD3",
  "fields": {
    "name": "Vitamin D3",
    "desc": "",
    "datatype": "string",
    "instructions": "",
    "pv_group": null,
    "allow_multiple": false,
    "max_length": null,
    "max_value": null,
    "min_value": null,
    "is_required": false,
    "pattern": "",
    "widget_name": "",
    "calculation": "",
    "questionnaire_text": ""
  }
},
{
  "model": "rdrf.commondataelement",
  "pk": "EDSSVisual",
  "fields": {
    "name": "Visual",
    "desc": "",
    "datatype": "range",
    "instructions": "",
    "pv_group": "VisualChoices",
    "allow_multiple": false,
    "max_length": null,
    "max_value": null,
    "min_value": null,
    "is_required": false,
    "pattern": "",
    "widget_name": "",
    "calculation": "",
    "questionnaire_text": ""
  }
},
{
  "model": "rdrf.commondataelement",
  "pk": "EndDate",
  "fields": {
    "name": "End Date",
    "desc": "",
    "datatype": "date",
    "instructions": "",
    "pv_group": null,
    "allow_multiple": false,
    "max_length": null,
    "max_value": null,
    "min_value": null,
    "is_required": false,
    "pattern": "",
    "widget_name": "DateWidget",
    "calculation": "",
    "questionnaire_text": ""
  }
},
{
  "model": "rdrf.commondataelement",
  "pk": "MedicalHistoryRecordDate",
  "fields": {
    "name": "Date",
    "desc": "",
    "datatype": "date",
    "instructions": "",
    "pv_group": null,
    "allow_multiple": false,
    "max_length": null,
    "max_value": null,
    "min_value": null,
    "is_required": false,
    "pattern": "",
    "widget_name": "DateWidget",
    "calculation": "",
    "questionnaire_text": ""
  }
},
{
  "model": "rdrf.commondataelement",
  "pk": "DDTreatment",
  "fields": {
    "name": "Treatment",
    "desc": "",
    "datatype": "range",
    "instructions": "",
    "pv_group": "DDTreatment",
    "allow_multiple": false,
    "max_length": null,
    "max_value": null,
    "min_value": null,
    "is_required": false,
    "pattern": "",
    "widget_name": "",
    "calculation": "",
    "questionnaire_text": ""
  }
},
{
  "model": "rdrf.commondataelement",
  "pk": "EDSSBowelBladder",
  "fields": {
    "name": "Bowel/Bladder",
    "desc": "",
    "datatype": "range",
    "instructions": "",
    "pv_group": "BowelBladderChoices",
    "allow_multiple": false,
    "max_length": null,
    "max_value": null,
    "min_value": null,
    "is_required": false,
    "pattern": "",
    "widget_name": "",
    "calculation": "",
    "questionnaire_text": ""
  }
},
{
  "model": "rdrf.commondataelement",
  "pk": "Address",
  "fields": {
    "name": "Address",
    "desc": "Address",
    "datatype": "string",
    "instructions": "",
    "pv_group": null,
    "allow_multiple": false,
    "max_length": null,
    "max_value": null,
    "min_value": null,
    "is_required": false,
    "pattern": "",
    "widget_name": "Textarea",
    "calculation": "",
    "questionnaire_text": ""
  }
},
{
  "model": "rdrf.commondataelement",
  "pk": "AQP4Antibody",
  "fields": {
    "name": "AQP4 Antibody",
    "desc": "",
    "datatype": "string",
    "instructions": "",
    "pv_group": null,
    "allow_multiple": false,
    "max_length": null,
    "max_value": null,
    "min_value": null,
    "is_required": false,
    "pattern": "",
    "widget_name": "",
    "calculation": "",
    "questionnaire_text": ""
  }
},
{
  "model": "rdrf.commondataelement",
  "pk": "Leucocytes",
  "fields": {
    "name": "Leucocytes",
    "desc": "",
    "datatype": "float",
    "instructions": "ul",
    "pv_group": null,
    "allow_multiple": false,
    "max_length": null,
    "max_value": null,
    "min_value": null,
    "is_required": false,
    "pattern": "",
    "widget_name": "",
    "calculation": "",
    "questionnaire_text": ""
  }
},
{
  "model": "rdrf.commondataelement",
  "pk": "CDEPatientMobilePhone",
  "fields": {
    "name": "Mobile Phone",
    "desc": "",
    "datatype": "string",
    "instructions": "",
    "pv_group": null,
    "allow_multiple": false,
    "max_length": null,
    "max_value": null,
    "min_value": null,
    "is_required": false,
    "pattern": "",
    "widget_name": "",
    "calculation": "",
    "questionnaire_text": ""
  }
},
{
  "model": "rdrf.commondataelement",
  "pk": "Comments",
  "fields": {
    "name": "Comments",
    "desc": "",
    "datatype": "string",
    "instructions": "",
    "pv_group": null,
    "allow_multiple": false,
    "max_length": null,
    "max_value": null,
    "min_value": null,
    "is_required": false,
    "pattern": "",
    "widget_name": "Textarea",
    "calculation": "",
    "questionnaire_text": ""
  }
},
{
  "model": "rdrf.commondataelement",
  "pk": "AdverseEvents",
  "fields": {
    "name": "Adverse Events",
    "desc": "",
    "datatype": "string",
    "instructions": "",
    "pv_group": null,
    "allow_multiple": false,
    "max_length": null,
    "max_value": null,
    "min_value": null,
    "is_required": false,
    "pattern": "",
    "widget_name": "Textarea",
    "calculation": "",
    "questionnaire_text": ""
  }
},
{
  "model": "rdrf.commondataelement",
  "pk": "DDCondition",
  "fields": {
    "name": "Condition",
    "desc": "",
    "datatype": "range",
    "instructions": "",
    "pv_group": "DDDiagnosedCondition",
    "allow_multiple": false,
    "max_length": null,
    "max_value": null,
    "min_value": null,
    "is_required": false,
    "pattern": "",
    "widget_name": "",
    "calculation": "",
    "questionnaire_text": ""
  }
},
{
  "model": "rdrf.commondataelement",
  "pk": "AddressType",
  "fields": {
    "name": "Address type",
    "desc": "home or postal",
    "datatype": "range",
    "instructions": "",
    "pv_group": "AddressType",
    "allow_multiple": false,
    "max_length": null,
    "max_value": null,
    "min_value": null,
    "is_required": false,
    "pattern": "",
    "widget_name": "",
    "calculation": "",
    "questionnaire_text": ""
  }
},
{
  "model": "rdrf.commondataelement",
  "pk": "EDSSCerebellar",
  "fields": {
    "name": "Cerebellar",
    "desc": "",
    "datatype": "range",
    "instructions": "",
    "pv_group": "CerebellarChoices",
    "allow_multiple": false,
    "max_length": null,
    "max_value": null,
    "min_value": null,
    "is_required": false,
    "pattern": "",
    "widget_name": "",
    "calculation": "",
    "questionnaire_text": ""
  }
},
{
  "model": "rdrf.commondataelement",
  "pk": "DDAgeAtDiagnosis",
  "fields": {
    "name": "Age in years at clinical diagnosis",
    "desc": "Age in years at clinical diagnosis",
    "datatype": "calculated",
    "instructions": "",
    "pv_group": null,
    "allow_multiple": false,
    "max_length": null,
    "max_value": null,
    "min_value": null,
    "is_required": false,
    "pattern": "",
    "widget_name": "",
    "calculation": "function parseDate(dateString) {\r\n    var dateParts = dateString.split(\"-\");\r\n    var day = parseInt(dateParts[0], 10);\r\n     var month = parseInt(dateParts[1], 10);\r\n     var year = parseInt(dateParts[2], 10);\r\n     return new Date(year,month,day);\r\n}\r\n\r\nfunction parsePatientDate(dateString) {\r\n    var dateParts = dateString.split(\"-\");\r\n    var day = parseInt(dateParts[2], 10);\r\n    var month = parseInt(dateParts[1], 10);\r\n    var year = parseInt(dateParts[0], 10);\r\n    return new Date(year,month,day);\r\n}\r\n\r\n/*\r\nfunction patientAgeAtDate(context) {\r\n  var diagnosis = parseDate(context.DateOfDiagnosis);\r\n  var birthday = parsePatientDate(patient.date_of_birth);\r\n  var age = diagnosis - birthday;\r\n  var age_in_years  = age / ( 1000.0 * 3600.0 * 24.0 * 365.0) ; \r\n  return Math.floor(age_in_years);\r\n  }\r\n*/\r\n  \r\nfunction patientAgeAtDate2(context) {\r\n  var diagnosis = parseDate(context.DateOfDiagnosis);\r\n  var birthday = parsePatientDate(patient.date_of_birth);\r\n  //var age = diagnosis - birthday;\r\n  //var age_in_years  = age / ( 1000.0 * 3600.0 * 24.0 * 365.0) ; \r\n  //return Math.floor(age_in_years);\r\n  var age = diagnosis.getFullYear() - birthday.getFullYear();\r\n  var m = diagnosis.getMonth() - birthday.getMonth();\r\n  if (m < 0 || (m === 0 && diagnosis.getDate() < birthday.getDate())) {\r\n         age -= 1;\r\n  }\r\n  return age;\r\n  }\r\n  \r\ncontext.result = patientAgeAtDate2(context);\r\n",
    "questionnaire_text": ""
  }
},
{
  "model": "rdrf.commondataelement",
  "pk": "MRIDataLocation",
  "fields": {
    "name": "MRI Data Location",
    "desc": "",
    "datatype": "string",
    "instructions": "",
    "pv_group": null,
    "allow_multiple": false,
    "max_length": null,
    "max_value": null,
    "min_value": null,
    "is_required": false,
    "pattern": "",
    "widget_name": "Textarea",
    "calculation": "",
    "questionnaire_text": ""
  }
},
{
  "model": "rdrf.commondataelement",
  "pk": "MRICervical",
  "fields": {
    "name": "Cervical",
    "desc": "",
    "datatype": "boolean",
    "instructions": "",
    "pv_group": null,
    "allow_multiple": false,
    "max_length": null,
    "max_value": null,
    "min_value": null,
    "is_required": false,
    "pattern": "",
    "widget_name": "",
    "calculation": "",
    "questionnaire_text": ""
  }
},
{
  "model": "rdrf.commondataelement",
  "pk": "EDSSScore",
  "fields": {
    "name": "EDSS Score",
    "desc": "",
    "datatype": "float",
    "instructions": "",
    "pv_group": null,
    "allow_multiple": false,
    "max_length": null,
    "max_value": null,
    "min_value": null,
    "is_required": false,
    "pattern": "",
    "widget_name": "",
    "calculation": "",
    "questionnaire_text": ""
  }
},
{
  "model": "rdrf.commondataelement",
  "pk": "State",
  "fields": {
    "name": "State",
    "desc": "",
    "datatype": "range",
    "instructions": "",
    "pv_group": "State",
    "allow_multiple": false,
    "max_length": null,
    "max_value": null,
    "min_value": null,
    "is_required": false,
    "pattern": "",
    "widget_name": "",
    "calculation": "",
    "questionnaire_text": ""
  }
},
{
  "model": "rdrf.commondataelement",
  "pk": "EDSSAmbulation",
  "fields": {
    "name": "Ambulation",
    "desc": "",
    "datatype": "range",
    "instructions": "",
    "pv_group": "AmbulationChoices",
    "allow_multiple": false,
    "max_length": null,
    "max_value": null,
    "min_value": null,
    "is_required": false,
    "pattern": "",
    "widget_name": "",
    "calculation": "",
    "questionnaire_text": ""
  }
},
{
  "model": "rdrf.commondataelement",
  "pk": "DateOfVisits",
  "fields": {
    "name": "Date of Visits",
    "desc": "",
    "datatype": "date",
    "instructions": "",
    "pv_group": null,
    "allow_multiple": false,
    "max_length": null,
    "max_value": null,
    "min_value": null,
    "is_required": false,
    "pattern": "",
    "widget_name": "DateWidget",
    "calculation": "",
    "questionnaire_text": ""
  }
},
{
  "model": "rdrf.commondataelement",
  "pk": "Erythrocytes",
  "fields": {
    "name": "Erythrocytes",
    "desc": "",
    "datatype": "float",
    "instructions": "ul",
    "pv_group": null,
    "allow_multiple": false,
    "max_length": null,
    "max_value": null,
    "min_value": null,
    "is_required": false,
    "pattern": "",
    "widget_name": "",
    "calculation": "",
    "questionnaire_text": ""
  }
},
{
  "model": "rdrf.commondataelement",
  "pk": "Orphanet",
  "fields": {
    "name": "Orphanet Coding",
    "desc": "",
    "datatype": "range",
    "instructions": "",
    "pv_group": "Orphanet",
    "allow_multiple": false,
    "max_length": null,
    "max_value": null,
    "min_value": null,
    "is_required": false,
    "pattern": "",
    "widget_name": "",
    "calculation": "",
    "questionnaire_text": ""
  }
},
{
  "model": "rdrf.commondataelement",
  "pk": "CDEPatientNextOfKinEmail",
  "fields": {
    "name": "Parent/Guardian Email",
    "desc": "",
    "datatype": "email",
    "instructions": "",
    "pv_group": null,
    "allow_multiple": false,
    "max_length": null,
    "max_value": null,
    "min_value": null,
    "is_required": false,
    "pattern": "",
    "widget_name": "",
    "calculation": "",
    "questionnaire_text": ""
  }
},
{
  "model": "rdrf.commondataelement",
  "pk": "CDEPatientNextOfKinAddress",
  "fields": {
    "name": "Parent/Guardian Address",
    "desc": "",
    "datatype": "string",
    "instructions": "",
    "pv_group": null,
    "allow_multiple": false,
    "max_length": null,
    "max_value": null,
    "min_value": null,
    "is_required": false,
    "pattern": "",
    "widget_name": "TextArea",
    "calculation": "",
    "questionnaire_text": ""
  }
},
{
  "model": "rdrf.commondataelement",
  "pk": "ChronicIncurable",
  "fields": {
    "name": "Chronic/Incurable",
    "desc": "",
    "datatype": "boolean",
    "instructions": "",
    "pv_group": null,
    "allow_multiple": false,
    "max_length": null,
    "max_value": null,
    "min_value": null,
    "is_required": false,
    "pattern": "",
    "widget_name": "",
    "calculation": "",
    "questionnaire_text": ""
  }
},
{
  "model": "rdrf.commondataelement",
  "pk": "FirstSuspectedBy",
  "fields": {
    "name": "First Suspected By",
    "desc": "",
    "datatype": "range",
    "instructions": "",
    "pv_group": "FirstSuspectedBy",
    "allow_multiple": false,
    "max_length": null,
    "max_value": null,
    "min_value": null,
    "is_required": false,
    "pattern": "",
    "widget_name": "",
    "calculation": "",
    "questionnaire_text": ""
  }
},
{
  "model": "rdrf.commondataelement",
  "pk": "FamilyHistory",
  "fields": {
    "name": "Family History",
    "desc": "",
    "datatype": "string",
    "instructions": "",
    "pv_group": null,
    "allow_multiple": false,
    "max_length": null,
    "max_value": null,
    "min_value": null,
    "is_required": false,
    "pattern": "",
    "widget_name": "Textarea",
    "calculation": "",
    "questionnaire_text": ""
  }
},
{
  "model": "rdrf.commondataelement",
  "pk": "DateOfDiagnosis",
  "fields": {
    "name": "Date of Diagnosis",
    "desc": "",
    "datatype": "date",
    "instructions": "",
    "pv_group": null,
    "allow_multiple": false,
    "max_length": null,
    "max_value": null,
    "min_value": null,
    "is_required": false,
    "pattern": "",
    "widget_name": "DateWidget",
    "calculation": "",
    "questionnaire_text": ""
  }
},
{
  "model": "rdrf.commondataelement",
  "pk": "EDSSPyramidal",
  "fields": {
    "name": "Pyramidal",
    "desc": "",
    "datatype": "range",
    "instructions": "",
    "pv_group": "PyramidalChoices",
    "allow_multiple": false,
    "max_length": null,
    "max_value": null,
    "min_value": null,
    "is_required": false,
    "pattern": "",
    "widget_name": "",
    "calculation": "",
    "questionnaire_text": ""
  }
},
{
  "model": "rdrf.commondataelement",
  "pk": "DDTreatmentCourseDoseType",
  "fields": {
    "name": "Dose Type",
    "desc": "",
    "datatype": "range",
    "instructions": "",
    "pv_group": "DoseTypeChoice",
    "allow_multiple": false,
    "max_length": null,
    "max_value": null,
    "min_value": null,
    "is_required": false,
    "pattern": "",
    "widget_name": "",
    "calculation": "",
    "questionnaire_text": ""
  }
},
{
  "model": "rdrf.commondataelement",
  "pk": "CDEPatientCentre",
  "fields": {
    "name": "Centre",
    "desc": "",
    "datatype": "string",
    "instructions": "",
    "pv_group": null,
    "allow_multiple": false,
    "max_length": null,
    "max_value": null,
    "min_value": null,
    "is_required": true,
    "pattern": "",
    "widget_name": "DataSourceSelect:PatientCentres",
    "calculation": "",
    "questionnaire_text": ""
  }
},
{
  "model": "rdrf.commondataelement",
  "pk": "postcode",
  "fields": {
    "name": "Postcode",
    "desc": "Postcode",
    "datatype": "string",
    "instructions": "",
    "pv_group": null,
    "allow_multiple": false,
    "max_length": null,
    "max_value": null,
    "min_value": null,
    "is_required": false,
    "pattern": "",
    "widget_name": "",
    "calculation": "",
    "questionnaire_text": ""
  }
},
{
  "model": "rdrf.commondataelement",
  "pk": "StartDate",
  "fields": {
    "name": "Start Date",
    "desc": "",
    "datatype": "date",
    "instructions": "",
    "pv_group": null,
    "allow_multiple": false,
    "max_length": null,
    "max_value": null,
    "min_value": null,
    "is_required": false,
    "pattern": "",
    "widget_name": "DateWidget",
    "calculation": "",
    "questionnaire_text": ""
  }
},
{
  "model": "rdrf.commondataelement",
  "pk": "OligoclonalBands",
  "fields": {
    "name": "Oligoclonal Bands",
    "desc": "",
    "datatype": "string",
    "instructions": "",
    "pv_group": null,
    "allow_multiple": false,
    "max_length": null,
    "max_value": null,
    "min_value": null,
    "is_required": false,
    "pattern": "",
    "widget_name": "",
    "calculation": "",
    "questionnaire_text": ""
  }
},
{
  "model": "rdrf.commondataelement",
  "pk": "IgGAlb",
  "fields": {
    "name": "IgG/Alb",
    "desc": "",
    "datatype": "string",
    "instructions": "",
    "pv_group": null,
    "allow_multiple": false,
    "max_length": null,
    "max_value": null,
    "min_value": null,
    "is_required": false,
    "pattern": "",
    "widget_name": "",
    "calculation": "",
    "questionnaire_text": ""
  }
},
{
  "model": "rdrf.commondataelement",
  "pk": "EDSSEvaluationType",
  "fields": {
    "name": "Evaluation Type",
    "desc": "",
    "datatype": "range",
    "instructions": "",
    "pv_group": "EvaluationTypeChoices",
    "allow_multiple": false,
    "max_length": null,
    "max_value": null,
    "min_value": null,
    "is_required": false,
    "pattern": "",
    "widget_name": "",
    "calculation": "",
    "questionnaire_text": ""
  }
},
{
  "model": "rdrf.commondataelement",
  "pk": "CDEPatientFamilyName",
  "fields": {
    "name": "Family Name",
    "desc": "",
    "datatype": "string",
    "instructions": "",
    "pv_group": null,
    "allow_multiple": false,
    "max_length": null,
    "max_value": null,
    "min_value": null,
    "is_required": true,
    "pattern": "",
    "widget_name": "",
    "calculation": "",
    "questionnaire_text": ""
  }
},
{
  "model": "rdrf.commondataelement",
  "pk": "MRIThoracic",
  "fields": {
    "name": "Thoracic",
    "desc": "",
    "datatype": "boolean",
    "instructions": "",
    "pv_group": null,
    "allow_multiple": false,
    "max_length": null,
    "max_value": null,
    "min_value": null,
    "is_required": false,
    "pattern": "",
    "widget_name": "",
    "calculation": "",
    "questionnaire_text": ""
  }
},
{
  "model": "rdrf.commondataelement",
  "pk": "FamilyConsent",
  "fields": {
    "name": "Family Consent",
    "desc": "",
    "datatype": "boolean",
    "instructions": "",
    "pv_group": null,
    "allow_multiple": false,
    "max_length": null,
    "max_value": null,
    "min_value": null,
    "is_required": false,
    "pattern": "",
    "widget_name": "",
    "calculation": "",
    "questionnaire_text": ""
  }
},
{
  "model": "rdrf.commondataelement",
  "pk": "ClinicalDataDate",
  "fields": {
    "name": "Clinical Data Date",
    "desc": "",
    "datatype": "date",
    "instructions": "",
    "pv_group": null,
    "allow_multiple": false,
    "max_length": null,
    "max_value": null,
    "min_value": null,
    "is_required": false,
    "pattern": "",
    "widget_name": "DateWidget",
    "calculation": "",
    "questionnaire_text": ""
  }
},
{
  "model": "rdrf.commondataelement",
  "pk": "CDEPatientDateOfBirth",
  "fields": {
    "name": "Date of Birth",
    "desc": "",
    "datatype": "date",
    "instructions": "",
    "pv_group": null,
    "allow_multiple": false,
    "max_length": null,
    "max_value": null,
    "min_value": null,
    "is_required": true,
    "pattern": "",
    "widget_name": "DateWidget",
    "calculation": "",
    "questionnaire_text": ""
  }
},
{
  "model": "rdrf.commondataelement",
  "pk": "CDEPatientEmail",
  "fields": {
    "name": "Email",
    "desc": "",
    "datatype": "email",
    "instructions": "",
    "pv_group": null,
    "allow_multiple": false,
    "max_length": null,
    "max_value": null,
    "min_value": null,
    "is_required": true,
    "pattern": "",
    "widget_name": "",
    "calculation": "",
    "questionnaire_text": ""
  }
},
{
  "model": "rdrf.commondataelement",
  "pk": "CDEPatientNextOfKinState",
  "fields": {
    "name": "Parent/Guardian State",
    "desc": "",
    "datatype": "range",
    "instructions": "",
    "pv_group": "State",
    "allow_multiple": false,
    "max_length": null,
    "max_value": null,
    "min_value": null,
    "is_required": false,
    "pattern": "",
    "widget_name": "",
    "calculation": "",
    "questionnaire_text": ""
  }
},
{
  "model": "rdrf.commondataelement",
  "pk": "DateOfFirstSymptoms",
  "fields": {
    "name": "Date of First Symptoms",
    "desc": "",
    "datatype": "date",
    "instructions": "",
    "pv_group": null,
    "allow_multiple": false,
    "max_length": null,
    "max_value": null,
    "min_value": null,
    "is_required": false,
    "pattern": "",
    "widget_name": "DateWidget",
    "calculation": "",
    "questionnaire_text": ""
  }
},
{
  "model": "rdrf.commondataelement",
  "pk": "CDEPatientNOKRelationship",
  "fields": {
    "name": "Parent/Guardian Relationship",
    "desc": "",
    "datatype": "range",
    "instructions": "",
    "pv_group": "NextOfKinRelationship",
    "allow_multiple": false,
    "max_length": null,
    "max_value": null,
    "min_value": null,
    "is_required": false,
    "pattern": "",
    "widget_name": "",
    "calculation": "",
    "questionnaire_text": ""
  }
},
{
  "model": "rdrf.commondataelement",
  "pk": "SuburbTown",
  "fields": {
    "name": "Suburb/Town",
    "desc": "",
    "datatype": "string",
    "instructions": "",
    "pv_group": null,
    "allow_multiple": false,
    "max_length": null,
    "max_value": null,
    "min_value": null,
    "is_required": false,
    "pattern": "",
    "widget_name": "",
    "calculation": "",
    "questionnaire_text": ""
  }
},
{
  "model": "rdrf.commondataelement",
  "pk": "CDEPatientNextOfKinSuburb",
  "fields": {
    "name": "Parent/Guardian Suburb",
    "desc": "",
    "datatype": "string",
    "instructions": "",
    "pv_group": null,
    "allow_multiple": false,
    "max_length": null,
    "max_value": null,
    "min_value": null,
    "is_required": false,
    "pattern": "",
    "widget_name": "",
    "calculation": "",
    "questionnaire_text": ""
  }
},
{
  "model": "rdrf.commondataelement",
  "pk": "Date",
  "fields": {
    "name": "Date",
    "desc": "",
    "datatype": "date",
    "instructions": "",
    "pv_group": null,
    "allow_multiple": false,
    "max_length": null,
    "max_value": null,
    "min_value": null,
    "is_required": false,
    "pattern": "",
    "widget_name": "DateWidget",
    "calculation": "",
    "questionnaire_text": ""
  }
}
]
