[
{
  "fields": {},
  "model": "rdrf.cdepermittedvaluegroup",
  "pk": "PyramidalChoices"
},
{
  "fields": {},
  "model": "rdrf.cdepermittedvaluegroup",
  "pk": "SensoryChoices"
},
{
  "fields": {},
  "model": "rdrf.cdepermittedvaluegroup",
  "pk": "AddressType"
},
{
  "fields": {},
  "model": "rdrf.cdepermittedvaluegroup",
  "pk": "BrainStemChoices"
},
{
  "fields": {},
  "model": "rdrf.cdepermittedvaluegroup",
  "pk": "State"
},
{
  "fields": {},
  "model": "rdrf.cdepermittedvaluegroup",
  "pk": "EvaluationTypeChoices"
},
{
  "fields": {},
  "model": "rdrf.cdepermittedvaluegroup",
  "pk": "Country"
},
{
  "fields": {},
  "model": "rdrf.cdepermittedvaluegroup",
  "pk": "CerebellarChoices"
},
{
  "fields": {},
  "model": "rdrf.cdepermittedvaluegroup",
  "pk": "CerebralMentalChoices"
},
{
  "fields": {},
  "model": "rdrf.cdepermittedvaluegroup",
  "pk": "FirstSuspectedBy"
},
{
  "fields": {},
  "model": "rdrf.cdepermittedvaluegroup",
  "pk": "Orphanet"
},
{
  "fields": {},
  "model": "rdrf.cdepermittedvaluegroup",
  "pk": "DoseTypeChoice"
},
{
  "fields": {},
  "model": "rdrf.cdepermittedvaluegroup",
  "pk": "DDAffStatus"
},
{
  "fields": {},
  "model": "rdrf.cdepermittedvaluegroup",
  "pk": "BowelBladderChoices"
},
{
  "fields": {},
  "model": "rdrf.cdepermittedvaluegroup",
  "pk": "DDDiagnosedCondition"
},
{
  "fields": {},
  "model": "rdrf.cdepermittedvaluegroup",
  "pk": "VisualChoices"
},
{
  "fields": {},
  "model": "rdrf.cdepermittedvaluegroup",
  "pk": "NextOfKinRelationship"
},
{
  "fields": {},
  "model": "rdrf.cdepermittedvaluegroup",
  "pk": "MeteorSexes"
},
{
  "fields": {},
  "model": "rdrf.cdepermittedvaluegroup",
  "pk": "DDMHDisease"
},
{
  "fields": {},
  "model": "rdrf.cdepermittedvaluegroup",
  "pk": "AmbulationChoices"
},
{
  "fields": {},
  "model": "rdrf.cdepermittedvaluegroup",
  "pk": "DDTreatment"
}
]
