[
{
  "fields": {
    "pv_group": null,
    "is_required": false,
    "allow_multiple": false,
    "name": "Parent/Guardian Given Names",
    "datatype": "string",
    "max_value": null,
    "min_value": null,
    "widget_name": "",
    "questionnaire_text": "",
    "calculation": "",
    "max_length": null,
    "pattern": "",
    "desc": "",
    "instructions": ""
  },
  "model": "rdrf.commondataelement",
  "pk": "CDEPatientNextOfKinGivenNames"
},
{
  "fields": {
    "pv_group": "DDAffStatus",
    "is_required": false,
    "allow_multiple": false,
    "name": "Affected Status",
    "datatype": "range",
    "max_value": null,
    "min_value": null,
    "widget_name": "",
    "questionnaire_text": "",
    "calculation": "",
    "max_length": null,
    "pattern": "",
    "desc": "",
    "instructions": ""
  },
  "model": "rdrf.commondataelement",
  "pk": "DDAffectedStatus"
},
{
  "fields": {
    "pv_group": null,
    "is_required": false,
    "allow_multiple": false,
    "name": "Family Consent",
    "datatype": "boolean",
    "max_value": null,
    "min_value": null,
    "widget_name": "",
    "questionnaire_text": "",
    "calculation": "",
    "max_length": null,
    "pattern": "",
    "desc": "",
    "instructions": ""
  },
  "model": "rdrf.commondataelement",
  "pk": "FamilyConsent"
},
{
  "fields": {
    "pv_group": null,
    "is_required": false,
    "allow_multiple": false,
    "name": "Mobile Phone",
    "datatype": "string",
    "max_value": null,
    "min_value": null,
    "widget_name": "",
    "questionnaire_text": "",
    "calculation": "",
    "max_length": null,
    "pattern": "",
    "desc": "",
    "instructions": ""
  },
  "model": "rdrf.commondataelement",
  "pk": "CDEPatientMobilePhone"
},
{
  "fields": {
    "pv_group": null,
    "is_required": false,
    "allow_multiple": false,
    "name": "Date of Diagnosis",
    "datatype": "date",
    "max_value": null,
    "min_value": null,
    "widget_name": "DateWidget",
    "questionnaire_text": "",
    "calculation": "",
    "max_length": null,
    "pattern": "",
    "desc": "",
    "instructions": ""
  },
  "model": "rdrf.commondataelement",
  "pk": "DateOfDiagnosis"
},
{
  "fields": {
    "pv_group": null,
    "is_required": false,
    "allow_multiple": false,
    "name": "Document",
    "datatype": "file",
    "max_value": null,
    "min_value": null,
    "widget_name": "",
    "questionnaire_text": "",
    "calculation": "",
    "max_length": null,
    "pattern": "",
    "desc": "",
    "instructions": ""
  },
  "model": "rdrf.commondataelement",
  "pk": "MedicalHistoryDocument"
},
{
  "fields": {
    "pv_group": null,
    "is_required": false,
    "allow_multiple": false,
    "name": "IgG/Alb",
    "datatype": "string",
    "max_value": null,
    "min_value": null,
    "widget_name": "",
    "questionnaire_text": "",
    "calculation": "",
    "max_length": null,
    "pattern": "",
    "desc": "",
    "instructions": ""
  },
  "model": "rdrf.commondataelement",
  "pk": "IgGAlb"
},
{
  "fields": {
    "pv_group": "DDMHDisease",
    "is_required": false,
    "allow_multiple": false,
    "name": "Disease",
    "datatype": "range",
    "max_value": null,
    "min_value": null,
    "widget_name": "",
    "questionnaire_text": "",
    "calculation": "",
    "max_length": null,
    "pattern": "",
    "desc": "",
    "instructions": ""
  },
  "model": "rdrf.commondataelement",
  "pk": "DDMedicalHistoryDisease"
},
{
  "fields": {
    "pv_group": "FirstSuspectedBy",
    "is_required": false,
    "allow_multiple": false,
    "name": "First Suspected By",
    "datatype": "range",
    "max_value": null,
    "min_value": null,
    "widget_name": "",
    "questionnaire_text": "",
    "calculation": "",
    "max_length": null,
    "pattern": "",
    "desc": "",
    "instructions": ""
  },
  "model": "rdrf.commondataelement",
  "pk": "FirstSuspectedBy"
},
{
  "fields": {
    "pv_group": null,
    "is_required": false,
    "allow_multiple": false,
    "name": "Comments",
    "datatype": "string",
    "max_value": null,
    "min_value": null,
    "widget_name": "Textarea",
    "questionnaire_text": "",
    "calculation": "",
    "max_length": null,
    "pattern": "",
    "desc": "",
    "instructions": ""
  },
  "model": "rdrf.commondataelement",
  "pk": "Comments"
},
{
  "fields": {
    "pv_group": null,
    "is_required": false,
    "allow_multiple": false,
    "name": "Chronic/Incurable",
    "datatype": "boolean",
    "max_value": null,
    "min_value": null,
    "widget_name": "",
    "questionnaire_text": "",
    "calculation": "",
    "max_length": null,
    "pattern": "",
    "desc": "",
    "instructions": ""
  },
  "model": "rdrf.commondataelement",
  "pk": "ChronicIncurable"
},
{
  "fields": {
    "pv_group": "State",
    "is_required": false,
    "allow_multiple": false,
    "name": "State",
    "datatype": "range",
    "max_value": null,
    "min_value": null,
    "widget_name": "",
    "questionnaire_text": "",
    "calculation": "",
    "max_length": null,
    "pattern": "",
    "desc": "",
    "instructions": ""
  },
  "model": "rdrf.commondataelement",
  "pk": "State"
},
{
  "fields": {
    "pv_group": null,
    "is_required": false,
    "allow_multiple": false,
    "name": "Date of Visits",
    "datatype": "date",
    "max_value": null,
    "min_value": null,
    "widget_name": "DateWidget",
    "questionnaire_text": "",
    "calculation": "",
    "max_length": null,
    "pattern": "",
    "desc": "",
    "instructions": ""
  },
  "model": "rdrf.commondataelement",
  "pk": "DateOfVisits"
},
{
  "fields": {
    "pv_group": "CerebralMentalChoices",
    "is_required": false,
    "allow_multiple": false,
    "name": "Cerebral (Mental)",
    "datatype": "range",
    "max_value": null,
    "min_value": null,
    "widget_name": "",
    "questionnaire_text": "",
    "calculation": "",
    "max_length": null,
    "pattern": "",
    "desc": "",
    "instructions": ""
  },
  "model": "rdrf.commondataelement",
  "pk": "EDSSCerebralMental"
},
{
  "fields": {
    "pv_group": "BrainStemChoices",
    "is_required": false,
    "allow_multiple": false,
    "name": "Brainstem",
    "datatype": "range",
    "max_value": null,
    "min_value": null,
    "widget_name": "",
    "questionnaire_text": "",
    "calculation": "",
    "max_length": null,
    "pattern": "",
    "desc": "",
    "instructions": ""
  },
  "model": "rdrf.commondataelement",
  "pk": "EDSSBrainStem"
},
{
  "fields": {
    "pv_group": "CerebellarChoices",
    "is_required": false,
    "allow_multiple": false,
    "name": "Cerebellar",
    "datatype": "range",
    "max_value": null,
    "min_value": null,
    "widget_name": "",
    "questionnaire_text": "",
    "calculation": "",
    "max_length": null,
    "pattern": "",
    "desc": "",
    "instructions": ""
  },
  "model": "rdrf.commondataelement",
  "pk": "EDSSCerebellar"
},
{
  "fields": {
    "pv_group": null,
    "is_required": true,
    "allow_multiple": false,
    "name": "Email",
    "datatype": "email",
    "max_value": null,
    "min_value": null,
    "widget_name": "",
    "questionnaire_text": "",
    "calculation": "",
    "max_length": null,
    "pattern": "",
    "desc": "",
    "instructions": ""
  },
  "model": "rdrf.commondataelement",
  "pk": "CDEPatientEmail"
},
{
  "fields": {
    "pv_group": "VisualChoices",
    "is_required": false,
    "allow_multiple": false,
    "name": "Visual",
    "datatype": "range",
    "max_value": null,
    "min_value": null,
    "widget_name": "",
    "questionnaire_text": "",
    "calculation": "",
    "max_length": null,
    "pattern": "",
    "desc": "",
    "instructions": ""
  },
  "model": "rdrf.commondataelement",
  "pk": "EDSSVisual"
},
{
  "fields": {
    "pv_group": null,
    "is_required": true,
    "allow_multiple": false,
    "name": "Given Names",
    "datatype": "string",
    "max_value": null,
    "min_value": null,
    "widget_name": "",
    "questionnaire_text": "",
    "calculation": "",
    "max_length": null,
    "pattern": "",
    "desc": "",
    "instructions": ""
  },
  "model": "rdrf.commondataelement",
  "pk": "CDEPatientGivenNames"
},
{
  "fields": {
    "pv_group": "NextOfKinRelationship",
    "is_required": false,
    "allow_multiple": false,
    "name": "Parent/Guardian Relationship",
    "datatype": "range",
    "max_value": null,
    "min_value": null,
    "widget_name": "",
    "questionnaire_text": "",
    "calculation": "",
    "max_length": null,
    "pattern": "",
    "desc": "",
    "instructions": ""
  },
  "model": "rdrf.commondataelement",
  "pk": "CDEPatientNOKRelationship"
},
{
  "fields": {
    "pv_group": null,
    "is_required": false,
    "allow_multiple": false,
    "name": "Start Date",
    "datatype": "date",
    "max_value": null,
    "min_value": null,
    "widget_name": "DateWidget",
    "questionnaire_text": "",
    "calculation": "",
    "max_length": null,
    "pattern": "",
    "desc": "",
    "instructions": ""
  },
  "model": "rdrf.commondataelement",
  "pk": "StartDate"
},
{
  "fields": {
    "pv_group": null,
    "is_required": false,
    "allow_multiple": false,
    "name": "Address",
    "datatype": "string",
    "max_value": null,
    "min_value": null,
    "widget_name": "Textarea",
    "questionnaire_text": "",
    "calculation": "",
    "max_length": null,
    "pattern": "",
    "desc": "Address",
    "instructions": ""
  },
  "model": "rdrf.commondataelement",
  "pk": "Address"
},
{
  "fields": {
    "pv_group": "AddressType",
    "is_required": false,
    "allow_multiple": false,
    "name": "Address type",
    "datatype": "range",
    "max_value": null,
    "min_value": null,
    "widget_name": "",
    "questionnaire_text": "",
    "calculation": "",
    "max_length": null,
    "pattern": "",
    "desc": "home or postal",
    "instructions": ""
  },
  "model": "rdrf.commondataelement",
  "pk": "AddressType"
},
{
  "fields": {
    "pv_group": null,
    "is_required": false,
    "allow_multiple": false,
    "name": "Other",
    "datatype": "string",
    "max_value": null,
    "min_value": null,
    "widget_name": "Textarea",
    "questionnaire_text": "",
    "calculation": "",
    "max_length": null,
    "pattern": "",
    "desc": "",
    "instructions": ""
  },
  "model": "rdrf.commondataelement",
  "pk": "MedicalHistoryOtherComment"
},
{
  "fields": {
    "pv_group": null,
    "is_required": false,
    "allow_multiple": false,
    "name": "Parent/Guardian Email",
    "datatype": "email",
    "max_value": null,
    "min_value": null,
    "widget_name": "",
    "questionnaire_text": "",
    "calculation": "",
    "max_length": null,
    "pattern": "",
    "desc": "",
    "instructions": ""
  },
  "model": "rdrf.commondataelement",
  "pk": "CDEPatientNextOfKinEmail"
},
{
  "fields": {
    "pv_group": null,
    "is_required": false,
    "allow_multiple": false,
    "name": "Oligoclonal Bands",
    "datatype": "string",
    "max_value": null,
    "min_value": null,
    "widget_name": "",
    "questionnaire_text": "",
    "calculation": "",
    "max_length": null,
    "pattern": "",
    "desc": "",
    "instructions": ""
  },
  "model": "rdrf.commondataelement",
  "pk": "OligoclonalBands"
},
{
  "fields": {
    "pv_group": null,
    "is_required": false,
    "allow_multiple": false,
    "name": "EDSS Score",
    "datatype": "float",
    "max_value": null,
    "min_value": null,
    "widget_name": "",
    "questionnaire_text": "",
    "calculation": "",
    "max_length": null,
    "pattern": "",
    "desc": "",
    "instructions": ""
  },
  "model": "rdrf.commondataelement",
  "pk": "EDSSScore"
},
{
  "fields": {
    "pv_group": null,
    "is_required": false,
    "allow_multiple": false,
    "name": "Age in years at clinical diagnosis",
    "datatype": "calculated",
    "max_value": null,
    "min_value": null,
    "widget_name": "",
    "questionnaire_text": "",
    "calculation": "function parseDate(dateString) {\r\n    var dateParts = dateString.split(\"-\");\r\n    var day = parseInt(dateParts[0], 10);\r\n     var month = parseInt(dateParts[1], 10);\r\n     var year = parseInt(dateParts[2], 10);\r\n     return new Date(year,month,day);\r\n}\r\n\r\nfunction parsePatientDate(dateString) {\r\n    var dateParts = dateString.split(\"-\");\r\n    var day = parseInt(dateParts[2], 10);\r\n    var month = parseInt(dateParts[1], 10);\r\n    var year = parseInt(dateParts[0], 10);\r\n    return new Date(year,month,day);\r\n}\r\n\r\n/*\r\nfunction patientAgeAtDate(context) {\r\n  var diagnosis = parseDate(context.DateOfDiagnosis);\r\n  var birthday = parsePatientDate(patient.date_of_birth);\r\n  var age = diagnosis - birthday;\r\n  var age_in_years  = age / ( 1000.0 * 3600.0 * 24.0 * 365.0) ; \r\n  return Math.floor(age_in_years);\r\n  }\r\n*/\r\n  \r\nfunction patientAgeAtDate2(context) {\r\n  var diagnosis = parseDate(context.DateOfDiagnosis);\r\n  var birthday = parsePatientDate(patient.date_of_birth);\r\n  //var age = diagnosis - birthday;\r\n  //var age_in_years  = age / ( 1000.0 * 3600.0 * 24.0 * 365.0) ; \r\n  //return Math.floor(age_in_years);\r\n  var age = diagnosis.getFullYear() - birthday.getFullYear();\r\n  var m = diagnosis.getMonth() - birthday.getMonth();\r\n  if (m < 0 || (m === 0 && diagnosis.getDate() < birthday.getDate())) {\r\n         age -= 1;\r\n  }\r\n  return age;\r\n  }\r\n  \r\ncontext.result = patientAgeAtDate2(context);\r\n",
    "max_length": null,
    "pattern": "",
    "desc": "Age in years at clinical diagnosis",
    "instructions": ""
  },
  "model": "rdrf.commondataelement",
  "pk": "DDAgeAtDiagnosis"
},
{
  "fields": {
    "pv_group": null,
    "is_required": true,
    "allow_multiple": false,
    "name": "Centre",
    "datatype": "string",
    "max_value": null,
    "min_value": null,
    "widget_name": "DataSourceSelect:PatientCentres",
    "questionnaire_text": "",
    "calculation": "",
    "max_length": null,
    "pattern": "",
    "desc": "",
    "instructions": ""
  },
  "model": "rdrf.commondataelement",
  "pk": "CDEPatientCentre"
},
{
  "fields": {
    "pv_group": "Orphanet",
    "is_required": false,
    "allow_multiple": false,
    "name": "Orphanet Coding",
    "datatype": "range",
    "max_value": null,
    "min_value": null,
    "widget_name": "",
    "questionnaire_text": "",
    "calculation": "",
    "max_length": null,
    "pattern": "",
    "desc": "",
    "instructions": ""
  },
  "model": "rdrf.commondataelement",
  "pk": "Orphanet"
},
{
  "fields": {
    "pv_group": null,
    "is_required": false,
    "allow_multiple": false,
    "name": "EDSS Form",
    "datatype": "file",
    "max_value": null,
    "min_value": null,
    "widget_name": "",
    "questionnaire_text": "",
    "calculation": "",
    "max_length": null,
    "pattern": "",
    "desc": "",
    "instructions": ""
  },
  "model": "rdrf.commondataelement",
  "pk": "EDSSForm"
},
{
  "fields": {
    "pv_group": null,
    "is_required": false,
    "allow_multiple": false,
    "name": "Brain",
    "datatype": "boolean",
    "max_value": null,
    "min_value": null,
    "widget_name": "",
    "questionnaire_text": "",
    "calculation": "",
    "max_length": null,
    "pattern": "",
    "desc": "",
    "instructions": ""
  },
  "model": "rdrf.commondataelement",
  "pk": "MRIBrain"
},
{
  "fields": {
    "pv_group": "DoseTypeChoice",
    "is_required": false,
    "allow_multiple": false,
    "name": "Dose Type",
    "datatype": "range",
    "max_value": null,
    "min_value": null,
    "widget_name": "",
    "questionnaire_text": "",
    "calculation": "",
    "max_length": null,
    "pattern": "",
    "desc": "",
    "instructions": ""
  },
  "model": "rdrf.commondataelement",
  "pk": "DDTreatmentCourseDoseType"
},
{
  "fields": {
    "pv_group": "Country",
    "is_required": false,
    "allow_multiple": false,
    "name": "Country",
    "datatype": "range",
    "max_value": null,
    "min_value": null,
    "widget_name": "CountryWidget",
    "questionnaire_text": "",
    "calculation": "",
    "max_length": null,
    "pattern": "",
    "desc": "Country",
    "instructions": ""
  },
  "model": "rdrf.commondataelement",
  "pk": "Country"
},
{
  "fields": {
    "pv_group": null,
    "is_required": false,
    "allow_multiple": false,
    "name": "Date",
    "datatype": "date",
    "max_value": null,
    "min_value": null,
    "widget_name": "DateWidget",
    "questionnaire_text": "",
    "calculation": "",
    "max_length": null,
    "pattern": "",
    "desc": "",
    "instructions": ""
  },
  "model": "rdrf.commondataelement",
  "pk": "Date"
},
{
  "fields": {
    "pv_group": null,
    "is_required": false,
    "allow_multiple": false,
    "name": "Misdiagnosed",
    "datatype": "boolean",
    "max_value": null,
    "min_value": null,
    "widget_name": "",
    "questionnaire_text": "",
    "calculation": "",
    "max_length": null,
    "pattern": "",
    "desc": "",
    "instructions": ""
  },
  "model": "rdrf.commondataelement",
  "pk": "Misdiagnosed"
},
{
  "fields": {
    "pv_group": null,
    "is_required": false,
    "allow_multiple": false,
    "name": "Adverse Events",
    "datatype": "string",
    "max_value": null,
    "min_value": null,
    "widget_name": "Textarea",
    "questionnaire_text": "",
    "calculation": "",
    "max_length": null,
    "pattern": "",
    "desc": "",
    "instructions": ""
  },
  "model": "rdrf.commondataelement",
  "pk": "AdverseEvents"
},
{
  "fields": {
    "pv_group": null,
    "is_required": false,
    "allow_multiple": false,
    "name": "Suburb/Town",
    "datatype": "string",
    "max_value": null,
    "min_value": null,
    "widget_name": "",
    "questionnaire_text": "",
    "calculation": "",
    "max_length": null,
    "pattern": "",
    "desc": "",
    "instructions": ""
  },
  "model": "rdrf.commondataelement",
  "pk": "SuburbTown"
},
{
  "fields": {
    "pv_group": "EvaluationTypeChoices",
    "is_required": false,
    "allow_multiple": false,
    "name": "Evaluation Type",
    "datatype": "range",
    "max_value": null,
    "min_value": null,
    "widget_name": "",
    "questionnaire_text": "",
    "calculation": "",
    "max_length": null,
    "pattern": "",
    "desc": "",
    "instructions": ""
  },
  "model": "rdrf.commondataelement",
  "pk": "EDSSEvaluationType"
},
{
  "fields": {
    "pv_group": null,
    "is_required": false,
    "allow_multiple": false,
    "name": "Leucocytes",
    "datatype": "float",
    "max_value": null,
    "min_value": null,
    "widget_name": "",
    "questionnaire_text": "",
    "calculation": "",
    "max_length": null,
    "pattern": "",
    "desc": "",
    "instructions": "ul"
  },
  "model": "rdrf.commondataelement",
  "pk": "Leucocytes"
},
{
  "fields": {
    "pv_group": null,
    "is_required": false,
    "allow_multiple": false,
    "name": "Report",
    "datatype": "file",
    "max_value": null,
    "min_value": null,
    "widget_name": "",
    "questionnaire_text": "",
    "calculation": "",
    "max_length": null,
    "pattern": "",
    "desc": "",
    "instructions": ""
  },
  "model": "rdrf.commondataelement",
  "pk": "MRIReport"
},
{
  "fields": {
    "pv_group": null,
    "is_required": false,
    "allow_multiple": false,
    "name": "Parent/Guardian Address",
    "datatype": "string",
    "max_value": null,
    "min_value": null,
    "widget_name": "TextArea",
    "questionnaire_text": "",
    "calculation": "",
    "max_length": null,
    "pattern": "",
    "desc": "",
    "instructions": ""
  },
  "model": "rdrf.commondataelement",
  "pk": "CDEPatientNextOfKinAddress"
},
{
  "fields": {
    "pv_group": null,
    "is_required": false,
    "allow_multiple": false,
    "name": "Home Phone",
    "datatype": "string",
    "max_value": null,
    "min_value": null,
    "widget_name": "",
    "questionnaire_text": "",
    "calculation": "",
    "max_length": null,
    "pattern": "",
    "desc": "",
    "instructions": ""
  },
  "model": "rdrf.commondataelement",
  "pk": "CDEPatientHomePhone"
},
{
  "fields": {
    "pv_group": "State",
    "is_required": false,
    "allow_multiple": false,
    "name": "Parent/Guardian State",
    "datatype": "range",
    "max_value": null,
    "min_value": null,
    "widget_name": "",
    "questionnaire_text": "",
    "calculation": "",
    "max_length": null,
    "pattern": "",
    "desc": "",
    "instructions": ""
  },
  "model": "rdrf.commondataelement",
  "pk": "CDEPatientNextOfKinState"
},
{
  "fields": {
    "pv_group": null,
    "is_required": false,
    "allow_multiple": false,
    "name": "Postcode",
    "datatype": "string",
    "max_value": null,
    "min_value": null,
    "widget_name": "",
    "questionnaire_text": "",
    "calculation": "",
    "max_length": null,
    "pattern": "",
    "desc": "Postcode",
    "instructions": ""
  },
  "model": "rdrf.commondataelement",
  "pk": "postcode"
},
{
  "fields": {
    "pv_group": null,
    "is_required": false,
    "allow_multiple": false,
    "name": "Image",
    "datatype": "file",
    "max_value": null,
    "min_value": null,
    "widget_name": "",
    "questionnaire_text": "",
    "calculation": "",
    "max_length": null,
    "pattern": "",
    "desc": "",
    "instructions": ""
  },
  "model": "rdrf.commondataelement",
  "pk": "MRIImageFile"
},
{
  "fields": {
    "pv_group": null,
    "is_required": true,
    "allow_multiple": false,
    "name": "Family Name",
    "datatype": "string",
    "max_value": null,
    "min_value": null,
    "widget_name": "",
    "questionnaire_text": "",
    "calculation": "",
    "max_length": null,
    "pattern": "",
    "desc": "",
    "instructions": ""
  },
  "model": "rdrf.commondataelement",
  "pk": "CDEPatientFamilyName"
},
{
  "fields": {
    "pv_group": null,
    "is_required": false,
    "allow_multiple": false,
    "name": "Parent/Guardian Family Name",
    "datatype": "string",
    "max_value": null,
    "min_value": null,
    "widget_name": "",
    "questionnaire_text": "",
    "calculation": "",
    "max_length": null,
    "pattern": "",
    "desc": "",
    "instructions": ""
  },
  "model": "rdrf.commondataelement",
  "pk": "CDEPatientNextOfKinFamilyName"
},
{
  "fields": {
    "pv_group": null,
    "is_required": false,
    "allow_multiple": false,
    "name": "Cervical",
    "datatype": "boolean",
    "max_value": null,
    "min_value": null,
    "widget_name": "",
    "questionnaire_text": "",
    "calculation": "",
    "max_length": null,
    "pattern": "",
    "desc": "",
    "instructions": ""
  },
  "model": "rdrf.commondataelement",
  "pk": "MRICervical"
},
{
  "fields": {
    "pv_group": null,
    "is_required": false,
    "allow_multiple": false,
    "name": "Dose Notes",
    "datatype": "string",
    "max_value": null,
    "min_value": null,
    "widget_name": "Textarea",
    "questionnaire_text": "",
    "calculation": "",
    "max_length": null,
    "pattern": "",
    "desc": "",
    "instructions": ""
  },
  "model": "rdrf.commondataelement",
  "pk": "DoseNotes"
},
{
  "fields": {
    "pv_group": null,
    "is_required": false,
    "allow_multiple": false,
    "name": "End Date",
    "datatype": "date",
    "max_value": null,
    "min_value": null,
    "widget_name": "DateWidget",
    "questionnaire_text": "",
    "calculation": "",
    "max_length": null,
    "pattern": "",
    "desc": "",
    "instructions": ""
  },
  "model": "rdrf.commondataelement",
  "pk": "EndDate"
},
{
  "fields": {
    "pv_group": null,
    "is_required": false,
    "allow_multiple": false,
    "name": "Thoracic",
    "datatype": "boolean",
    "max_value": null,
    "min_value": null,
    "widget_name": "",
    "questionnaire_text": "",
    "calculation": "",
    "max_length": null,
    "pattern": "",
    "desc": "",
    "instructions": ""
  },
  "model": "rdrf.commondataelement",
  "pk": "MRIThoracic"
},
{
  "fields": {
    "pv_group": null,
    "is_required": false,
    "allow_multiple": false,
    "name": "Clinical Data Date",
    "datatype": "date",
    "max_value": null,
    "min_value": null,
    "widget_name": "DateWidget",
    "questionnaire_text": "",
    "calculation": "",
    "max_length": null,
    "pattern": "",
    "desc": "",
    "instructions": ""
  },
  "model": "rdrf.commondataelement",
  "pk": "ClinicalDataDate"
},
{
  "fields": {
    "pv_group": null,
    "is_required": false,
    "allow_multiple": false,
    "name": "Date of First Symptoms",
    "datatype": "date",
    "max_value": null,
    "min_value": null,
    "widget_name": "DateWidget",
    "questionnaire_text": "",
    "calculation": "",
    "max_length": null,
    "pattern": "",
    "desc": "",
    "instructions": ""
  },
  "model": "rdrf.commondataelement",
  "pk": "DateOfFirstSymptoms"
},
{
  "fields": {
    "pv_group": null,
    "is_required": false,
    "allow_multiple": false,
    "name": "Protein",
    "datatype": "float",
    "max_value": null,
    "min_value": null,
    "widget_name": "",
    "questionnaire_text": "",
    "calculation": "",
    "max_length": null,
    "pattern": "",
    "desc": "",
    "instructions": "g/L"
  },
  "model": "rdrf.commondataelement",
  "pk": "Protein"
},
{
  "fields": {
    "pv_group": "MeteorSexes",
    "is_required": true,
    "allow_multiple": false,
    "name": "Sex",
    "datatype": "range",
    "max_value": null,
    "min_value": null,
    "widget_name": "",
    "questionnaire_text": "What is your sex?",
    "calculation": "",
    "max_length": null,
    "pattern": "",
    "desc": "sex",
    "instructions": ""
  },
  "model": "rdrf.commondataelement",
  "pk": "CDEPatientSex"
},
{
  "fields": {
    "pv_group": "SensoryChoices",
    "is_required": false,
    "allow_multiple": false,
    "name": "Sensory",
    "datatype": "range",
    "max_value": null,
    "min_value": null,
    "widget_name": "",
    "questionnaire_text": "",
    "calculation": "",
    "max_length": null,
    "pattern": "",
    "desc": "",
    "instructions": ""
  },
  "model": "rdrf.commondataelement",
  "pk": "EDSSSensory"
},
{
  "fields": {
    "pv_group": "DDDiagnosedCondition",
    "is_required": false,
    "allow_multiple": false,
    "name": "Condition",
    "datatype": "range",
    "max_value": null,
    "min_value": null,
    "widget_name": "",
    "questionnaire_text": "",
    "calculation": "",
    "max_length": null,
    "pattern": "",
    "desc": "",
    "instructions": ""
  },
  "model": "rdrf.commondataelement",
  "pk": "DDCondition"
},
{
  "fields": {
    "pv_group": "AmbulationChoices",
    "is_required": false,
    "allow_multiple": false,
    "name": "Ambulation",
    "datatype": "range",
    "max_value": null,
    "min_value": null,
    "widget_name": "",
    "questionnaire_text": "",
    "calculation": "",
    "max_length": null,
    "pattern": "",
    "desc": "",
    "instructions": ""
  },
  "model": "rdrf.commondataelement",
  "pk": "EDSSAmbulation"
},
{
  "fields": {
    "pv_group": "BowelBladderChoices",
    "is_required": false,
    "allow_multiple": false,
    "name": "Bowel/Bladder",
    "datatype": "range",
    "max_value": null,
    "min_value": null,
    "widget_name": "",
    "questionnaire_text": "",
    "calculation": "",
    "max_length": null,
    "pattern": "",
    "desc": "",
    "instructions": ""
  },
  "model": "rdrf.commondataelement",
  "pk": "EDSSBowelBladder"
},
{
  "fields": {
    "pv_group": "PyramidalChoices",
    "is_required": false,
    "allow_multiple": false,
    "name": "Pyramidal",
    "datatype": "range",
    "max_value": null,
    "min_value": null,
    "widget_name": "",
    "questionnaire_text": "",
    "calculation": "",
    "max_length": null,
    "pattern": "",
    "desc": "",
    "instructions": ""
  },
  "model": "rdrf.commondataelement",
  "pk": "EDSSPyramidal"
},
{
  "fields": {
    "pv_group": null,
    "is_required": false,
    "allow_multiple": false,
    "name": "Date",
    "datatype": "date",
    "max_value": null,
    "min_value": null,
    "widget_name": "DateWidget",
    "questionnaire_text": "",
    "calculation": "",
    "max_length": null,
    "pattern": "",
    "desc": "",
    "instructions": ""
  },
  "model": "rdrf.commondataelement",
  "pk": "MedicalHistoryRecordDate"
},
{
  "fields": {
    "pv_group": null,
    "is_required": false,
    "allow_multiple": false,
    "name": "Erythrocytes",
    "datatype": "float",
    "max_value": null,
    "min_value": null,
    "widget_name": "",
    "questionnaire_text": "",
    "calculation": "",
    "max_length": null,
    "pattern": "",
    "desc": "",
    "instructions": "ul"
  },
  "model": "rdrf.commondataelement",
  "pk": "Erythrocytes"
},
{
  "fields": {
    "pv_group": null,
    "is_required": false,
    "allow_multiple": false,
    "name": "Parent/Guardian Suburb",
    "datatype": "string",
    "max_value": null,
    "min_value": null,
    "widget_name": "",
    "questionnaire_text": "",
    "calculation": "",
    "max_length": null,
    "pattern": "",
    "desc": "",
    "instructions": ""
  },
  "model": "rdrf.commondataelement",
  "pk": "CDEPatientNextOfKinSuburb"
},
{
  "fields": {
    "pv_group": null,
    "is_required": true,
    "allow_multiple": false,
    "name": "Date of Birth",
    "datatype": "date",
    "max_value": null,
    "min_value": null,
    "widget_name": "DateWidget",
    "questionnaire_text": "",
    "calculation": "",
    "max_length": null,
    "pattern": "",
    "desc": "",
    "instructions": ""
  },
  "model": "rdrf.commondataelement",
  "pk": "CDEPatientDateOfBirth"
},
{
  "fields": {
    "pv_group": null,
    "is_required": false,
    "allow_multiple": false,
    "name": "Family History",
    "datatype": "string",
    "max_value": null,
    "min_value": null,
    "widget_name": "Textarea",
    "questionnaire_text": "",
    "calculation": "",
    "max_length": null,
    "pattern": "",
    "desc": "",
    "instructions": ""
  },
  "model": "rdrf.commondataelement",
  "pk": "FamilyHistory"
},
{
  "fields": {
    "pv_group": null,
    "is_required": false,
    "allow_multiple": false,
    "name": "Vitamin D3",
    "datatype": "string",
    "max_value": null,
    "min_value": null,
    "widget_name": "",
    "questionnaire_text": "",
    "calculation": "",
    "max_length": null,
    "pattern": "",
    "desc": "",
    "instructions": ""
  },
  "model": "rdrf.commondataelement",
  "pk": "VitaminD3"
},
{
  "fields": {
    "pv_group": null,
    "is_required": false,
    "allow_multiple": false,
    "name": "AQP4 Antibody",
    "datatype": "string",
    "max_value": null,
    "min_value": null,
    "widget_name": "",
    "questionnaire_text": "",
    "calculation": "",
    "max_length": null,
    "pattern": "",
    "desc": "",
    "instructions": ""
  },
  "model": "rdrf.commondataelement",
  "pk": "AQP4Antibody"
},
{
  "fields": {
    "pv_group": null,
    "is_required": false,
    "allow_multiple": false,
    "name": "MRI Data Location",
    "datatype": "string",
    "max_value": null,
    "min_value": null,
    "widget_name": "Textarea",
    "questionnaire_text": "",
    "calculation": "",
    "max_length": null,
    "pattern": "",
    "desc": "",
    "instructions": ""
  },
  "model": "rdrf.commondataelement",
  "pk": "MRIDataLocation"
},
{
  "fields": {
    "pv_group": "DDTreatment",
    "is_required": false,
    "allow_multiple": false,
    "name": "Treatment",
    "datatype": "range",
    "max_value": null,
    "min_value": null,
    "widget_name": "",
    "questionnaire_text": "",
    "calculation": "",
    "max_length": null,
    "pattern": "",
    "desc": "",
    "instructions": ""
  },
  "model": "rdrf.commondataelement",
  "pk": "DDTreatment"
}
]
