[
{
  "fields": {
    "pv_group": "PyramidalChoices",
    "code": "PyramidalChoices3",
    "questionnaire_value": "",
    "value": "Mild to moderate paraparesis or hemiparesis, full range of mevement against gravity; severe monoparesis, refers to BMRC grade 2 or less in one muscle group",
    "position": 3,
    "desc": "Mild to moderate paraparesis or hemiparesis, full range of mevement against gravity; severe monoparesis, refers to BMRC grade 2 or less in one muscle group"
  },
  "model": "rdrf.cdepermittedvalue",
  "pk": 1
},
{
  "fields": {
    "pv_group": "PyramidalChoices",
    "code": "PyramidalChoices2",
    "questionnaire_value": "",
    "value": "Minimal disability, patient complains about fatiguability in motor tasks and/or BMRC grade 4 in one or two muscle groups",
    "position": 2,
    "desc": "Minimal disability, patient complains about fatiguability in motor tasks and/or BMRC grade 4 in one or two muscle groups"
  },
  "model": "rdrf.cdepermittedvalue",
  "pk": 2
},
{
  "fields": {
    "pv_group": "PyramidalChoices",
    "code": "PyramidalChoices1",
    "questionnaire_value": "",
    "value": "Abnormal signs without disability",
    "position": 1,
    "desc": "Abnormal signs without disability"
  },
  "model": "rdrf.cdepermittedvalue",
  "pk": 3
},
{
  "fields": {
    "pv_group": "PyramidalChoices",
    "code": "PyramidalChoices0",
    "questionnaire_value": "",
    "value": "Normal",
    "position": 0,
    "desc": "Normal"
  },
  "model": "rdrf.cdepermittedvalue",
  "pk": 4
},
{
  "fields": {
    "pv_group": "PyramidalChoices",
    "code": "PyramidalChoices4",
    "questionnaire_value": "",
    "value": "marked paraparesis or hemiparesis; moderate tetraparesis (refers to BMRC grade 3); monoplegia",
    "position": 4,
    "desc": "Marked paraparesis or hemiparesis; moderate tetraparesis (refers to BMRC grade 3); monoplegia"
  },
  "model": "rdrf.cdepermittedvalue",
  "pk": 5
},
{
  "fields": {
    "pv_group": "PyramidalChoices",
    "code": "PyramidalChoices5",
    "questionnaire_value": "",
    "value": "Paraplegia, grade 0 or 1 in all muscle groups of the lower limbs, hemiplegia, marked tetraparesis (BMRC grade 2 or less)",
    "position": 5,
    "desc": "Paraplegia, grade 0 or 1 in all muscle groups of the lower limbs, hemiplegia, marked tetraparesis (BMRC grade 2 or less)"
  },
  "model": "rdrf.cdepermittedvalue",
  "pk": 6
},
{
  "fields": {
    "pv_group": "PyramidalChoices",
    "code": "PyramidalChoices6",
    "questionnaire_value": "",
    "value": "Tetraplegia (grade 0 or 1 in all muscle groups of upper and lower limbs)",
    "position": 6,
    "desc": "Tetraplegia (grade 0 or 1 in all muscle groups of upper and lower limbs)"
  },
  "model": "rdrf.cdepermittedvalue",
  "pk": 7
},
{
  "fields": {
    "pv_group": "PyramidalChoices",
    "code": "PyramidalChoices99",
    "questionnaire_value": "",
    "value": "Unknown",
    "position": 7,
    "desc": "Unknown"
  },
  "model": "rdrf.cdepermittedvalue",
  "pk": 8
},
{
  "fields": {
    "pv_group": "SensoryChoices",
    "code": "SensoryChoices2",
    "questionnaire_value": "",
    "value": "Mild decrease in touch or pain or position sense and/or moderate decrease in vibration in 1 or 2 limbs; vibration or figure-writing decrease, alone or in 3 or 4 limbs",
    "position": 2,
    "desc": "Mild decrease in touch or pain or position sense and/or moderate decrease in vibration in 1 or 2 limbs; vibration or figure-writing decrease, alone or in 3 or 4 limbs"
  },
  "model": "rdrf.cdepermittedvalue",
  "pk": 9
},
{
  "fields": {
    "pv_group": "SensoryChoices",
    "code": "SensoryChoices3",
    "questionnaire_value": "",
    "value": "Moderate decrease in touch or pain or position sense and/or essentially lost vibration in 1 or 2 limbs; mild decrease in touch or pain and/or moderated decrease in all proprioceptive tests in 3 or 4 limbs",
    "position": 3,
    "desc": "Moderate decrease in touch or pain or position sense and/or essentially lost vibration in 1 or 2 limbs; mild decrease in touch or pain and/or moderated decrease in all proprioceptive tests in 3 or 4 limbs"
  },
  "model": "rdrf.cdepermittedvalue",
  "pk": 10
},
{
  "fields": {
    "pv_group": "SensoryChoices",
    "code": "SensoryChoices4",
    "questionnaire_value": "",
    "value": "Marked decrease in touch or pain or loss of proprioception, alone or combined in 1 or 2 limbs; moderate decrease in touch or pain and/or severe proprioceptive decrease in more than 2 limbs",
    "position": 4,
    "desc": "Marked decrease in touch or pain or loss of proprioception, alone or combined in 1 or 2 limbs; moderate decrease in touch or pain and/or severe proprioceptive decrease in more than 2 limbs"
  },
  "model": "rdrf.cdepermittedvalue",
  "pk": 11
},
{
  "fields": {
    "pv_group": "SensoryChoices",
    "code": "SensoryChoices5",
    "questionnaire_value": "",
    "value": "Loss (essentially) of sensation in 1 or 2 limbs; moderate decrease in touch or pain and/or loss or proprioception for most of the body below the head",
    "position": 5,
    "desc": "Loss (essentially) of sensation in 1 or 2 limbs; moderate decrease in touch or pain and/or loss or proprioception for most of the body below the head"
  },
  "model": "rdrf.cdepermittedvalue",
  "pk": 12
},
{
  "fields": {
    "pv_group": "SensoryChoices",
    "code": "SensoryChoices99",
    "questionnaire_value": "",
    "value": "Unknown",
    "position": 7,
    "desc": "Unknown"
  },
  "model": "rdrf.cdepermittedvalue",
  "pk": 13
},
{
  "fields": {
    "pv_group": "SensoryChoices",
    "code": "SensoryChoices6",
    "questionnaire_value": "",
    "value": "Sensation essentially lost below the head",
    "position": 6,
    "desc": "Sensation essentially lost below the head"
  },
  "model": "rdrf.cdepermittedvalue",
  "pk": 14
},
{
  "fields": {
    "pv_group": "SensoryChoices",
    "code": "SensoryChoices0",
    "questionnaire_value": "",
    "value": "Normal",
    "position": 0,
    "desc": "Normal"
  },
  "model": "rdrf.cdepermittedvalue",
  "pk": 15
},
{
  "fields": {
    "pv_group": "SensoryChoices",
    "code": "SensoryChoices1",
    "questionnaire_value": "",
    "value": "Mild vibration or figure-writing decrease only in 1 or 2 limbs",
    "position": 1,
    "desc": "Mild vibration or figure-writing decrease only in 1 or 2 limbs"
  },
  "model": "rdrf.cdepermittedvalue",
  "pk": 16
},
{
  "fields": {
    "pv_group": "AddressType",
    "code": "AddressTypeHome",
    "questionnaire_value": "Home",
    "value": "Home",
    "position": 1,
    "desc": "Home"
  },
  "model": "rdrf.cdepermittedvalue",
  "pk": 17
},
{
  "fields": {
    "pv_group": "AddressType",
    "code": "AddressTypePostal",
    "questionnaire_value": "Postal",
    "value": "Postal",
    "position": 2,
    "desc": "Postal"
  },
  "model": "rdrf.cdepermittedvalue",
  "pk": 18
},
{
  "fields": {
    "pv_group": "BrainStemChoices",
    "code": "BrainStemChoices5",
    "questionnaire_value": "",
    "value": "Inability to swallow or speak",
    "position": 5,
    "desc": "Inability to swallow or speak"
  },
  "model": "rdrf.cdepermittedvalue",
  "pk": 19
},
{
  "fields": {
    "pv_group": "BrainStemChoices",
    "code": "BrainStemChoices99",
    "questionnaire_value": "",
    "value": "Unknown",
    "position": 7,
    "desc": "Unknown"
  },
  "model": "rdrf.cdepermittedvalue",
  "pk": 20
},
{
  "fields": {
    "pv_group": "BrainStemChoices",
    "code": "BrainStemChoices1",
    "questionnaire_value": "",
    "value": "Signs only",
    "position": 1,
    "desc": "Signs only"
  },
  "model": "rdrf.cdepermittedvalue",
  "pk": 21
},
{
  "fields": {
    "pv_group": "BrainStemChoices",
    "code": "BrainStemChoices2",
    "questionnaire_value": "",
    "value": "Moderate nystagmus; other mild disability",
    "position": 2,
    "desc": "Moderate nystagmus; other mild disability"
  },
  "model": "rdrf.cdepermittedvalue",
  "pk": 22
},
{
  "fields": {
    "pv_group": "BrainStemChoices",
    "code": "BrainStemChoices3",
    "questionnaire_value": "",
    "value": "Severe nystagmus; marked extraocular weakness; moderate disability of other cranial nerves",
    "position": 3,
    "desc": "Severe nystagmus; marked extraocular weakness; moderate disability of other cranial nerves"
  },
  "model": "rdrf.cdepermittedvalue",
  "pk": 23
},
{
  "fields": {
    "pv_group": "BrainStemChoices",
    "code": "BrainStemChoices4",
    "questionnaire_value": "",
    "value": "Marked dysarthria; other marked disability",
    "position": 4,
    "desc": "Marked dysarthria; other marked disability"
  },
  "model": "rdrf.cdepermittedvalue",
  "pk": 24
},
{
  "fields": {
    "pv_group": "BrainStemChoices",
    "code": "BrainStemChoices0",
    "questionnaire_value": "",
    "value": "Normal",
    "position": 0,
    "desc": "Normal"
  },
  "model": "rdrf.cdepermittedvalue",
  "pk": 25
},
{
  "fields": {
    "pv_group": "State",
    "code": "NSW",
    "questionnaire_value": null,
    "value": "New South Wales",
    "position": null,
    "desc": "New South Wales"
  },
  "model": "rdrf.cdepermittedvalue",
  "pk": 26
},
{
  "fields": {
    "pv_group": "State",
    "code": "QLD",
    "questionnaire_value": null,
    "value": "Queensland",
    "position": null,
    "desc": "Queensland"
  },
  "model": "rdrf.cdepermittedvalue",
  "pk": 27
},
{
  "fields": {
    "pv_group": "State",
    "code": "WA",
    "questionnaire_value": null,
    "value": "Western Australia",
    "position": null,
    "desc": "Western Australia"
  },
  "model": "rdrf.cdepermittedvalue",
  "pk": 28
},
{
  "fields": {
    "pv_group": "State",
    "code": "SA",
    "questionnaire_value": null,
    "value": "South Australia",
    "position": null,
    "desc": "South Australia"
  },
  "model": "rdrf.cdepermittedvalue",
  "pk": 29
},
{
  "fields": {
    "pv_group": "State",
    "code": "ACT",
    "questionnaire_value": null,
    "value": "Australian Capital Territory",
    "position": null,
    "desc": "Australian Capital Territory"
  },
  "model": "rdrf.cdepermittedvalue",
  "pk": 30
},
{
  "fields": {
    "pv_group": "State",
    "code": "TAS",
    "questionnaire_value": null,
    "value": "Tasmania",
    "position": null,
    "desc": "Tasmania"
  },
  "model": "rdrf.cdepermittedvalue",
  "pk": 31
},
{
  "fields": {
    "pv_group": "State",
    "code": "VIC",
    "questionnaire_value": null,
    "value": "Victoria",
    "position": null,
    "desc": "Victoria"
  },
  "model": "rdrf.cdepermittedvalue",
  "pk": 32
},
{
  "fields": {
    "pv_group": "State",
    "code": "NT",
    "questionnaire_value": null,
    "value": "Northern Territory",
    "position": null,
    "desc": "Northern Territory"
  },
  "model": "rdrf.cdepermittedvalue",
  "pk": 33
},
{
  "fields": {
    "pv_group": "EvaluationTypeChoices",
    "code": "et1",
    "questionnaire_value": "",
    "value": "Formal",
    "position": null,
    "desc": "Formal"
  },
  "model": "rdrf.cdepermittedvalue",
  "pk": 34
},
{
  "fields": {
    "pv_group": "EvaluationTypeChoices",
    "code": "et2",
    "questionnaire_value": "",
    "value": "From notes",
    "position": null,
    "desc": "From notes"
  },
  "model": "rdrf.cdepermittedvalue",
  "pk": 35
},
{
  "fields": {
    "pv_group": "Country",
    "code": "AU",
    "questionnaire_value": "Australia",
    "value": "Australia",
    "position": 1,
    "desc": "Australia"
  },
  "model": "rdrf.cdepermittedvalue",
  "pk": 36
},
{
  "fields": {
    "pv_group": "Country",
    "code": "NZ",
    "questionnaire_value": "New Zealand",
    "value": "New Zealand",
    "position": 2,
    "desc": "New Zealand"
  },
  "model": "rdrf.cdepermittedvalue",
  "pk": 37
},
{
  "fields": {
    "pv_group": "CerebellarChoices",
    "code": "CerebellarChoices0",
    "questionnaire_value": "",
    "value": "Normal",
    "position": 0,
    "desc": "Normal"
  },
  "model": "rdrf.cdepermittedvalue",
  "pk": 38
},
{
  "fields": {
    "pv_group": "CerebellarChoices",
    "code": "CerebellarChoices1",
    "questionnaire_value": "",
    "value": "Abnormal signs without disability",
    "position": 1,
    "desc": "Abnormal signs without disability"
  },
  "model": "rdrf.cdepermittedvalue",
  "pk": 39
},
{
  "fields": {
    "pv_group": "CerebellarChoices",
    "code": "CerebellarChoices2",
    "questionnaire_value": "",
    "value": "Mild ataxia",
    "position": 2,
    "desc": "Mild ataxia"
  },
  "model": "rdrf.cdepermittedvalue",
  "pk": 40
},
{
  "fields": {
    "pv_group": "CerebellarChoices",
    "code": "CerebellarChoices3",
    "questionnaire_value": "",
    "value": "Moderate truncal ataxia; moderate limb ataxia",
    "position": 3,
    "desc": "Moderate truncal ataxia; moderate limb ataxia"
  },
  "model": "rdrf.cdepermittedvalue",
  "pk": 41
},
{
  "fields": {
    "pv_group": "CerebellarChoices",
    "code": "CerebellarChoices4",
    "questionnaire_value": "",
    "value": "Severe ataxia in all limbs or trunk",
    "position": 4,
    "desc": "Severe ataxia in all limbs or trunk"
  },
  "model": "rdrf.cdepermittedvalue",
  "pk": 42
},
{
  "fields": {
    "pv_group": "CerebellarChoices",
    "code": "CerebellarChoices5",
    "questionnaire_value": "",
    "value": "Unable to perform coordinated movements due to ataxia",
    "position": 5,
    "desc": "Unable to perform coordinated movements due to ataxia"
  },
  "model": "rdrf.cdepermittedvalue",
  "pk": 43
},
{
  "fields": {
    "pv_group": "CerebellarChoices",
    "code": "CerebellarChoices99",
    "questionnaire_value": "",
    "value": "Unknown",
    "position": 7,
    "desc": "Unknown"
  },
  "model": "rdrf.cdepermittedvalue",
  "pk": 44
},
{
  "fields": {
    "pv_group": "CerebralMentalChoices",
    "code": "CerebralMentalChoices99",
    "questionnaire_value": "",
    "value": "Unknown",
    "position": 7,
    "desc": "Unknown"
  },
  "model": "rdrf.cdepermittedvalue",
  "pk": 45
},
{
  "fields": {
    "pv_group": "CerebralMentalChoices",
    "code": "CerebralMentalChoices0",
    "questionnaire_value": "",
    "value": "Normal",
    "position": 0,
    "desc": "Normal"
  },
  "model": "rdrf.cdepermittedvalue",
  "pk": 46
},
{
  "fields": {
    "pv_group": "CerebralMentalChoices",
    "code": "CerebralMentalChoices1",
    "questionnaire_value": "",
    "value": "Mood alteration only (does not affect EDSS score)",
    "position": 1,
    "desc": "Mood alteration only (does not affect EDSS score)"
  },
  "model": "rdrf.cdepermittedvalue",
  "pk": 47
},
{
  "fields": {
    "pv_group": "CerebralMentalChoices",
    "code": "CerebralMentalChoices2",
    "questionnaire_value": "",
    "value": "Mild decrease in mentation/fatigue",
    "position": 2,
    "desc": "Mild decrease in mentation/fatigue"
  },
  "model": "rdrf.cdepermittedvalue",
  "pk": 48
},
{
  "fields": {
    "pv_group": "CerebralMentalChoices",
    "code": "CerebralMentalChoices3",
    "questionnaire_value": "",
    "value": "Moderate decrease in mentation",
    "position": 3,
    "desc": "Moderate decrease in mentation"
  },
  "model": "rdrf.cdepermittedvalue",
  "pk": 49
},
{
  "fields": {
    "pv_group": "CerebralMentalChoices",
    "code": "CerebralMentalChoices4",
    "questionnaire_value": "",
    "value": "Marked decrease in mentation",
    "position": 4,
    "desc": "Marked decrease in mentation"
  },
  "model": "rdrf.cdepermittedvalue",
  "pk": 50
},
{
  "fields": {
    "pv_group": "Orphanet",
    "code": "Orphanet2920",
    "questionnaire_value": null,
    "value": "Oliver syndrome",
    "position": null,
    "desc": "Oliver syndrome"
  },
  "model": "rdrf.cdepermittedvalue",
  "pk": 1044
},
{
  "fields": {
    "pv_group": "CerebralMentalChoices",
    "code": "CerebralMentalChoices5",
    "questionnaire_value": "",
    "value": "Dementia",
    "position": 5,
    "desc": "Dementia"
  },
  "model": "rdrf.cdepermittedvalue",
  "pk": 51
},
{
  "fields": {
    "pv_group": "FirstSuspectedBy",
    "code": "Ophthalmologist",
    "questionnaire_value": "",
    "value": "Ophthalmologist",
    "position": 6,
    "desc": "Ophthalmologist"
  },
  "model": "rdrf.cdepermittedvalue",
  "pk": 52
},
{
  "fields": {
    "pv_group": "FirstSuspectedBy",
    "code": "Cardiologist",
    "questionnaire_value": "",
    "value": "Cardiologist",
    "position": 5,
    "desc": "Cardiologist"
  },
  "model": "rdrf.cdepermittedvalue",
  "pk": 53
},
{
  "fields": {
    "pv_group": "FirstSuspectedBy",
    "code": "Neurologist",
    "questionnaire_value": "",
    "value": "Neurologist",
    "position": 4,
    "desc": "Neurologist"
  },
  "model": "rdrf.cdepermittedvalue",
  "pk": 54
},
{
  "fields": {
    "pv_group": "FirstSuspectedBy",
    "code": "Paediatrician",
    "questionnaire_value": "",
    "value": "Paediatrician",
    "position": 8,
    "desc": "Paediatrician"
  },
  "model": "rdrf.cdepermittedvalue",
  "pk": 55
},
{
  "fields": {
    "pv_group": "FirstSuspectedBy",
    "code": "GP",
    "questionnaire_value": "",
    "value": "GP",
    "position": 3,
    "desc": "GP"
  },
  "model": "rdrf.cdepermittedvalue",
  "pk": 56
},
{
  "fields": {
    "pv_group": "FirstSuspectedBy",
    "code": "Family",
    "questionnaire_value": "",
    "value": "Family",
    "position": 2,
    "desc": "Family"
  },
  "model": "rdrf.cdepermittedvalue",
  "pk": 57
},
{
  "fields": {
    "pv_group": "FirstSuspectedBy",
    "code": "Self",
    "questionnaire_value": "",
    "value": "Self",
    "position": 1,
    "desc": "Self"
  },
  "model": "rdrf.cdepermittedvalue",
  "pk": 58
},
{
  "fields": {
    "pv_group": "FirstSuspectedBy",
    "code": "NA",
    "questionnaire_value": "",
    "value": "Not Applicable",
    "position": 10,
    "desc": "Not Applicable"
  },
  "model": "rdrf.cdepermittedvalue",
  "pk": 59
},
{
  "fields": {
    "pv_group": "FirstSuspectedBy",
    "code": "Geneticist",
    "questionnaire_value": "",
    "value": "Geneticist",
    "position": 7,
    "desc": "Geneticist"
  },
  "model": "rdrf.cdepermittedvalue",
  "pk": 60
},
{
  "fields": {
    "pv_group": "FirstSuspectedBy",
    "code": "Other",
    "questionnaire_value": "",
    "value": "Other",
    "position": 9,
    "desc": "Other"
  },
  "model": "rdrf.cdepermittedvalue",
  "pk": 61
},
{
  "fields": {
    "pv_group": "Orphanet",
    "code": "Orphanet101029",
    "questionnaire_value": null,
    "value": "Sub-cortical nodular heterotopia",
    "position": null,
    "desc": "Sub-cortical nodular heterotopia"
  },
  "model": "rdrf.cdepermittedvalue",
  "pk": 62
},
{
  "fields": {
    "pv_group": "Orphanet",
    "code": "Orphanet252046",
    "questionnaire_value": null,
    "value": "Meningeal melanocytoma",
    "position": null,
    "desc": "Meningeal melanocytoma"
  },
  "model": "rdrf.cdepermittedvalue",
  "pk": 63
},
{
  "fields": {
    "pv_group": "Orphanet",
    "code": "Orphanet252050",
    "questionnaire_value": null,
    "value": "Primary melanoma of the central nervous system",
    "position": null,
    "desc": "Primary melanoma of the central nervous system"
  },
  "model": "rdrf.cdepermittedvalue",
  "pk": 64
},
{
  "fields": {
    "pv_group": "Orphanet",
    "code": "Orphanet252054",
    "questionnaire_value": null,
    "value": "Hemangioblastoma",
    "position": null,
    "desc": "Hemangioblastoma"
  },
  "model": "rdrf.cdepermittedvalue",
  "pk": 65
},
{
  "fields": {
    "pv_group": "Orphanet",
    "code": "Orphanet2521",
    "questionnaire_value": null,
    "value": "Microcephaly - cleft palate",
    "position": null,
    "desc": "Microcephaly - cleft palate"
  },
  "model": "rdrf.cdepermittedvalue",
  "pk": 66
},
{
  "fields": {
    "pv_group": "Orphanet",
    "code": "Orphanet252128",
    "questionnaire_value": null,
    "value": "Malignant perineurioma",
    "position": null,
    "desc": "Malignant perineurioma"
  },
  "model": "rdrf.cdepermittedvalue",
  "pk": 67
},
{
  "fields": {
    "pv_group": "Orphanet",
    "code": "Orphanet252131",
    "questionnaire_value": null,
    "value": "Benign peripheral nerve sheat tumor",
    "position": null,
    "desc": "Benign peripheral nerve sheat tumor"
  },
  "model": "rdrf.cdepermittedvalue",
  "pk": 68
},
{
  "fields": {
    "pv_group": "Orphanet",
    "code": "Orphanet252164",
    "questionnaire_value": null,
    "value": "Benign schwannoma",
    "position": null,
    "desc": "Benign schwannoma"
  },
  "model": "rdrf.cdepermittedvalue",
  "pk": 69
},
{
  "fields": {
    "pv_group": "Orphanet",
    "code": "Orphanet252175",
    "questionnaire_value": null,
    "value": "Vestibular schwannoma",
    "position": null,
    "desc": "Vestibular schwannoma"
  },
  "model": "rdrf.cdepermittedvalue",
  "pk": 70
},
{
  "fields": {
    "pv_group": "Orphanet",
    "code": "Orphanet252202",
    "questionnaire_value": null,
    "value": "Constitutional mismatch repair deficiency syndrome",
    "position": null,
    "desc": "Constitutional mismatch repair deficiency syndrome"
  },
  "model": "rdrf.cdepermittedvalue",
  "pk": 71
},
{
  "fields": {
    "pv_group": "Orphanet",
    "code": "Orphanet252206",
    "questionnaire_value": null,
    "value": "Melanoma neural system tumor syndrome",
    "position": null,
    "desc": "Melanoma neural system tumor syndrome"
  },
  "model": "rdrf.cdepermittedvalue",
  "pk": 72
},
{
  "fields": {
    "pv_group": "Orphanet",
    "code": "Orphanet252212",
    "questionnaire_value": null,
    "value": "Malignant triton tumor",
    "position": null,
    "desc": "Malignant triton tumor"
  },
  "model": "rdrf.cdepermittedvalue",
  "pk": 73
},
{
  "fields": {
    "pv_group": "Orphanet",
    "code": "Orphanet2523",
    "questionnaire_value": null,
    "value": "Microcephaly - brain defect - spasticity - hypernatremia",
    "position": null,
    "desc": "Microcephaly - brain defect - spasticity - hypernatremia"
  },
  "model": "rdrf.cdepermittedvalue",
  "pk": 74
},
{
  "fields": {
    "pv_group": "Orphanet",
    "code": "Orphanet2524",
    "questionnaire_value": null,
    "value": "Pontocerebellar hypoplasia type 2",
    "position": null,
    "desc": "Pontocerebellar hypoplasia type 2"
  },
  "model": "rdrf.cdepermittedvalue",
  "pk": 75
},
{
  "fields": {
    "pv_group": "Orphanet",
    "code": "Orphanet2526",
    "questionnaire_value": null,
    "value": "Microcephaly - lymphedema - chorioretinopathy",
    "position": null,
    "desc": "Microcephaly - lymphedema - chorioretinopathy"
  },
  "model": "rdrf.cdepermittedvalue",
  "pk": 76
},
{
  "fields": {
    "pv_group": "Orphanet",
    "code": "Orphanet2528",
    "questionnaire_value": null,
    "value": "Microcephaly-microcornea syndrome, Seemanova type",
    "position": null,
    "desc": "Microcephaly-microcornea syndrome, Seemanova type"
  },
  "model": "rdrf.cdepermittedvalue",
  "pk": 77
},
{
  "fields": {
    "pv_group": "Orphanet",
    "code": "Orphanet2533",
    "questionnaire_value": null,
    "value": "Microcephaly - deafness - intellectual deficit",
    "position": null,
    "desc": "Microcephaly - deafness - intellectual deficit"
  },
  "model": "rdrf.cdepermittedvalue",
  "pk": 78
},
{
  "fields": {
    "pv_group": "Orphanet",
    "code": "Orphanet2535",
    "questionnaire_value": null,
    "value": "Microcornea - corectopia - macular hypoplasia",
    "position": null,
    "desc": "Microcornea - corectopia - macular hypoplasia"
  },
  "model": "rdrf.cdepermittedvalue",
  "pk": 79
},
{
  "fields": {
    "pv_group": "Orphanet",
    "code": "Orphanet99978",
    "questionnaire_value": null,
    "value": "Klatskin tumor",
    "position": null,
    "desc": "Klatskin tumor"
  },
  "model": "rdrf.cdepermittedvalue",
  "pk": 80
},
{
  "fields": {
    "pv_group": "DDTreatment",
    "code": "DDTreatment4",
    "questionnaire_value": "",
    "value": "Natalizumab (Tysabri)",
    "position": 4,
    "desc": "Natalizumab (Tysabri)"
  },
  "model": "rdrf.cdepermittedvalue",
  "pk": 6420
},
{
  "fields": {
    "pv_group": "DoseTypeChoice",
    "code": "DoseTypeChoiceS",
    "questionnaire_value": null,
    "value": "Standard",
    "position": null,
    "desc": "Standard"
  },
  "model": "rdrf.cdepermittedvalue",
  "pk": 6355
},
{
  "fields": {
    "pv_group": "DoseTypeChoice",
    "code": "DoseTypeChoiceO",
    "questionnaire_value": null,
    "value": "Other",
    "position": null,
    "desc": "Other"
  },
  "model": "rdrf.cdepermittedvalue",
  "pk": 6356
},
{
  "fields": {
    "pv_group": "DDAffStatus",
    "code": "DDAffStatusFamilyHistory",
    "questionnaire_value": "",
    "value": "Not yet diagnosed/Family history only",
    "position": 1,
    "desc": "Not yet diagnosed/Family history only"
  },
  "model": "rdrf.cdepermittedvalue",
  "pk": 6357
},
{
  "fields": {
    "pv_group": "DDAffStatus",
    "code": "DDAffStatusAS2",
    "questionnaire_value": "",
    "value": "DD Affected Status 2",
    "position": 2,
    "desc": "DD Affected Status 2"
  },
  "model": "rdrf.cdepermittedvalue",
  "pk": 6358
},
{
  "fields": {
    "pv_group": "DDAffStatus",
    "code": "DDAffStatusAS3",
    "questionnaire_value": "",
    "value": "DD Affected Status 3",
    "position": 3,
    "desc": "DD Affected Status 3"
  },
  "model": "rdrf.cdepermittedvalue",
  "pk": 6359
},
{
  "fields": {
    "pv_group": "DDAffStatus",
    "code": "DDAffStatusAS4",
    "questionnaire_value": "",
    "value": "DD Affected Status 4",
    "position": 4,
    "desc": "DD Affected Status 4"
  },
  "model": "rdrf.cdepermittedvalue",
  "pk": 6360
},
{
  "fields": {
    "pv_group": "BowelBladderChoices",
    "code": "BowelBladderChoices99",
    "questionnaire_value": "",
    "value": "Unknown",
    "position": 7,
    "desc": "Unknown"
  },
  "model": "rdrf.cdepermittedvalue",
  "pk": 6361
},
{
  "fields": {
    "pv_group": "BowelBladderChoices",
    "code": "BowelBladderChoices0",
    "questionnaire_value": "",
    "value": "Normal",
    "position": 0,
    "desc": "Normal"
  },
  "model": "rdrf.cdepermittedvalue",
  "pk": 6362
},
{
  "fields": {
    "pv_group": "BowelBladderChoices",
    "code": "BowelBladderChoices1",
    "questionnaire_value": "",
    "value": "Mild urinary hesitancy, urgency and/or constipation",
    "position": 1,
    "desc": "Mild urinary hesitancy, urgency and/or constipation"
  },
  "model": "rdrf.cdepermittedvalue",
  "pk": 6363
},
{
  "fields": {
    "pv_group": "BowelBladderChoices",
    "code": "BowelBladderChoices2",
    "questionnaire_value": "",
    "value": "Moderate urinary hesitancy and/or urgency and/or rare incontinence and/or severe constipation",
    "position": 2,
    "desc": "Moderate urinary hesitancy and/or urgency and/or rare incontinence and/or severe constipation"
  },
  "model": "rdrf.cdepermittedvalue",
  "pk": 6364
},
{
  "fields": {
    "pv_group": "BowelBladderChoices",
    "code": "BowelBladderChoices3",
    "questionnaire_value": "",
    "value": "Frequent urinary incontinence or intermittent self catheterisation once or twice a day, needs constantly enemata or manual measures to evacuate bowel",
    "position": 3,
    "desc": "Frequent urinary incontinence or intermittent self catheterisation once or twice a day, needs constantly enemata or manual measures to evacuate bowel"
  },
  "model": "rdrf.cdepermittedvalue",
  "pk": 6365
},
{
  "fields": {
    "pv_group": "BowelBladderChoices",
    "code": "BowelBladderChoices4",
    "questionnaire_value": "",
    "value": "In need of almost constant catheterisation, intermittent self-catheterisation more than twice a day",
    "position": 4,
    "desc": "In need of almost constant catheterisation, intermittent self-catheterisation more than twice a day"
  },
  "model": "rdrf.cdepermittedvalue",
  "pk": 6366
},
{
  "fields": {
    "pv_group": "BowelBladderChoices",
    "code": "BowelBladderChoices5",
    "questionnaire_value": "",
    "value": "Loss of bladder function, external or indwelling catheter",
    "position": 5,
    "desc": "Loss of bladder function, external or indwelling catheter"
  },
  "model": "rdrf.cdepermittedvalue",
  "pk": 6367
},
{
  "fields": {
    "pv_group": "BowelBladderChoices",
    "code": "BowelBladderChoices6",
    "questionnaire_value": "",
    "value": "Loss of bowel and bladder function",
    "position": 6,
    "desc": "Loss of bowel and bladder function"
  },
  "model": "rdrf.cdepermittedvalue",
  "pk": 6368
},
{
  "fields": {
    "pv_group": "DDDiagnosedCondition",
    "code": "DDDiagnosedConditionCIS",
    "questionnaire_value": null,
    "value": "CIS (Clinically isolated syndrome)",
    "position": null,
    "desc": "CIS (Clinically isolated syndrome)"
  },
  "model": "rdrf.cdepermittedvalue",
  "pk": 6369
},
{
  "fields": {
    "pv_group": "DDDiagnosedCondition",
    "code": "DDDiagnosedConditionRR",
    "questionnaire_value": null,
    "value": "RR (Relapsing remitting)",
    "position": null,
    "desc": "RR (Relapsing remitting)"
  },
  "model": "rdrf.cdepermittedvalue",
  "pk": 6370
},
{
  "fields": {
    "pv_group": "DDDiagnosedCondition",
    "code": "DDDiagnosedConditionPP",
    "questionnaire_value": null,
    "value": "PP (Primary progressive)",
    "position": null,
    "desc": "PP (Primary progressive)"
  },
  "model": "rdrf.cdepermittedvalue",
  "pk": 6371
},
{
  "fields": {
    "pv_group": "DDDiagnosedCondition",
    "code": "DDDiagnosedConditionSP",
    "questionnaire_value": null,
    "value": "SP (Secondary progressive)",
    "position": null,
    "desc": "SP (Secondary progressive)"
  },
  "model": "rdrf.cdepermittedvalue",
  "pk": 6372
},
{
  "fields": {
    "pv_group": "DDDiagnosedCondition",
    "code": "DDDiagnosedConditionPR",
    "questionnaire_value": null,
    "value": "PR (Progressive relapsing)",
    "position": null,
    "desc": "PR (Progressive relapsing)"
  },
  "model": "rdrf.cdepermittedvalue",
  "pk": 6373
},
{
  "fields": {
    "pv_group": "VisualChoices",
    "code": "VisualChoices6",
    "questionnaire_value": "",
    "value": "Grade 5 plus maximal visual acuity of better eye of 20/60 (0.3) or less",
    "position": 6,
    "desc": "Grade 5 plus maximal visual acuity of better eye of 20/60 (0.3) or less"
  },
  "model": "rdrf.cdepermittedvalue",
  "pk": 6374
},
{
  "fields": {
    "pv_group": "VisualChoices",
    "code": "VisualChoices4",
    "questionnaire_value": "",
    "value": "Worse eye with marked decrease of fields and/or maximal visual acuity (corrected) of 20/100 to 20/200 (0.1-0.2); grade 3 plus maximal acuity of better eye of 20/60 (0.3) or less",
    "position": 4,
    "desc": "Worse eye with marked decrease of fields and/or maximal visual acuity (corrected) of 20/100 to 20/200 (0.1-0.2); grade 3 plus maximal acuity of better eye of 20/60 (0.3) or less"
  },
  "model": "rdrf.cdepermittedvalue",
  "pk": 6375
},
{
  "fields": {
    "pv_group": "VisualChoices",
    "code": "VisualChoices3",
    "questionnaire_value": "",
    "value": "Worse eye with large scotoma or moderate decrease in fields and/or maximal visual acuity (corrected) of 20/60 to 20/99 (0.33-0.2)",
    "position": 3,
    "desc": "Worse eye with large scotoma or moderate decrease in fields and/or maximal visual acuity (corrected) of 20/60 to 20/99 (0.33-0.2)"
  },
  "model": "rdrf.cdepermittedvalue",
  "pk": 6376
},
{
  "fields": {
    "pv_group": "VisualChoices",
    "code": "VisualChoices2",
    "questionnaire_value": "",
    "value": "Worse eye with large scotoma and/or maximal visual acuity (corrected) of 20/30 to 20/59 (0.67-0.34)",
    "position": 2,
    "desc": "Worse eye with large scotoma and/or maximal visual acuity (corrected) of 20/30 to 20/59 (0.67-0.34)"
  },
  "model": "rdrf.cdepermittedvalue",
  "pk": 6377
},
{
  "fields": {
    "pv_group": "DDTreatment",
    "code": "DDTreatment5",
    "questionnaire_value": "",
    "value": "Glatiramer Acetate (Copaxone)",
    "position": 5,
    "desc": "Glatiramer Acetate (Copaxone)"
  },
  "model": "rdrf.cdepermittedvalue",
  "pk": 6421
},
{
  "fields": {
    "pv_group": "VisualChoices",
    "code": "VisualChoices1",
    "questionnaire_value": "",
    "value": "Disc pallor and/or mild scotoma and/or visual acuity of worse eye (corrected) less than 30/30 (1.0) but better than 20/30 (0.67)",
    "position": 1,
    "desc": "Disc pallor and/or mild scotoma and/or visual acuity of worse eye (corrected) less than 30/30 (1.0) but better than 20/30 (0.67)"
  },
  "model": "rdrf.cdepermittedvalue",
  "pk": 6378
},
{
  "fields": {
    "pv_group": "VisualChoices",
    "code": "VisualChoices99",
    "questionnaire_value": "",
    "value": "Unknown",
    "position": 8,
    "desc": "Unknown"
  },
  "model": "rdrf.cdepermittedvalue",
  "pk": 6379
},
{
  "fields": {
    "pv_group": "VisualChoices",
    "code": "VisualChoices0",
    "questionnaire_value": "",
    "value": "Normal",
    "position": 0,
    "desc": "Normal"
  },
  "model": "rdrf.cdepermittedvalue",
  "pk": 6380
},
{
  "fields": {
    "pv_group": "VisualChoices",
    "code": "VisualChoices5",
    "questionnaire_value": "",
    "value": "Worse eye with maximal visual acuity (corrected) less than 20/200 (0.1); grade 4 plus maximal acuity of better eye of 20/60 (0.3) or less",
    "position": 5,
    "desc": "Worse eye with maximal visual acuity (corrected) less than 20/200 (0.1); grade 4 plus maximal acuity of better eye of 20/60 (0.3) or less"
  },
  "model": "rdrf.cdepermittedvalue",
  "pk": 6381
},
{
  "fields": {
    "pv_group": "NextOfKinRelationship",
    "code": "Father",
    "questionnaire_value": "Father",
    "value": "Father",
    "position": 1,
    "desc": "Father"
  },
  "model": "rdrf.cdepermittedvalue",
  "pk": 6382
},
{
  "fields": {
    "pv_group": "NextOfKinRelationship",
    "code": "Mother",
    "questionnaire_value": "Mother",
    "value": "Mother",
    "position": 2,
    "desc": "Mother"
  },
  "model": "rdrf.cdepermittedvalue",
  "pk": 6383
},
{
  "fields": {
    "pv_group": "NextOfKinRelationship",
    "code": "Other",
    "questionnaire_value": "Other",
    "value": "Other",
    "position": 3,
    "desc": "Other"
  },
  "model": "rdrf.cdepermittedvalue",
  "pk": 6384
},
{
  "fields": {
    "pv_group": "MeteorSexes",
    "code": "1",
    "questionnaire_value": "Male",
    "value": "Male",
    "position": 1,
    "desc": "Male"
  },
  "model": "rdrf.cdepermittedvalue",
  "pk": 6385
},
{
  "fields": {
    "pv_group": "MeteorSexes",
    "code": "2",
    "questionnaire_value": "Female",
    "value": "Female",
    "position": 2,
    "desc": "Female"
  },
  "model": "rdrf.cdepermittedvalue",
  "pk": 6386
},
{
  "fields": {
    "pv_group": "MeteorSexes",
    "code": "3",
    "questionnaire_value": "Indeterminate",
    "value": "Indeterminate",
    "position": 3,
    "desc": "Indeterminate"
  },
  "model": "rdrf.cdepermittedvalue",
  "pk": 6387
},
{
  "fields": {
    "pv_group": "DDMHDisease",
    "code": "DDMHDisease14",
    "questionnaire_value": "",
    "value": "Alopecia",
    "position": 14,
    "desc": "Alopecia"
  },
  "model": "rdrf.cdepermittedvalue",
  "pk": 6388
},
{
  "fields": {
    "pv_group": "DDMHDisease",
    "code": "DDMHDisease2",
    "questionnaire_value": "",
    "value": "Crohn's Disease",
    "position": 2,
    "desc": "Crohn's Disease"
  },
  "model": "rdrf.cdepermittedvalue",
  "pk": 6389
},
{
  "fields": {
    "pv_group": "DDMHDisease",
    "code": "DDMHDisease15",
    "questionnaire_value": "",
    "value": "Family history of MS, NMO (or other autoimmune disease)",
    "position": 15,
    "desc": "Family history of MS, NMO (or other autoimmune disease)"
  },
  "model": "rdrf.cdepermittedvalue",
  "pk": 6390
},
{
  "fields": {
    "pv_group": "DDMHDisease",
    "code": "DDMHDisease10",
    "questionnaire_value": "",
    "value": "Graves' Disease",
    "position": 10,
    "desc": "Graves' Disease"
  },
  "model": "rdrf.cdepermittedvalue",
  "pk": 6391
},
{
  "fields": {
    "pv_group": "DDMHDisease",
    "code": "DDMHDisease9",
    "questionnaire_value": "",
    "value": "Hashimoto's Thyroiditis",
    "position": 9,
    "desc": "Hashimoto's Thyroiditis"
  },
  "model": "rdrf.cdepermittedvalue",
  "pk": 6392
},
{
  "fields": {
    "pv_group": "DDMHDisease",
    "code": "DDMHDisease8",
    "questionnaire_value": "",
    "value": "Hypothyroidism",
    "position": 8,
    "desc": "Hypothyroidism"
  },
  "model": "rdrf.cdepermittedvalue",
  "pk": 6393
},
{
  "fields": {
    "pv_group": "DDMHDisease",
    "code": "DDMHDisease5",
    "questionnaire_value": "",
    "value": "Myasthenia Gravis",
    "position": 5,
    "desc": "Myasthenia Gravis"
  },
  "model": "rdrf.cdepermittedvalue",
  "pk": 6394
},
{
  "fields": {
    "pv_group": "DDMHDisease",
    "code": "DDMHDisease12",
    "questionnaire_value": "",
    "value": "Pernicious Anemia",
    "position": 12,
    "desc": "Pernicious Anemia"
  },
  "model": "rdrf.cdepermittedvalue",
  "pk": 6395
},
{
  "fields": {
    "pv_group": "DDMHDisease",
    "code": "DDMHDisease4",
    "questionnaire_value": "",
    "value": "Psoriasis",
    "position": 4,
    "desc": "Psoriasis"
  },
  "model": "rdrf.cdepermittedvalue",
  "pk": 6396
},
{
  "fields": {
    "pv_group": "DDMHDisease",
    "code": "DDMHDisease1",
    "questionnaire_value": "",
    "value": "Rheumatoid Arthritis",
    "position": 1,
    "desc": "Rheumatoid Arthritis"
  },
  "model": "rdrf.cdepermittedvalue",
  "pk": 6397
},
{
  "fields": {
    "pv_group": "DDMHDisease",
    "code": "DDMHDisease11",
    "questionnaire_value": "",
    "value": "Sjorgens Syndrome",
    "position": 11,
    "desc": "Sjorgens Syndrome"
  },
  "model": "rdrf.cdepermittedvalue",
  "pk": 6398
},
{
  "fields": {
    "pv_group": "DDMHDisease",
    "code": "DDMHDisease13",
    "questionnaire_value": "",
    "value": "Systemic Lupus Erythematosus",
    "position": 13,
    "desc": "Systemic Lupus Erythematosus"
  },
  "model": "rdrf.cdepermittedvalue",
  "pk": 6399
},
{
  "fields": {
    "pv_group": "DDMHDisease",
    "code": "DDMHDisease7",
    "questionnaire_value": "",
    "value": "Thyroid Disease",
    "position": 7,
    "desc": "Thyroid Disease"
  },
  "model": "rdrf.cdepermittedvalue",
  "pk": 6400
},
{
  "fields": {
    "pv_group": "DDMHDisease",
    "code": "DDMHDisease3",
    "questionnaire_value": "",
    "value": "Ulcerative Colitis",
    "position": 3,
    "desc": "Ulcerative Colitis"
  },
  "model": "rdrf.cdepermittedvalue",
  "pk": 6401
},
{
  "fields": {
    "pv_group": "DDMHDisease",
    "code": "DDMHDisease6",
    "questionnaire_value": "",
    "value": "Vitiligo",
    "position": 6,
    "desc": "Vitiligo"
  },
  "model": "rdrf.cdepermittedvalue",
  "pk": 6402
},
{
  "fields": {
    "pv_group": "AmbulationChoices",
    "code": "AmbulationChoices6",
    "questionnaire_value": "",
    "value": "About 20 metres with bilateral assistance",
    "position": 6,
    "desc": "About 20 metres with bilateral assistance"
  },
  "model": "rdrf.cdepermittedvalue",
  "pk": 6403
},
{
  "fields": {
    "pv_group": "AmbulationChoices",
    "code": "AmbulationChoices7",
    "questionnaire_value": "",
    "value": "Essentially restricted to wheelchair (wheels self)",
    "position": 7,
    "desc": "Essentially restricted to wheelchair (wheels self)"
  },
  "model": "rdrf.cdepermittedvalue",
  "pk": 6404
},
{
  "fields": {
    "pv_group": "AmbulationChoices",
    "code": "AmbulationChoices8",
    "questionnaire_value": "",
    "value": "Restricted to wheelchair (may need help in transfer)",
    "position": 8,
    "desc": "Restricted to wheelchair (may need help in transfer)"
  },
  "model": "rdrf.cdepermittedvalue",
  "pk": 6405
},
{
  "fields": {
    "pv_group": "AmbulationChoices",
    "code": "AmbulationChoices9",
    "questionnaire_value": "",
    "value": "Essentially restricted to bed or chair",
    "position": 9,
    "desc": "Essentially restricted to bed or chair"
  },
  "model": "rdrf.cdepermittedvalue",
  "pk": 6406
},
{
  "fields": {
    "pv_group": "AmbulationChoices",
    "code": "AmbulationChoices10",
    "questionnaire_value": "",
    "value": "Restricted to bed much of the day",
    "position": 10,
    "desc": "Restricted to bed much of the day"
  },
  "model": "rdrf.cdepermittedvalue",
  "pk": 6407
},
{
  "fields": {
    "pv_group": "AmbulationChoices",
    "code": "AmbulationChoices11",
    "questionnaire_value": "",
    "value": "Bed patient, can communicate and eat",
    "position": 11,
    "desc": "Bed patient, can communicate and eat"
  },
  "model": "rdrf.cdepermittedvalue",
  "pk": 6408
},
{
  "fields": {
    "pv_group": "AmbulationChoices",
    "code": "AmbulationChoices12",
    "questionnaire_value": "",
    "value": "Helpless bed patient, unable to communicate, eat or swallow",
    "position": 12,
    "desc": "Helpless bed patient, unable to communicate, eat or swallow"
  },
  "model": "rdrf.cdepermittedvalue",
  "pk": 6409
},
{
  "fields": {
    "pv_group": "AmbulationChoices",
    "code": "AmbulationChoices99",
    "questionnaire_value": "",
    "value": "Unknown",
    "position": 15,
    "desc": "Unknown"
  },
  "model": "rdrf.cdepermittedvalue",
  "pk": 6410
},
{
  "fields": {
    "pv_group": "AmbulationChoices",
    "code": "AmbulationChoices0",
    "questionnaire_value": "",
    "value": "Fully ambulatory",
    "position": 0,
    "desc": "Fully ambulatory"
  },
  "model": "rdrf.cdepermittedvalue",
  "pk": 6411
},
{
  "fields": {
    "pv_group": "AmbulationChoices",
    "code": "AmbulationChoices1",
    "questionnaire_value": "",
    "value": "About 500 metres without aid or rest",
    "position": 1,
    "desc": "About 500 metres without aid or rest"
  },
  "model": "rdrf.cdepermittedvalue",
  "pk": 6412
},
{
  "fields": {
    "pv_group": "AmbulationChoices",
    "code": "AmbulationChoices2",
    "questionnaire_value": "",
    "value": "About 300 metres without aid or rest",
    "position": 2,
    "desc": "About 300 metres without aid or rest"
  },
  "model": "rdrf.cdepermittedvalue",
  "pk": 6413
},
{
  "fields": {
    "pv_group": "AmbulationChoices",
    "code": "AmbulationChoices3",
    "questionnaire_value": "",
    "value": "About 200 metres without aid or rest",
    "position": 3,
    "desc": "About 200 metres without aid or rest"
  },
  "model": "rdrf.cdepermittedvalue",
  "pk": 6414
},
{
  "fields": {
    "pv_group": "AmbulationChoices",
    "code": "AmbulationChoices4",
    "questionnaire_value": "",
    "value": "About 100 metres without aid or rest",
    "position": 4,
    "desc": "About 100 metres without aid or rest"
  },
  "model": "rdrf.cdepermittedvalue",
  "pk": 6415
},
{
  "fields": {
    "pv_group": "AmbulationChoices",
    "code": "AmbulationChoices5",
    "questionnaire_value": "",
    "value": "About 100 metres with unilateral assistance",
    "position": 5,
    "desc": "About 100 metres with unilateral assistance"
  },
  "model": "rdrf.cdepermittedvalue",
  "pk": 6416
},
{
  "fields": {
    "pv_group": "DDTreatment",
    "code": "DDTreatment1",
    "questionnaire_value": "",
    "value": "1FN\u03b20 1a (Avonex)",
    "position": 1,
    "desc": "1FN\u03b20 1a (Avonex)"
  },
  "model": "rdrf.cdepermittedvalue",
  "pk": 6417
},
{
  "fields": {
    "pv_group": "DDTreatment",
    "code": "DDTreatment2",
    "questionnaire_value": "",
    "value": "1FN\u03b2 1a (Rebif)",
    "position": 2,
    "desc": "1FN\u03b2 1a (Rebif)"
  },
  "model": "rdrf.cdepermittedvalue",
  "pk": 6418
},
{
  "fields": {
    "pv_group": "DDTreatment",
    "code": "DDTreatment3",
    "questionnaire_value": "",
    "value": "1FN\u03b2 1b (Betaferon)",
    "position": 3,
    "desc": "1FN\u03b2 1b (Betaferon)"
  },
  "model": "rdrf.cdepermittedvalue",
  "pk": 6419
},
{
  "fields": {
    "pv_group": "DDTreatment",
    "code": "DDTreatment6",
    "questionnaire_value": "",
    "value": "Fingolimod (Gilenya)",
    "position": 6,
    "desc": "Fingolimod (Gilenya)"
  },
  "model": "rdrf.cdepermittedvalue",
  "pk": 6422
},
{
  "fields": {
    "pv_group": "DDTreatment",
    "code": "DDTreatment7",
    "questionnaire_value": "",
    "value": "Mitoxantrone",
    "position": 7,
    "desc": "Mitoxantrone"
  },
  "model": "rdrf.cdepermittedvalue",
  "pk": 6423
},
{
  "fields": {
    "pv_group": "DDTreatment",
    "code": "DDTreatment8",
    "questionnaire_value": "",
    "value": "Cladribine",
    "position": 8,
    "desc": "Cladribine"
  },
  "model": "rdrf.cdepermittedvalue",
  "pk": 6424
},
{
  "fields": {
    "pv_group": "DDTreatment",
    "code": "DDTreatment9",
    "questionnaire_value": "",
    "value": "Cyclophosphamide",
    "position": 9,
    "desc": "Cyclophosphamide"
  },
  "model": "rdrf.cdepermittedvalue",
  "pk": 6425
},
{
  "fields": {
    "pv_group": "DDTreatment",
    "code": "DDTreatment10",
    "questionnaire_value": "",
    "value": "Oral Steroids",
    "position": 10,
    "desc": "Oral Steroids"
  },
  "model": "rdrf.cdepermittedvalue",
  "pk": 6426
},
{
  "fields": {
    "pv_group": "DDTreatment",
    "code": "DDTreatment11",
    "questionnaire_value": "",
    "value": "Bone Marrow Transplants",
    "position": 11,
    "desc": "Bone Marrow Transplants"
  },
  "model": "rdrf.cdepermittedvalue",
  "pk": 6427
},
{
  "fields": {
    "pv_group": "DDTreatment",
    "code": "DDTreatment12",
    "questionnaire_value": "",
    "value": "Rituximab",
    "position": 12,
    "desc": "Rituximab"
  },
  "model": "rdrf.cdepermittedvalue",
  "pk": 6428
},
{
  "fields": {
    "pv_group": "DDTreatment",
    "code": "DDTreatment13",
    "questionnaire_value": "",
    "value": "Alemtuzumab",
    "position": 13,
    "desc": "Alemtuzumab"
  },
  "model": "rdrf.cdepermittedvalue",
  "pk": 6429
},
{
  "fields": {
    "pv_group": "DDTreatment",
    "code": "DDTreatment14",
    "questionnaire_value": "",
    "value": "Aubagio",
    "position": 14,
    "desc": "Aubagio"
  },
  "model": "rdrf.cdepermittedvalue",
  "pk": 6430
},
{
  "fields": {
    "pv_group": "DDTreatment",
    "code": "DDTreatment15",
    "questionnaire_value": "",
    "value": "Tecfidera",
    "position": 15,
    "desc": "Tecfidera"
  },
  "model": "rdrf.cdepermittedvalue",
  "pk": 6431
}
]
