[
{
  "fields": {
    "last_updated": "2016-07-18T21:41:59.012",
    "context_form_group": null,
    "created_at": "2016-07-18T21:41:59.012",
    "object_id": 4,
    "registry": [
      "dd"
    ],
    "content_type": [
      "patients",
      "patient"
    ],
    "display_name": "default"
  },
  "model": "rdrf.rdrfcontext",
  "pk": 4
},
{
  "fields": {
    "last_updated": "2016-07-19T00:05:23.122",
    "context_form_group": null,
    "created_at": "2016-07-19T00:05:23.122",
    "object_id": 5,
    "registry": [
      "dd"
    ],
    "content_type": [
      "patients",
      "patient"
    ],
    "display_name": "default"
  },
  "model": "rdrf.rdrfcontext",
  "pk": 5
}
]
