[
{
  "fields": {
    "description": "None",
    "title": "ExampleSpreadSheet",
    "created_at": "2016-04-20T09:57:46.842",
    "created_by": "admin",
    "aggregation": "",
    "collection": "cdes",
    "mongo_search_type": "M",
    "max_items": 3,
    "registry": [
      "fh"
    ],
    "access_group": [],
    "criteria": "None",
    "sql_query": "{\"static_sheets\": [\r\n{\"name\": \"patients\", \"columns\": [\"id\", \"given_names\", \"family_name\", \"@last_login\", \"Demographics/Address/Home/Address\", \"Demographics/Address/Home/Suburb\", \"Demographics/Address/Home/State\", \"Demographics/Address/Home/Postcode\", \"Demographics/Address/Home/Country\"] }\r\n],\r\n\"universal_columns\": [ \"id\", \r\n\"given_names\", \r\n\"family_name\",\r\n\"sex\",\r\n\"date_of_birth\"]\r\n}",
    "projection": "[{\"longitudinal\": true, \"sectionCode\": \"fhDateSection\", \"value\": true, \"cdeCode\": \"FHconsentDate\", \"registryCode\": \"fh\", \"formName\": \"ClinicalData\"}, {\"longitudinal\": true, \"sectionCode\": \"fhDateSection\", \"value\": true, \"cdeCode\": \"DateOfAssessment\", \"registryCode\": \"fh\", \"formName\": \"ClinicalData\"}, {\"longitudinal\": true, \"sectionCode\": \"fhDateSection\", \"value\": true, \"cdeCode\": \"CDEIndexOrRelative\", \"registryCode\": \"fh\", \"formName\": \"ClinicalData\"}, {\"longitudinal\": true, \"sectionCode\": \"SEC0007\", \"value\": true, \"cdeCode\": \"CDEfhDutchLipidClinicNetwork\", \"registryCode\": \"fh\", \"formName\": \"ClinicalData\"}, {\"longitudinal\": true, \"sectionCode\": \"SEC0007\", \"value\": true, \"cdeCode\": \"CDE00024\", \"registryCode\": \"fh\", \"formName\": \"ClinicalData\"}, {\"longitudinal\": true, \"sectionCode\": \"SEC0003\", \"value\": true, \"cdeCode\": \"CDEHeight\", \"registryCode\": \"fh\", \"formName\": \"ClinicalData\"}, {\"longitudinal\": true, \"sectionCode\": \"SEC0003\", \"value\": true, \"cdeCode\": \"CDEWeight\", \"registryCode\": \"fh\", \"formName\": \"ClinicalData\"}, {\"longitudinal\": true, \"sectionCode\": \"SEC0003\", \"value\": true, \"cdeCode\": \"CDEBMI\", \"registryCode\": \"fh\", \"formName\": \"ClinicalData\"}]"
  },
  "model": "explorer.query",
  "pk": 1
},
{
  "fields": {
    "description": "None",
    "title": "FH Report",
    "created_at": "2015-07-01T16:35:35.625",
    "created_by": "admin",
    "aggregation": "",
    "collection": "cdes",
    "mongo_search_type": "C",
    "max_items": 3,
    "registry": [
      "fh"
    ],
    "access_group": [],
    "criteria": "",
    "sql_query": "SELECT \r\np.id as id,\r\np.family_name,\r\np.given_names,\r\ncase p.sex\r\nwhen '1' then 'Male'\r\nwhen '2' then 'Female'\r\nwhen '3' then 'Indeterminate'\r\nend as \"Sex\", \r\np.date_of_birth, \r\np.maiden_name,\r\np.home_phone,\r\np.mobile_phone,\r\np.work_phone,\r\np.email,\r\np.living_status,\r\np.place_of_birth,\r\np.country_of_birth,\r\np.umrn as \"HospitalID\",\r\np.ethnic_origin,\r\ng.name AS \"WorkingGroup\",\r\nha.address as \"HomeAddressStreet\",\r\nha.suburb as \"HomeAddressSuburb\",\r\nha.state as \"HomeAddressState\",\r\nha.postcode as \"HomeAddressPostcode\",\r\nha.country as \"HomeAddressCountry\",\r\npa.address as \"PostalAddressStreet\",\r\npa.suburb as \"PostalAddressSuburb\",\r\npa.state as \"PostalAddressState\",\r\npa.postcode as \"PostalAddressPostcode\",\r\npa.country as \"PostalAddressCountry\",\r\ndoc.given_names as \"DoctorGivenNames\",\r\ndoc.family_name as \"DoctorFamilyName\",\r\ncase pd.relationship\r\n when '1' then 'GP (Primary Care)'\r\n when '2' then  'Specialist (Lipid)'\r\n when '3' then  'Primary Care'\r\n when '4' then  'Paediatric Neurologist'\r\n when '5' then  'Neurologist'\r\n when '6' then  'Geneticist'\r\n when '7' then  'Specialist - Other'\r\n when '8' then  'Cardiologist'\r\n when '9' then  'Nurse Practitioner'\r\n when '10' then 'Paediatrician'\r\nelse ''\r\nend as \"DoctorTypeOfMedicalProfessional\",\r\ndoc.surgery_name as \"DoctorSurgery\",\r\ndoc.email as \"DoctorEmail\",\r\ndoc.phone as \"DoctorPhone\",\r\nCOALESCE(pr.relationship, 'index') as relationship,\r\nCOALESCE(pr.patient_id, p.id) as family_id\r\nFROM patients_patient p\r\nINNER JOIN patients_patient_working_groups pg ON p.id = pg.patient_id\r\nINNER JOIN groups_workinggroup g ON g.id = pg.workinggroup_id\r\nLEFT OUTER JOIN patients_patientrelative pr ON p.id = pr.relative_patient_id\r\nLEFT OUTER JOIN patients_patientaddress ha ON ha.patient_id = p.id and ha.id = ( select min(pa.id) from patients_patientaddress pa where pa.patient_id = p.id and pa.address_type_id = 1)\r\nLEFT OUTER JOIN patients_patientaddress pa ON pa.patient_id = p.id and pa.id = ( select min(pa.id) from patients_patientaddress pa where pa.patient_id= p.id  and pa.address_type_id = 2)\r\nLEFT OUTER JOIN patients_patientdoctor pd ON pd.patient_id = p.id and pd.id = (select min(x.id) from patients_patientdoctor x where x.patient_id = p.id)\r\nLEFT OUTER JOIN patients_doctor doc ON doc.id = pd.doctor_id\r\n \r\nORDER BY \r\np.family_name",
    "projection": "[{\"sectionCode\": \"fhDateSection\", \"value\": true, \"cdeCode\": \"FHconsentDate\", \"registryCode\": \"fh\", \"formName\": \"ClinicalData\"}, {\"sectionCode\": \"fhDateSection\", \"value\": true, \"cdeCode\": \"DateOfAssessment\", \"registryCode\": \"fh\", \"formName\": \"ClinicalData\"}, {\"sectionCode\": \"fhDateSection\", \"value\": true, \"cdeCode\": \"CDEIndexOrRelative\", \"registryCode\": \"fh\", \"formName\": \"ClinicalData\"}, {\"sectionCode\": \"SEC0007\", \"value\": true, \"cdeCode\": \"CDEfhDutchLipidClinicNetwork\", \"registryCode\": \"fh\", \"formName\": \"ClinicalData\"}, {\"sectionCode\": \"SEC0007\", \"value\": true, \"cdeCode\": \"CDE00024\", \"registryCode\": \"fh\", \"formName\": \"ClinicalData\"}, {\"sectionCode\": \"SEC0002\", \"value\": true, \"cdeCode\": \"CDE00003\", \"registryCode\": \"fh\", \"formName\": \"ClinicalData\"}, {\"sectionCode\": \"SEC0002\", \"value\": true, \"cdeCode\": \"FHFamilyHistoryChild\", \"registryCode\": \"fh\", \"formName\": \"ClinicalData\"}, {\"sectionCode\": \"SEC0002\", \"value\": true, \"cdeCode\": \"CDE00004\", \"registryCode\": \"fh\", \"formName\": \"ClinicalData\"}, {\"sectionCode\": \"SEC0002\", \"value\": true, \"cdeCode\": \"FHFamHistTendonXanthoma\", \"registryCode\": \"fh\", \"formName\": \"ClinicalData\"}, {\"sectionCode\": \"SEC0002\", \"value\": true, \"cdeCode\": \"FHFamHistArcusCornealis\", \"registryCode\": \"fh\", \"formName\": \"ClinicalData\"}, {\"sectionCode\": \"SEC0004\", \"value\": true, \"cdeCode\": \"CDE00011\", \"registryCode\": \"fh\", \"formName\": \"ClinicalData\"}, {\"sectionCode\": \"SEC0004\", \"value\": true, \"cdeCode\": \"FHMyocardialInfarction\", \"registryCode\": \"fh\", \"formName\": \"ClinicalData\"}, {\"sectionCode\": \"SEC0004\", \"value\": true, \"cdeCode\": \"FHAgeAtMI\", \"registryCode\": \"fh\", \"formName\": \"ClinicalData\"}, {\"sectionCode\": \"SEC0004\", \"value\": true, \"cdeCode\": \"FHCoronaryRevasc\", \"registryCode\": \"fh\", \"formName\": \"ClinicalData\"}, {\"sectionCode\": \"SEC0004\", \"value\": true, \"cdeCode\": \"FHAgeAtCV\", \"registryCode\": \"fh\", \"formName\": \"ClinicalData\"}, {\"sectionCode\": \"SEC0004\", \"value\": true, \"cdeCode\": \"FHPersHistCerebralVD\", \"registryCode\": \"fh\", \"formName\": \"ClinicalData\"}, {\"sectionCode\": \"SEC0004\", \"value\": true, \"cdeCode\": \"FHAorticValveDisease\", \"registryCode\": \"fh\", \"formName\": \"ClinicalData\"}, {\"sectionCode\": \"SEC0004\", \"value\": true, \"cdeCode\": \"FHSupravalvularDisease\", \"registryCode\": \"fh\", \"formName\": \"ClinicalData\"}, {\"sectionCode\": \"SEC0004\", \"value\": true, \"cdeCode\": \"FHPremNonCoronary\", \"registryCode\": \"fh\", \"formName\": \"ClinicalData\"}, {\"sectionCode\": \"SEC0001\", \"value\": true, \"cdeCode\": \"CDE00001\", \"registryCode\": \"fh\", \"formName\": \"ClinicalData\"}, {\"sectionCode\": \"SEC0001\", \"value\": true, \"cdeCode\": \"CDE00002\", \"registryCode\": \"fh\", \"formName\": \"ClinicalData\"}, {\"sectionCode\": \"SEC0001\", \"value\": true, \"cdeCode\": \"FHXanthelasma\", \"registryCode\": \"fh\", \"formName\": \"ClinicalData\"}, {\"sectionCode\": \"FHLDLforFHScore\", \"value\": true, \"cdeCode\": \"CDE00013\", \"registryCode\": \"fh\", \"formName\": \"ClinicalData\"}, {\"sectionCode\": \"FHLDLforFHScore\", \"value\": true, \"cdeCode\": \"CDE00019\", \"registryCode\": \"fh\", \"formName\": \"ClinicalData\"}, {\"sectionCode\": \"FHLDLforFHScore\", \"value\": true, \"cdeCode\": \"PlasmaLipidTreatment\", \"registryCode\": \"fh\", \"formName\": \"ClinicalData\"}, {\"sectionCode\": \"FHLDLforFHScore\", \"value\": true, \"cdeCode\": \"LDLCholesterolAdjTreatment\", \"registryCode\": \"fh\", \"formName\": \"ClinicalData\"}, {\"sectionCode\": \"SEC0005\", \"value\": true, \"cdeCode\": \"FHLipidProfileUntreatedDate\", \"registryCode\": \"fh\", \"formName\": \"ClinicalData\"}, {\"sectionCode\": \"SEC0005\", \"value\": true, \"cdeCode\": \"CDE00012\", \"registryCode\": \"fh\", \"formName\": \"ClinicalData\"}, {\"sectionCode\": \"SEC0005\", \"value\": true, \"cdeCode\": \"FHLLDLconc\", \"registryCode\": \"fh\", \"formName\": \"ClinicalData\"}, {\"sectionCode\": \"SEC0005\", \"value\": true, \"cdeCode\": \"CDE00014\", \"registryCode\": \"fh\", \"formName\": \"ClinicalData\"}, {\"sectionCode\": \"SEC0005\", \"value\": true, \"cdeCode\": \"CDE00015\", \"registryCode\": \"fh\", \"formName\": \"ClinicalData\"}, {\"sectionCode\": \"SEC0005\", \"value\": true, \"cdeCode\": \"FHApoB\", \"registryCode\": \"fh\", \"formName\": \"ClinicalData\"}, {\"sectionCode\": \"SEC0005\", \"value\": true, \"cdeCode\": \"FHA1\", \"registryCode\": \"fh\", \"formName\": \"ClinicalData\"}, {\"sectionCode\": \"SEC0005\", \"value\": true, \"cdeCode\": \"CDE00016\", \"registryCode\": \"fh\", \"formName\": \"ClinicalData\"}, {\"sectionCode\": \"SEC0005\", \"value\": true, \"cdeCode\": \"FHAST\", \"registryCode\": \"fh\", \"formName\": \"ClinicalData\"}, {\"sectionCode\": \"SEC0005\", \"value\": true, \"cdeCode\": \"FHALT\", \"registryCode\": \"fh\", \"formName\": \"ClinicalData\"}, {\"sectionCode\": \"SEC0005\", \"value\": true, \"cdeCode\": \"FHCK\", \"registryCode\": \"fh\", \"formName\": \"ClinicalData\"}, {\"sectionCode\": \"SEC0005\", \"value\": true, \"cdeCode\": \"FHAlbum\", \"registryCode\": \"fh\", \"formName\": \"ClinicalData\"}, {\"sectionCode\": \"SEC0005\", \"value\": true, \"cdeCode\": \"FHCreatinine\", \"registryCode\": \"fh\", \"formName\": \"ClinicalData\"}, {\"sectionCode\": \"SEC0005\", \"value\": true, \"cdeCode\": \"FHCRP\", \"registryCode\": \"fh\", \"formName\": \"ClinicalData\"}, {\"sectionCode\": \"SEC0005\", \"value\": true, \"cdeCode\": \"PlasmaLipidTreatmentNone\", \"registryCode\": \"fh\", \"formName\": \"ClinicalData\"}, {\"sectionCode\": \"SEC0005\", \"value\": true, \"cdeCode\": \"CDEfhOtherIntolerantDrug\", \"registryCode\": \"fh\", \"formName\": \"ClinicalData\"}, {\"sectionCode\": \"SEC0005\", \"value\": true, \"cdeCode\": \"FHCompliance\", \"registryCode\": \"fh\", \"formName\": \"ClinicalData\"}, {\"sectionCode\": \"SEC0003\", \"value\": true, \"cdeCode\": \"CDE00005\", \"registryCode\": \"fh\", \"formName\": \"ClinicalData\"}, {\"sectionCode\": \"SEC0003\", \"value\": true, \"cdeCode\": \"FHPackYears\", \"registryCode\": \"fh\", \"formName\": \"ClinicalData\"}, {\"sectionCode\": \"SEC0003\", \"value\": true, \"cdeCode\": \"FHAlcohol\", \"registryCode\": \"fh\", \"formName\": \"ClinicalData\"}, {\"sectionCode\": \"SEC0003\", \"value\": true, \"cdeCode\": \"FHHypertriglycerd\", \"registryCode\": \"fh\", \"formName\": \"ClinicalData\"}, {\"sectionCode\": \"SEC0003\", \"value\": true, \"cdeCode\": \"CDE00006\", \"registryCode\": \"fh\", \"formName\": \"ClinicalData\"}, {\"sectionCode\": \"SEC0003\", \"value\": true, \"cdeCode\": \"CDE00008\", \"registryCode\": \"fh\", \"formName\": \"ClinicalData\"}, {\"sectionCode\": \"SEC0003\", \"value\": true, \"cdeCode\": \"CDE00009\", \"registryCode\": \"fh\", \"formName\": \"ClinicalData\"}, {\"sectionCode\": \"SEC0003\", \"value\": true, \"cdeCode\": \"FHHeartRate\", \"registryCode\": \"fh\", \"formName\": \"ClinicalData\"}, {\"sectionCode\": \"SEC0003\", \"value\": true, \"cdeCode\": \"CDE00007\", \"registryCode\": \"fh\", \"formName\": \"ClinicalData\"}, {\"sectionCode\": \"SEC0003\", \"value\": true, \"cdeCode\": \"CDE00010\", \"registryCode\": \"fh\", \"formName\": \"ClinicalData\"}, {\"sectionCode\": \"SEC0003\", \"value\": true, \"cdeCode\": \"HbA1c\", \"registryCode\": \"fh\", \"formName\": \"ClinicalData\"}, {\"sectionCode\": \"SEC0003\", \"value\": true, \"cdeCode\": \"ChronicKidneyDisease\", \"registryCode\": \"fh\", \"formName\": \"ClinicalData\"}, {\"sectionCode\": \"SEC0003\", \"value\": true, \"cdeCode\": \"FHeGFR\", \"registryCode\": \"fh\", \"formName\": \"ClinicalData\"}, {\"sectionCode\": \"SEC0003\", \"value\": true, \"cdeCode\": \"FHHypothyroidism\", \"registryCode\": \"fh\", \"formName\": \"ClinicalData\"}, {\"sectionCode\": \"SEC0003\", \"value\": true, \"cdeCode\": \"FHTSH\", \"registryCode\": \"fh\", \"formName\": \"ClinicalData\"}, {\"sectionCode\": \"SEC0003\", \"value\": true, \"cdeCode\": \"FHHepaticSteatosis\", \"registryCode\": \"fh\", \"formName\": \"ClinicalData\"}, {\"sectionCode\": \"SEC0003\", \"value\": true, \"cdeCode\": \"FHObesity\", \"registryCode\": \"fh\", \"formName\": \"ClinicalData\"}, {\"sectionCode\": \"SEC0003\", \"value\": true, \"cdeCode\": \"CDEHeight\", \"registryCode\": \"fh\", \"formName\": \"ClinicalData\"}, {\"sectionCode\": \"SEC0003\", \"value\": true, \"cdeCode\": \"CDEWeight\", \"registryCode\": \"fh\", \"formName\": \"ClinicalData\"}, {\"sectionCode\": \"SEC0003\", \"value\": true, \"cdeCode\": \"CDEBMI\", \"registryCode\": \"fh\", \"formName\": \"ClinicalData\"}, {\"sectionCode\": \"SEC0003\", \"value\": true, \"cdeCode\": \"FHWaistCirc\", \"registryCode\": \"fh\", \"formName\": \"ClinicalData\"}, {\"sectionCode\": \"SEC0003\", \"value\": true, \"cdeCode\": \"FHCVDOther\", \"registryCode\": \"fh\", \"formName\": \"ClinicalData\"}, {\"sectionCode\": \"FHClinicalTrials\", \"value\": true, \"cdeCode\": \"FHClinicalTrialName\", \"registryCode\": \"fh\", \"formName\": \"ClinicalData\"}, {\"sectionCode\": \"FHClinicalTrials\", \"value\": true, \"cdeCode\": \"FHTrialLength\", \"registryCode\": \"fh\", \"formName\": \"ClinicalData\"}, {\"sectionCode\": \"FHClinicalTrials\", \"value\": true, \"cdeCode\": \"FHTrialSTartDate\", \"registryCode\": \"fh\", \"formName\": \"ClinicalData\"}, {\"sectionCode\": \"FHClinicalTrials\", \"value\": true, \"cdeCode\": \"FHTrialStatus\", \"registryCode\": \"fh\", \"formName\": \"ClinicalData\"}, {\"sectionCode\": \"FHLipidMedication\", \"value\": true, \"cdeCode\": \"FHOnLipidMedication\", \"registryCode\": \"fh\", \"formName\": \"Medications\"}, {\"sectionCode\": \"FHLipidMedication\", \"value\": true, \"cdeCode\": \"PlasmaLipidTreatmentNone\", \"registryCode\": \"fh\", \"formName\": \"Medications\"}, {\"sectionCode\": \"FHLipidMedication\", \"value\": true, \"cdeCode\": \"CDEfhOtherIntolerantDrug\", \"registryCode\": \"fh\", \"formName\": \"Medications\"}, {\"sectionCode\": \"FHLipidMedication\", \"value\": true, \"cdeCode\": \"FHDateStartedMedication\", \"registryCode\": \"fh\", \"formName\": \"Medications\"}, {\"sectionCode\": \"FHHypertensiveMedication\", \"value\": true, \"cdeCode\": \"FHHypertensiveMed\", \"registryCode\": \"fh\", \"formName\": \"Medications\"}, {\"sectionCode\": \"FHHypertensiveMedication\", \"value\": true, \"cdeCode\": \"FHHypertensiveMedDrug\", \"registryCode\": \"fh\", \"formName\": \"Medications\"}, {\"sectionCode\": \"FHHypertensiveMedication\", \"value\": true, \"cdeCode\": \"FHOtherDrug\", \"registryCode\": \"fh\", \"formName\": \"Medications\"}, {\"sectionCode\": \"FHDiabeticMedication\", \"value\": true, \"cdeCode\": \"FHDiabeticdrugs\", \"registryCode\": \"fh\", \"formName\": \"Medications\"}, {\"sectionCode\": \"FHDiabeticMedication\", \"value\": true, \"cdeCode\": \"FHDiabeticMedications\", \"registryCode\": \"fh\", \"formName\": \"Medications\"}, {\"sectionCode\": \"FHDiabeticMedication\", \"value\": true, \"cdeCode\": \"FHOtherDrug\", \"registryCode\": \"fh\", \"formName\": \"Medications\"}, {\"sectionCode\": \"FHAntithrombotics\", \"value\": true, \"cdeCode\": \"FHAntithrombotic\", \"registryCode\": \"fh\", \"formName\": \"Medications\"}, {\"sectionCode\": \"FHAntithrombotics\", \"value\": true, \"cdeCode\": \"FHAntithromboticMeds\", \"registryCode\": \"fh\", \"formName\": \"Medications\"}, {\"sectionCode\": \"FHAntithrombotics\", \"value\": true, \"cdeCode\": \"FHOtherDrug\", \"registryCode\": \"fh\", \"formName\": \"Medications\"}, {\"sectionCode\": \"FHDrugIntolerance\", \"value\": true, \"cdeCode\": \"CDEfhHistoryDrugIntolerance\", \"registryCode\": \"fh\", \"formName\": \"Medications\"}, {\"sectionCode\": \"FHSpecificDrugIntolerance\", \"value\": true, \"cdeCode\": \"FHDateDurgIntol\", \"registryCode\": \"fh\", \"formName\": \"Medications\"}, {\"sectionCode\": \"FHSpecificDrugIntolerance\", \"value\": true, \"cdeCode\": \"FHDrug\", \"registryCode\": \"fh\", \"formName\": \"Medications\"}, {\"sectionCode\": \"FHSpecificDrugIntolerance\", \"value\": true, \"cdeCode\": \"FHDose\", \"registryCode\": \"fh\", \"formName\": \"Medications\"}, {\"sectionCode\": \"FHSpecificDrugIntolerance\", \"value\": true, \"cdeCode\": \"CDEfhOtherIntolerantDrug\", \"registryCode\": \"fh\", \"formName\": \"Medications\"}, {\"sectionCode\": \"FHSpecificDrugIntolerance\", \"value\": true, \"cdeCode\": \"FHMedication\", \"registryCode\": \"fh\", \"formName\": \"Medications\"}, {\"sectionCode\": \"FHSpecificDrugIntolerance\", \"value\": true, \"cdeCode\": \"FHTimeFrame\", \"registryCode\": \"fh\", \"formName\": \"Medications\"}, {\"sectionCode\": \"FHSpecificDrugIntolerance\", \"value\": true, \"cdeCode\": \"FHSpecificTypeOfIntolerance\", \"registryCode\": \"fh\", \"formName\": \"Medications\"}, {\"sectionCode\": \"FHSpecificDrugIntolerance\", \"value\": true, \"cdeCode\": \"FHIntoleranceHepatic\", \"registryCode\": \"fh\", \"formName\": \"Medications\"}, {\"sectionCode\": \"FHSpecificDrugIntolerance\", \"value\": true, \"cdeCode\": \"FHIntoleranceGI\", \"registryCode\": \"fh\", \"formName\": \"Medications\"}, {\"sectionCode\": \"FHSpecificDrugIntolerance\", \"value\": true, \"cdeCode\": \"FHIntoleranceNeuro\", \"registryCode\": \"fh\", \"formName\": \"Medications\"}, {\"sectionCode\": \"FHSpecificDrugIntolerance\", \"value\": true, \"cdeCode\": \"FHIntoleranceRespiratory\", \"registryCode\": \"fh\", \"formName\": \"Medications\"}, {\"sectionCode\": \"FHSpecificDrugIntolerance\", \"value\": true, \"cdeCode\": \"FHIntoleranceEndocrine\", \"registryCode\": \"fh\", \"formName\": \"Medications\"}, {\"sectionCode\": \"FHSpecificDrugIntolerance\", \"value\": true, \"cdeCode\": \"FHIntoleranceSkin\", \"registryCode\": \"fh\", \"formName\": \"Medications\"}, {\"sectionCode\": \"FHSpecificDrugIntolerance\", \"value\": true, \"cdeCode\": \"FHIntoleranceEye\", \"registryCode\": \"fh\", \"formName\": \"Medications\"}, {\"sectionCode\": \"FHSpecificDrugIntolerance\", \"value\": true, \"cdeCode\": \"FHIntoleranceRenal\", \"registryCode\": \"fh\", \"formName\": \"Medications\"}, {\"sectionCode\": \"FHSpecificDrugIntolerance\", \"value\": true, \"cdeCode\": \"FHIntoleranceReproductive\", \"registryCode\": \"fh\", \"formName\": \"Medications\"}, {\"sectionCode\": \"FHSpecificDrugIntolerance\", \"value\": true, \"cdeCode\": \"FHIntoleranceBones\", \"registryCode\": \"fh\", \"formName\": \"Medications\"}, {\"sectionCode\": \"FHSpecificDrugIntolerance\", \"value\": true, \"cdeCode\": \"FHOtherIntol\", \"registryCode\": \"fh\", \"formName\": \"Medications\"}, {\"sectionCode\": \"FHSpecificDrugIntolerance\", \"value\": true, \"cdeCode\": \"FHComments\", \"registryCode\": \"fh\", \"formName\": \"Medications\"}, {\"sectionCode\": \"SEC0008\", \"value\": true, \"cdeCode\": \"CDE00025\", \"registryCode\": \"fh\", \"formName\": \"GeneticData\"}, {\"sectionCode\": \"FHMutationOverview\", \"value\": true, \"cdeCode\": \"FHGeneticTestDate\", \"registryCode\": \"fh\", \"formName\": \"GeneticData\"}, {\"sectionCode\": \"FHMutationOverview\", \"value\": true, \"cdeCode\": \"CDEMutationType\", \"registryCode\": \"fh\", \"formName\": \"GeneticData\"}, {\"sectionCode\": \"FHMutationDetails\", \"value\": true, \"cdeCode\": \"FHMutation\", \"registryCode\": \"fh\", \"formName\": \"GeneticData\"}, {\"sectionCode\": \"FHMutationDetails\", \"value\": true, \"cdeCode\": \"FHMutationDescription\", \"registryCode\": \"fh\", \"formName\": \"GeneticData\"}, {\"sectionCode\": \"FHMutationDetails\", \"value\": true, \"cdeCode\": \"Pathogenicity\", \"registryCode\": \"fh\", \"formName\": \"GeneticData\"}, {\"sectionCode\": \"FHNextGen\", \"value\": true, \"cdeCode\": \"FHNextGeneSequencing\", \"registryCode\": \"fh\", \"formName\": \"GeneticData\"}, {\"sectionCode\": \"FHNextGen\", \"value\": true, \"cdeCode\": \"FHGeneticTestDate\", \"registryCode\": \"fh\", \"formName\": \"GeneticData\"}, {\"sectionCode\": \"FHNextGen\", \"value\": true, \"cdeCode\": \"FHNextGeneDetails\", \"registryCode\": \"fh\", \"formName\": \"GeneticData\"}, {\"sectionCode\": \"LabSection\", \"value\": true, \"cdeCode\": \"LaboratoryReport\", \"registryCode\": \"fh\", \"formName\": \"GeneticData\"}, {\"sectionCode\": \"FHImagingCarotidUltrasonography\", \"value\": true, \"cdeCode\": \"CarotidUltrasonography\", \"registryCode\": \"fh\", \"formName\": \"Imaging\"}, {\"sectionCode\": \"FHImagingCarotidUltrasonography\", \"value\": true, \"cdeCode\": \"CarotidUltrasonographyDate\", \"registryCode\": \"fh\", \"formName\": \"Imaging\"}, {\"sectionCode\": \"FHImagingCarotidUltrasonography\", \"value\": true, \"cdeCode\": \"CarotidUltrasonographyResult\", \"registryCode\": \"fh\", \"formName\": \"Imaging\"}, {\"sectionCode\": \"FHImagingCarotidUltrasonography\", \"value\": true, \"cdeCode\": \"CarotidUltrasonographyResultR\", \"registryCode\": \"fh\", \"formName\": \"Imaging\"}, {\"sectionCode\": \"FHImagingCarotidUltrasonography\", \"value\": true, \"cdeCode\": \"FHCarotidUltrasonographyResult\", \"registryCode\": \"fh\", \"formName\": \"Imaging\"}, {\"sectionCode\": \"FHImagingCarotidUltrasonography\", \"value\": true, \"cdeCode\": \"FHReport\", \"registryCode\": \"fh\", \"formName\": \"Imaging\"}, {\"sectionCode\": \"FHEchocardiogram\", \"value\": true, \"cdeCode\": \"EchocardiogramTest\", \"registryCode\": \"fh\", \"formName\": \"Imaging\"}, {\"sectionCode\": \"FHEchocardiogram\", \"value\": true, \"cdeCode\": \"EchocardiogramDate\", \"registryCode\": \"fh\", \"formName\": \"Imaging\"}, {\"sectionCode\": \"FHEchocardiogram\", \"value\": true, \"cdeCode\": \"EchocardiogramResult\", \"registryCode\": \"fh\", \"formName\": \"Imaging\"}, {\"sectionCode\": \"FHEchocardiogram\", \"value\": true, \"cdeCode\": \"FHReport\", \"registryCode\": \"fh\", \"formName\": \"Imaging\"}, {\"sectionCode\": \"FHCoronaryArteryImaging\", \"value\": true, \"cdeCode\": \"CoronoraryArteryCalciumScore\", \"registryCode\": \"fh\", \"formName\": \"Imaging\"}, {\"sectionCode\": \"FHCoronaryArteryImaging\", \"value\": true, \"cdeCode\": \"CorArteryImagingTestDate\", \"registryCode\": \"fh\", \"formName\": \"Imaging\"}, {\"sectionCode\": \"FHCoronaryArteryImaging\", \"value\": true, \"cdeCode\": \"CorArteryImagingTestResultScor\", \"registryCode\": \"fh\", \"formName\": \"Imaging\"}, {\"sectionCode\": \"FHCoronaryArteryImaging\", \"value\": true, \"cdeCode\": \"CorArteryImagingTestResult\", \"registryCode\": \"fh\", \"formName\": \"Imaging\"}, {\"sectionCode\": \"FHCoronaryArteryImaging\", \"value\": true, \"cdeCode\": \"FHReport\", \"registryCode\": \"fh\", \"formName\": \"Imaging\"}, {\"sectionCode\": \"FHCTCoronaryAngiogramImaging\", \"value\": true, \"cdeCode\": \"CTCoronaryAngiogramTest\", \"registryCode\": \"fh\", \"formName\": \"Imaging\"}, {\"sectionCode\": \"FHCTCoronaryAngiogramImaging\", \"value\": true, \"cdeCode\": \"CTCoronaryAngiogramTestDate\", \"registryCode\": \"fh\", \"formName\": \"Imaging\"}, {\"sectionCode\": \"FHCTCoronaryAngiogramImaging\", \"value\": true, \"cdeCode\": \"CTCoronaryAngiogramTestResult\", \"registryCode\": \"fh\", \"formName\": \"Imaging\"}, {\"sectionCode\": \"FHCTCoronaryAngiogramImaging\", \"value\": true, \"cdeCode\": \"FHReport\", \"registryCode\": \"fh\", \"formName\": \"Imaging\"}, {\"sectionCode\": \"FHInvasiveAngiographyImagingTest\", \"value\": true, \"cdeCode\": \"InvasiveAngiopathyImagingTest\", \"registryCode\": \"fh\", \"formName\": \"Imaging\"}, {\"sectionCode\": \"FHInvasiveAngiographyImagingTest\", \"value\": true, \"cdeCode\": \"InvasiveAngiopathyTestDate\", \"registryCode\": \"fh\", \"formName\": \"Imaging\"}, {\"sectionCode\": \"FHInvasiveAngiographyImagingTest\", \"value\": true, \"cdeCode\": \"InvasiveAngiopathyTestResult\", \"registryCode\": \"fh\", \"formName\": \"Imaging\"}, {\"sectionCode\": \"FHInvasiveAngiographyImagingTest\", \"value\": true, \"cdeCode\": \"FHReport\", \"registryCode\": \"fh\", \"formName\": \"Imaging\"}, {\"sectionCode\": \"FHStressEchoImaging\", \"value\": true, \"cdeCode\": \"StressEchoImagingTest\", \"registryCode\": \"fh\", \"formName\": \"Imaging\"}, {\"sectionCode\": \"FHStressEchoImaging\", \"value\": true, \"cdeCode\": \"StressEchoImagingTestDate\", \"registryCode\": \"fh\", \"formName\": \"Imaging\"}, {\"sectionCode\": \"FHStressEchoImaging\", \"value\": true, \"cdeCode\": \"StressEchoImagingTestResult\", \"registryCode\": \"fh\", \"formName\": \"Imaging\"}, {\"sectionCode\": \"FHStressEchoImaging\", \"value\": true, \"cdeCode\": \"FHReport\", \"registryCode\": \"fh\", \"formName\": \"Imaging\"}, {\"sectionCode\": \"FHStressECGImaging\", \"value\": true, \"cdeCode\": \"FHStressECGTest\", \"registryCode\": \"fh\", \"formName\": \"Imaging\"}, {\"sectionCode\": \"FHStressECGImaging\", \"value\": true, \"cdeCode\": \"FHStressECGTestDate\", \"registryCode\": \"fh\", \"formName\": \"Imaging\"}, {\"sectionCode\": \"FHStressECGImaging\", \"value\": true, \"cdeCode\": \"FHStressECGTestResult\", \"registryCode\": \"fh\", \"formName\": \"Imaging\"}, {\"sectionCode\": \"FHStressECGImaging\", \"value\": true, \"cdeCode\": \"FHReport\", \"registryCode\": \"fh\", \"formName\": \"Imaging\"}, {\"sectionCode\": \"FHNuclearPerfusionScanImaging\", \"value\": true, \"cdeCode\": \"NuclearPerfusionScanTest\", \"registryCode\": \"fh\", \"formName\": \"Imaging\"}, {\"sectionCode\": \"FHNuclearPerfusionScanImaging\", \"value\": true, \"cdeCode\": \"NuclearPerfusionScanDate\", \"registryCode\": \"fh\", \"formName\": \"Imaging\"}, {\"sectionCode\": \"FHNuclearPerfusionScanImaging\", \"value\": true, \"cdeCode\": \"NuclearPerfusionScanResult\", \"registryCode\": \"fh\", \"formName\": \"Imaging\"}, {\"sectionCode\": \"FHNuclearPerfusionScanImaging\", \"value\": true, \"cdeCode\": \"FHReport\", \"registryCode\": \"fh\", \"formName\": \"Imaging\"}, {\"sectionCode\": \"FHIntravascularUltrasoundImaging\", \"value\": true, \"cdeCode\": \"IntravascularUltrasound\", \"registryCode\": \"fh\", \"formName\": \"Imaging\"}, {\"sectionCode\": \"FHIntravascularUltrasoundImaging\", \"value\": true, \"cdeCode\": \"IntravascularUltrasoundDate\", \"registryCode\": \"fh\", \"formName\": \"Imaging\"}, {\"sectionCode\": \"FHIntravascularUltrasoundImaging\", \"value\": true, \"cdeCode\": \"IntravascularUltrasoundResult\", \"registryCode\": \"fh\", \"formName\": \"Imaging\"}, {\"sectionCode\": \"FHIntravascularUltrasoundImaging\", \"value\": true, \"cdeCode\": \"FHReport\", \"registryCode\": \"fh\", \"formName\": \"Imaging\"}, {\"sectionCode\": \"FHOpticalCoherenceTomography\", \"value\": true, \"cdeCode\": \"OpticalCoherenceTomographyTest\", \"registryCode\": \"fh\", \"formName\": \"Imaging\"}, {\"sectionCode\": \"FHOpticalCoherenceTomography\", \"value\": true, \"cdeCode\": \"OpticalCoherenceTomographyDate\", \"registryCode\": \"fh\", \"formName\": \"Imaging\"}, {\"sectionCode\": \"FHOpticalCoherenceTomography\", \"value\": true, \"cdeCode\": \"OpticalCoherenceTomogResult\", \"registryCode\": \"fh\", \"formName\": \"Imaging\"}, {\"sectionCode\": \"FHOpticalCoherenceTomography\", \"value\": true, \"cdeCode\": \"FHReport\", \"registryCode\": \"fh\", \"formName\": \"Imaging\"}, {\"sectionCode\": \"FHApheresis\", \"value\": true, \"cdeCode\": \"Apheresis\", \"registryCode\": \"fh\", \"formName\": \"Apheresis\"}, {\"sectionCode\": \"FHApheresisSection\", \"value\": true, \"cdeCode\": \"ApheresisStartDate\", \"registryCode\": \"fh\", \"formName\": \"Apheresis\"}, {\"sectionCode\": \"FHApheresisSection\", \"value\": true, \"cdeCode\": \"ApheresisStopped\", \"registryCode\": \"fh\", \"formName\": \"Apheresis\"}, {\"sectionCode\": \"FHApheresisSection\", \"value\": true, \"cdeCode\": \"TypeOfApheresis\", \"registryCode\": \"fh\", \"formName\": \"Apheresis\"}, {\"sectionCode\": \"FHApheresisSection\", \"value\": true, \"cdeCode\": \"ApheresisDuration\", \"registryCode\": \"fh\", \"formName\": \"Apheresis\"}, {\"sectionCode\": \"FHApheresisSection\", \"value\": true, \"cdeCode\": \"FrequencyOfApheresis\", \"registryCode\": \"fh\", \"formName\": \"Apheresis\"}, {\"sectionCode\": \"FHApheresisSection\", \"value\": true, \"cdeCode\": \"ApheresisComplications\", \"registryCode\": \"fh\", \"formName\": \"Apheresis\"}, {\"sectionCode\": \"FHApheresisSection\", \"value\": true, \"cdeCode\": \"PreApheresisLDLCholesterol\", \"registryCode\": \"fh\", \"formName\": \"Apheresis\"}, {\"sectionCode\": \"FHApheresisSection\", \"value\": true, \"cdeCode\": \"AphereresisIntMeanCholReduct\", \"registryCode\": \"fh\", \"formName\": \"Apheresis\"}, {\"sectionCode\": \"FHApheresisSection\", \"value\": true, \"cdeCode\": \"PreapheresisLpaConcentration\", \"registryCode\": \"fh\", \"formName\": \"Apheresis\"}, {\"sectionCode\": \"FHApheresisSection\", \"value\": true, \"cdeCode\": \"IntervalMeanLpaConcentration\", \"registryCode\": \"fh\", \"formName\": \"Apheresis\"}, {\"sectionCode\": \"FHFollowUp\", \"value\": true, \"cdeCode\": \"DateOfAssessment\", \"registryCode\": \"fh\", \"formName\": \"FollowUp\"}, {\"sectionCode\": \"FHFollowUp\", \"value\": true, \"cdeCode\": \"FHSmoker\", \"registryCode\": \"fh\", \"formName\": \"FollowUp\"}, {\"sectionCode\": \"FHFollowUp\", \"value\": true, \"cdeCode\": \"CDE00008\", \"registryCode\": \"fh\", \"formName\": \"FollowUp\"}, {\"sectionCode\": \"FHFollowUp\", \"value\": true, \"cdeCode\": \"CDE00009\", \"registryCode\": \"fh\", \"formName\": \"FollowUp\"}, {\"sectionCode\": \"FHFollowUp\", \"value\": true, \"cdeCode\": \"FHChronicKidneyDisease\", \"registryCode\": \"fh\", \"formName\": \"FollowUp\"}, {\"sectionCode\": \"FHFollowUp\", \"value\": true, \"cdeCode\": \"FHObesity\", \"registryCode\": \"fh\", \"formName\": \"FollowUp\"}, {\"sectionCode\": \"FHFollowUp\", \"value\": true, \"cdeCode\": \"CDEHeight\", \"registryCode\": \"fh\", \"formName\": \"FollowUp\"}, {\"sectionCode\": \"FHFollowUp\", \"value\": true, \"cdeCode\": \"CDEWeight\", \"registryCode\": \"fh\", \"formName\": \"FollowUp\"}, {\"sectionCode\": \"FHFollowUp\", \"value\": true, \"cdeCode\": \"CDEBMI\", \"registryCode\": \"fh\", \"formName\": \"FollowUp\"}, {\"sectionCode\": \"FHFollowUp\", \"value\": true, \"cdeCode\": \"FHDischarged\", \"registryCode\": \"fh\", \"formName\": \"FollowUp\"}, {\"sectionCode\": \"FHEvent\", \"value\": true, \"cdeCode\": \"FHEvent\", \"registryCode\": \"fh\", \"formName\": \"FollowUp\"}, {\"sectionCode\": \"FHEvent\", \"value\": true, \"cdeCode\": \"FHMyocardialInfarction\", \"registryCode\": \"fh\", \"formName\": \"FollowUp\"}, {\"sectionCode\": \"FHEvent\", \"value\": true, \"cdeCode\": \"FHFollowUpMIAge\", \"registryCode\": \"fh\", \"formName\": \"FollowUp\"}, {\"sectionCode\": \"FHEvent\", \"value\": true, \"cdeCode\": \"FHCoronaryRevasc\", \"registryCode\": \"fh\", \"formName\": \"FollowUp\"}, {\"sectionCode\": \"FHEvent\", \"value\": true, \"cdeCode\": \"FHFollowUpRevascAge\", \"registryCode\": \"fh\", \"formName\": \"FollowUp\"}, {\"sectionCode\": \"FHEvent\", \"value\": true, \"cdeCode\": \"FHFollowUpCoronary\", \"registryCode\": \"fh\", \"formName\": \"FollowUp\"}, {\"sectionCode\": \"FHEvent\", \"value\": true, \"cdeCode\": \"FHAnginaAge\", \"registryCode\": \"fh\", \"formName\": \"FollowUp\"}, {\"sectionCode\": \"FHEvent\", \"value\": true, \"cdeCode\": \"FHStroke\", \"registryCode\": \"fh\", \"formName\": \"FollowUp\"}, {\"sectionCode\": \"FHEvent\", \"value\": true, \"cdeCode\": \"FHStrokeAge\", \"registryCode\": \"fh\", \"formName\": \"FollowUp\"}, {\"sectionCode\": \"FHEvent\", \"value\": true, \"cdeCode\": \"FHTIA\", \"registryCode\": \"fh\", \"formName\": \"FollowUp\"}, {\"sectionCode\": \"FHEvent\", \"value\": true, \"cdeCode\": \"FHTIAAge\", \"registryCode\": \"fh\", \"formName\": \"FollowUp\"}, {\"sectionCode\": \"FHEvent\", \"value\": true, \"cdeCode\": \"FHOtherVascularSurgery\", \"registryCode\": \"fh\", \"formName\": \"FollowUp\"}, {\"sectionCode\": \"FHEvent\", \"value\": true, \"cdeCode\": \"FHOtherVascularComments\", \"registryCode\": \"fh\", \"formName\": \"FollowUp\"}, {\"sectionCode\": \"FHFollowUpHypertension\", \"value\": true, \"cdeCode\": \"FHHypertension\", \"registryCode\": \"fh\", \"formName\": \"FollowUp\"}, {\"sectionCode\": \"FHFollowUpHypertension\", \"value\": true, \"cdeCode\": \"FHHypertensionYes\", \"registryCode\": \"fh\", \"formName\": \"FollowUp\"}, {\"sectionCode\": \"FHFollowUpHypertension\", \"value\": true, \"cdeCode\": \"FHHypertensiveMedDrug\", \"registryCode\": \"fh\", \"formName\": \"FollowUp\"}, {\"sectionCode\": \"FHFollowUpHypertension\", \"value\": true, \"cdeCode\": \"FHOtherDrug\", \"registryCode\": \"fh\", \"formName\": \"FollowUp\"}, {\"sectionCode\": \"FHFollowUpDiabetes\", \"value\": true, \"cdeCode\": \"FHDevelopedDiabetes\", \"registryCode\": \"fh\", \"formName\": \"FollowUp\"}, {\"sectionCode\": \"FHFollowUpDiabetes\", \"value\": true, \"cdeCode\": \"FHDiabetesYes\", \"registryCode\": \"fh\", \"formName\": \"FollowUp\"}, {\"sectionCode\": \"FHFollowUpDiabetes\", \"value\": true, \"cdeCode\": \"FHDiabeticMedications\", \"registryCode\": \"fh\", \"formName\": \"FollowUp\"}, {\"sectionCode\": \"FHFollowUpDiabetes\", \"value\": true, \"cdeCode\": \"FHOtherDrug\", \"registryCode\": \"fh\", \"formName\": \"FollowUp\"}, {\"sectionCode\": \"FHFollowUpAntithrombotic\", \"value\": true, \"cdeCode\": \"FHFollowUpAntithrombotic\", \"registryCode\": \"fh\", \"formName\": \"FollowUp\"}, {\"sectionCode\": \"FHFollowUpAntithrombotic\", \"value\": true, \"cdeCode\": \"FHAntithromboticMeds\", \"registryCode\": \"fh\", \"formName\": \"FollowUp\"}, {\"sectionCode\": \"FHFollowUpAntithrombotic\", \"value\": true, \"cdeCode\": \"FHOtherDrug\", \"registryCode\": \"fh\", \"formName\": \"FollowUp\"}, {\"sectionCode\": \"FHBiochemistry\", \"value\": true, \"cdeCode\": \"FHLipidProfileUntreatedDate\", \"registryCode\": \"fh\", \"formName\": \"FollowUp\"}, {\"sectionCode\": \"FHBiochemistry\", \"value\": true, \"cdeCode\": \"CDE00012\", \"registryCode\": \"fh\", \"formName\": \"FollowUp\"}, {\"sectionCode\": \"FHBiochemistry\", \"value\": true, \"cdeCode\": \"FHLLDLconc\", \"registryCode\": \"fh\", \"formName\": \"FollowUp\"}, {\"sectionCode\": \"FHBiochemistry\", \"value\": true, \"cdeCode\": \"CDE00014\", \"registryCode\": \"fh\", \"formName\": \"FollowUp\"}, {\"sectionCode\": \"FHBiochemistry\", \"value\": true, \"cdeCode\": \"CDE00015\", \"registryCode\": \"fh\", \"formName\": \"FollowUp\"}, {\"sectionCode\": \"FHBiochemistry\", \"value\": true, \"cdeCode\": \"CDE00016\", \"registryCode\": \"fh\", \"formName\": \"FollowUp\"}, {\"sectionCode\": \"FHBiochemistry\", \"value\": true, \"cdeCode\": \"CDE00010\", \"registryCode\": \"fh\", \"formName\": \"FollowUp\"}, {\"sectionCode\": \"FHBiochemistry\", \"value\": true, \"cdeCode\": \"HbA1c\", \"registryCode\": \"fh\", \"formName\": \"FollowUp\"}, {\"sectionCode\": \"FHBiochemistry\", \"value\": true, \"cdeCode\": \"FHApoB\", \"registryCode\": \"fh\", \"formName\": \"FollowUp\"}, {\"sectionCode\": \"FHBiochemistry\", \"value\": true, \"cdeCode\": \"FHA1\", \"registryCode\": \"fh\", \"formName\": \"FollowUp\"}, {\"sectionCode\": \"FHBiochemistry\", \"value\": true, \"cdeCode\": \"FHAST\", \"registryCode\": \"fh\", \"formName\": \"FollowUp\"}, {\"sectionCode\": \"FHBiochemistry\", \"value\": true, \"cdeCode\": \"FHALT\", \"registryCode\": \"fh\", \"formName\": \"FollowUp\"}, {\"sectionCode\": \"FHBiochemistry\", \"value\": true, \"cdeCode\": \"FHCK\", \"registryCode\": \"fh\", \"formName\": \"FollowUp\"}, {\"sectionCode\": \"FHBiochemistry\", \"value\": true, \"cdeCode\": \"FHAlbum\", \"registryCode\": \"fh\", \"formName\": \"FollowUp\"}, {\"sectionCode\": \"FHBiochemistry\", \"value\": true, \"cdeCode\": \"FHCreatinine\", \"registryCode\": \"fh\", \"formName\": \"FollowUp\"}, {\"sectionCode\": \"FHBiochemistry\", \"value\": true, \"cdeCode\": \"FHCRP\", \"registryCode\": \"fh\", \"formName\": \"FollowUp\"}, {\"sectionCode\": \"FHBiochemistry\", \"value\": true, \"cdeCode\": \"PlasmaLipidTreatmentNone\", \"registryCode\": \"fh\", \"formName\": \"FollowUp\"}, {\"sectionCode\": \"FHBiochemistry\", \"value\": true, \"cdeCode\": \"CDEfhOtherIntolerantDrug\", \"registryCode\": \"fh\", \"formName\": \"FollowUp\"}, {\"sectionCode\": \"FHBiochemistry\", \"value\": true, \"cdeCode\": \"FHCompliance\", \"registryCode\": \"fh\", \"formName\": \"FollowUp\"}, {\"sectionCode\": \"FHDeath\", \"value\": true, \"cdeCode\": \"FHDeathDate\", \"registryCode\": \"fh\", \"formName\": \"FollowUp\"}, {\"sectionCode\": \"FHDeath\", \"value\": true, \"cdeCode\": \"FHDeathAge\", \"registryCode\": \"fh\", \"formName\": \"FollowUp\"}, {\"sectionCode\": \"FHDeath\", \"value\": true, \"cdeCode\": \"FHDeathCause\", \"registryCode\": \"fh\", \"formName\": \"FollowUp\"}, {\"sectionCode\": \"FHDeath\", \"value\": true, \"cdeCode\": \"FHDeathOther\", \"registryCode\": \"fh\", \"formName\": \"FollowUp\"}]"
  },
  "model": "explorer.query",
  "pk": 2
}
]
