[
{
  "fields": {
    "name": "The Children's Hosptial at Westmead",
    "registry": [
      "fh"
    ]
  },
  "model": "groups.workinggroup",
  "pk": 2
},
{
  "fields": {
    "name": "Fiona Stanley Hospital",
    "registry": [
      "fh"
    ]
  },
  "model": "groups.workinggroup",
  "pk": 3
},
{
  "fields": {
    "name": "Perth Children's Hospital",
    "registry": [
      "fh"
    ]
  },
  "model": "groups.workinggroup",
  "pk": 4
},
{
  "fields": {
    "name": "Austin Health",
    "registry": [
      "fh"
    ]
  },
  "model": "groups.workinggroup",
  "pk": 5
},
{
  "fields": {
    "name": "Burnie Regional Hospital",
    "registry": [
      "fh"
    ]
  },
  "model": "groups.workinggroup",
  "pk": 6
},
{
  "fields": {
    "name": "Calvary Hospital",
    "registry": [
      "fh"
    ]
  },
  "model": "groups.workinggroup",
  "pk": 7
},
{
  "fields": {
    "name": "Mater Hospital",
    "registry": [
      "fh"
    ]
  },
  "model": "groups.workinggroup",
  "pk": 8
},
{
  "fields": {
    "name": "Royal Adelaide Hospital",
    "registry": [
      "fh"
    ]
  },
  "model": "groups.workinggroup",
  "pk": 9
},
{
  "fields": {
    "name": "Royal Perth Hospital",
    "registry": [
      "fh"
    ]
  },
  "model": "groups.workinggroup",
  "pk": 10
},
{
  "fields": {
    "name": "Royal Prince Alfred Hospital",
    "registry": [
      "fh"
    ]
  },
  "model": "groups.workinggroup",
  "pk": 11
},
{
  "fields": {
    "name": "The Alfred Hospital",
    "registry": [
      "fh"
    ]
  },
  "model": "groups.workinggroup",
  "pk": 12
},
{
  "fields": {
    "name": "Wesley Medical Centre",
    "registry": [
      "fh"
    ]
  },
  "model": "groups.workinggroup",
  "pk": 13
},
{
  "fields": {
    "name": "Women's and Children's Hospital, Adelaide",
    "registry": [
      "fh"
    ]
  },
  "model": "groups.workinggroup",
  "pk": 14
},
{
  "fields": {
    "name": "Flinders Medical Centre",
    "registry": [
      "fh"
    ]
  },
  "model": "groups.workinggroup",
  "pk": 15
},
{
  "fields": {
    "name": "Melbourne Lipid Clinic",
    "registry": [
      "fh"
    ]
  },
  "model": "groups.workinggroup",
  "pk": 16
},
{
  "fields": {
    "name": "Canterbury Medical Services",
    "registry": [
      "fh"
    ]
  },
  "model": "groups.workinggroup",
  "pk": 17
},
{
  "fields": {
    "name": "St John of God Midland Hospital",
    "registry": [
      "fh"
    ]
  },
  "model": "groups.workinggroup",
  "pk": 18
}
]
