[
{
  "model": "rdrf.registryform",
  "fields": {
    "registry": [
      "fh"
    ],
    "name": "GeneticData",
    "header": "",
    "questionnaire_display_name": "",
    "sections": "SEC0008,FHMutationOverview,FHMutationDetails,FHNextGen,LabSection",
    "is_questionnaire": false,
    "is_questionnaire_login": false,
    "position": 2,
    "questionnaire_questions": "",
    "complete_form_cdes": [],
    "groups_allowed": []
  }
},
{
  "model": "rdrf.registryform",
  "fields": {
    "registry": [
      "fh"
    ],
    "name": "ClinicalData",
    "header": "",
    "questionnaire_display_name": "",
    "sections": "fhDateSection,SEC0007,SEC0002,SEC0004,SEC0001,FHLDLforFHScore,SEC0005,SEC0003,FHClinicalTrials",
    "is_questionnaire": false,
    "is_questionnaire_login": false,
    "position": 0,
    "questionnaire_questions": "",
    "complete_form_cdes": [],
    "groups_allowed": []
  }
},
{
  "model": "rdrf.registryform",
  "fields": {
    "registry": [
      "fh"
    ],
    "name": "Imaging",
    "header": "",
    "questionnaire_display_name": "",
    "sections": "FHImagingCarotidUltrasonography,FHEchocardiogram,FHCoronaryArteryImaging,FHCTCoronaryAngiogramImaging,FHInvasiveAngiographyImagingTest,FHStressEchoImaging,FHStressECGImaging,FHNuclearPerfusionScanImaging,FHIntravascularUltrasoundImaging,FHOpticalCoherenceTomography",
    "is_questionnaire": false,
    "is_questionnaire_login": false,
    "position": 3,
    "questionnaire_questions": "",
    "complete_form_cdes": [],
    "groups_allowed": []
  }
},
{
  "model": "rdrf.registryform",
  "fields": {
    "registry": [
      "fh"
    ],
    "name": "Apheresis",
    "header": "",
    "questionnaire_display_name": "",
    "sections": "FHApheresis,FHApheresisSection",
    "is_questionnaire": false,
    "is_questionnaire_login": false,
    "position": 5,
    "questionnaire_questions": "",
    "complete_form_cdes": [],
    "groups_allowed": []
  }
},
{
  "model": "rdrf.registryform",
  "fields": {
    "registry": [
      "fh"
    ],
    "name": "Medications",
    "header": "",
    "questionnaire_display_name": "",
    "sections": "FHLipidMedication,FHHypertensiveMedication,FHDiabeticMedication,FHAntithrombotics,FHDrugIntolerance,FHSpecificDrugIntolerance",
    "is_questionnaire": false,
    "is_questionnaire_login": false,
    "position": 4,
    "questionnaire_questions": "",
    "complete_form_cdes": [],
    "groups_allowed": []
  }
},
{
  "model": "rdrf.registryform",
  "fields": {
    "registry": [
      "fh"
    ],
    "name": "FollowUp",
    "header": "",
    "questionnaire_display_name": "",
    "sections": "FHFollowUp,FHEvent,FHFollowUpHypertension,FHFollowUpDiabetes,FHFollowUpAntithrombotic,FHBiochemistry,FHDeath",
    "is_questionnaire": false,
    "is_questionnaire_login": false,
    "position": 1,
    "questionnaire_questions": "",
    "complete_form_cdes": [],
    "groups_allowed": []
  }
}
]
