[
{
  "model": "rdrf.contextformgroup",
  "pk": 1,
  "fields": {
    "registry": [
      "fh"
    ],
    "context_type": "F",
    "name": "Main",
    "naming_scheme": "D",
    "is_default": true,
    "naming_cde_to_use": null
  }
},
{
  "model": "rdrf.contextformgroup",
  "pk": 2,
  "fields": {
    "registry": [
      "fh"
    ],
    "context_type": "M",
    "name": "Checkup",
    "naming_scheme": "C",
    "is_default": false,
    "naming_cde_to_use": "FollowUp/FHFollowUp/DateOfAssessment"
  }
}
]
