[
{
  "fields": {
    "code": "fhconsentsection",
    "information_text": null,
    "validation_rule": "fhconsent1 or fhconsent2",
    "applicability_condition": "",
    "registry": [
      "fh"
    ],
    "information_link": "",
    "section_label": "Registry Consent"
  },
  "model": "rdrf.consentsection"
},
{
  "fields": {
    "code": "fhcontact",
    "information_text": null,
    "validation_rule": "",
    "applicability_condition": "",
    "registry": [
      "fh"
    ],
    "information_link": "",
    "section_label": "Optional Consents"
  },
  "model": "rdrf.consentsection"
},
{
  "fields": {
    "code": "fhregistrysubset",
    "information_text": null,
    "validation_rule": "",
    "applicability_condition": "",
    "registry": [
      "fh"
    ],
    "information_link": "",
    "section_label": "Registry Subset"
  },
  "model": "rdrf.consentsection"
}
]
