[
{
  "fields": {
    "code": "SEC0008",
    "display_name": "Genetic Analysis",
    "extra": null,
    "questionnaire_display_name": "",
    "elements": "CDE00025",
    "questionnaire_help": "",
    "allow_multiple": false
  },
  "model": "rdrf.section"
},
{
  "fields": {
    "code": "FHMutationOverview",
    "display_name": "Genetic Analysis",
    "extra": null,
    "questionnaire_display_name": "",
    "elements": "FHGeneticTestDate,CDEMutationType",
    "questionnaire_help": "",
    "allow_multiple": false
  },
  "model": "rdrf.section"
},
{
  "fields": {
    "code": "FHMutationDetails",
    "display_name": "Gene Variant                                                                                                                                 ",
    "extra": 0,
    "questionnaire_display_name": "",
    "elements": "FHMutation,FHMutationDescription,Pathogenicity",
    "questionnaire_help": "",
    "allow_multiple": true
  },
  "model": "rdrf.section"
},
{
  "fields": {
    "code": "FHNextGen",
    "display_name": "Next Generation Sequencing",
    "extra": null,
    "questionnaire_display_name": "",
    "elements": "FHNextGeneSequencing,FHGeneticTestDate,FHNextGeneDetails",
    "questionnaire_help": "",
    "allow_multiple": false
  },
  "model": "rdrf.section"
},
{
  "fields": {
    "code": "LabSection",
    "display_name": "Laboratory Data",
    "extra": null,
    "questionnaire_display_name": "",
    "elements": "LaboratoryReport",
    "questionnaire_help": "",
    "allow_multiple": true
  },
  "model": "rdrf.section"
},
{
  "fields": {
    "code": "fhDateSection",
    "display_name": " ",
    "extra": null,
    "questionnaire_display_name": "",
    "elements": "FHconsentDate,DateOfAssessment,CDEIndexOrRelative",
    "questionnaire_help": "",
    "allow_multiple": false
  },
  "model": "rdrf.section"
},
{
  "fields": {
    "code": "SEC0007",
    "display_name": "Summary",
    "extra": null,
    "questionnaire_display_name": "",
    "elements": "CDEfhDutchLipidClinicNetwork,CDE00024",
    "questionnaire_help": "",
    "allow_multiple": false
  },
  "model": "rdrf.section"
},
{
  "fields": {
    "code": "SEC0002",
    "display_name": "Family History",
    "extra": null,
    "questionnaire_display_name": "",
    "elements": "CDE00003,FHFamilyHistoryChild,CDE00004,FHFamHistTendonXanthoma,FHFamHistArcusCornealis",
    "questionnaire_help": "",
    "allow_multiple": false
  },
  "model": "rdrf.section"
},
{
  "fields": {
    "code": "SEC0004",
    "display_name": "Clinical History",
    "extra": null,
    "questionnaire_display_name": "",
    "elements": "CDE00011,FHMyocardialInfarction,FHAgeAtMI,FHCoronaryRevasc,FHAgeAtCV,FHPersHistCerebralVD,FHAorticValveDisease,FHSupravalvularDisease,FHPremNonCoronary",
    "questionnaire_help": "",
    "allow_multiple": false
  },
  "model": "rdrf.section"
},
{
  "fields": {
    "code": "SEC0001",
    "display_name": "Physical Examination",
    "extra": null,
    "questionnaire_display_name": "",
    "elements": "CDE00001,CDE00002,FHXanthelasma",
    "questionnaire_help": "",
    "allow_multiple": false
  },
  "model": "rdrf.section"
},
{
  "fields": {
    "code": "FHLDLforFHScore",
    "display_name": "Plasma LDL-cholesterol for FH Score",
    "extra": null,
    "questionnaire_display_name": "",
    "elements": "CDE00013,CDE00019,PlasmaLipidTreatment,LDLCholesterolAdjTreatment",
    "questionnaire_help": "",
    "allow_multiple": false
  },
  "model": "rdrf.section"
},
{
  "fields": {
    "code": "SEC0005",
    "display_name": "Biochemistry Profile",
    "extra": null,
    "questionnaire_display_name": "",
    "elements": "FHLipidProfileUntreatedDate,CDE00012,FHLLDLconc,CDE00014,CDE00015,FHApoB,FHA1,CDE00016,FHAST,FHALT,FHCK,FHAlbum,FHCreatinine,FHCRP,PlasmaLipidTreatmentNone,CDEfhOtherIntolerantDrug,FHCompliance",
    "questionnaire_help": "",
    "allow_multiple": true
  },
  "model": "rdrf.section"
},
{
  "fields": {
    "code": "SEC0003",
    "display_name": "Other CVD Risk Factors",
    "extra": null,
    "questionnaire_display_name": "",
    "elements": "CDE00005,FHPackYears,FHAlcohol,FHHypertriglycerd,CDE00006,CDE00008,CDE00009,FHHeartRate,CDE00007,CDE00010,HbA1c,ChronicKidneyDisease,FHeGFR,FHHypothyroidism,FHTSH,FHHepaticSteatosis,FHObesity,CDEHeight,CDEWeight,CDEBMI,FHWaistCirc,FHCVDOther",
    "questionnaire_help": "",
    "allow_multiple": false
  },
  "model": "rdrf.section"
},
{
  "fields": {
    "code": "FHClinicalTrials",
    "display_name": "Clinical Trials",
    "extra": null,
    "questionnaire_display_name": "",
    "elements": "FHClinicalTrialName,FHTrialLength,FHTrialSTartDate,FHTrialStatus",
    "questionnaire_help": "",
    "allow_multiple": true
  },
  "model": "rdrf.section"
},
{
  "fields": {
    "code": "FHImagingCarotidUltrasonography",
    "display_name": "Carotid Ultrasonography",
    "extra": null,
    "questionnaire_display_name": "",
    "elements": "CarotidUltrasonography,CarotidUltrasonographyDate,CarotidUltrasonographyResult,CarotidUltrasonographyResultR,FHCarotidUltrasonographyResult,FHReport",
    "questionnaire_help": "",
    "allow_multiple": true
  },
  "model": "rdrf.section"
},
{
  "fields": {
    "code": "FHEchocardiogram",
    "display_name": "Echocardiogram (Resting)",
    "extra": null,
    "questionnaire_display_name": "",
    "elements": "EchocardiogramTest,EchocardiogramDate,EchocardiogramResult,FHReport",
    "questionnaire_help": "",
    "allow_multiple": true
  },
  "model": "rdrf.section"
},
{
  "fields": {
    "code": "FHCoronaryArteryImaging",
    "display_name": "Coronary Artery Calcium Score",
    "extra": null,
    "questionnaire_display_name": "",
    "elements": "CoronoraryArteryCalciumScore,CorArteryImagingTestDate,CorArteryImagingTestResultScor,CorArteryImagingTestResult,FHReport",
    "questionnaire_help": "",
    "allow_multiple": true
  },
  "model": "rdrf.section"
},
{
  "fields": {
    "code": "FHCTCoronaryAngiogramImaging",
    "display_name": "CT Coronary Angiogram",
    "extra": null,
    "questionnaire_display_name": "",
    "elements": "CTCoronaryAngiogramTest,CTCoronaryAngiogramTestDate,CTCoronaryAngiogramTestResult,FHReport",
    "questionnaire_help": "",
    "allow_multiple": true
  },
  "model": "rdrf.section"
},
{
  "fields": {
    "code": "FHInvasiveAngiographyImagingTest",
    "display_name": "Invasive Angiogram",
    "extra": null,
    "questionnaire_display_name": "",
    "elements": "InvasiveAngiopathyImagingTest,InvasiveAngiopathyTestDate,InvasiveAngiopathyTestResult,FHReport",
    "questionnaire_help": "",
    "allow_multiple": true
  },
  "model": "rdrf.section"
},
{
  "fields": {
    "code": "FHStressEchoImaging",
    "display_name": "Stress Echo",
    "extra": null,
    "questionnaire_display_name": "",
    "elements": "StressEchoImagingTest,StressEchoImagingTestDate,StressEchoImagingTestResult,FHReport",
    "questionnaire_help": "",
    "allow_multiple": true
  },
  "model": "rdrf.section"
},
{
  "fields": {
    "code": "FHStressECGImaging",
    "display_name": "Stress ECG",
    "extra": null,
    "questionnaire_display_name": "",
    "elements": "FHStressECGTest,FHStressECGTestDate,FHStressECGTestResult,FHReport",
    "questionnaire_help": "",
    "allow_multiple": true
  },
  "model": "rdrf.section"
},
{
  "fields": {
    "code": "FHNuclearPerfusionScanImaging",
    "display_name": "Nuclear Perfusion Scan",
    "extra": null,
    "questionnaire_display_name": "",
    "elements": "NuclearPerfusionScanTest,NuclearPerfusionScanDate,NuclearPerfusionScanResult,FHReport",
    "questionnaire_help": "",
    "allow_multiple": true
  },
  "model": "rdrf.section"
},
{
  "fields": {
    "code": "FHIntravascularUltrasoundImaging",
    "display_name": "Intravascular Ultrasound",
    "extra": null,
    "questionnaire_display_name": "",
    "elements": "IntravascularUltrasound,IntravascularUltrasoundDate,IntravascularUltrasoundResult,FHReport",
    "questionnaire_help": "",
    "allow_multiple": true
  },
  "model": "rdrf.section"
},
{
  "fields": {
    "code": "FHOpticalCoherenceTomography",
    "display_name": "Optical Coherence Tomography",
    "extra": null,
    "questionnaire_display_name": "",
    "elements": "OpticalCoherenceTomographyTest,OpticalCoherenceTomographyDate,OpticalCoherenceTomogResult,FHReport",
    "questionnaire_help": "",
    "allow_multiple": true
  },
  "model": "rdrf.section"
},
{
  "fields": {
    "code": "FHApheresis",
    "display_name": "Apheresis",
    "extra": null,
    "questionnaire_display_name": "",
    "elements": "Apheresis",
    "questionnaire_help": "",
    "allow_multiple": false
  },
  "model": "rdrf.section"
},
{
  "fields": {
    "code": "FHApheresisSection",
    "display_name": "Apheresis",
    "extra": null,
    "questionnaire_display_name": "",
    "elements": "ApheresisStartDate,ApheresisStopped,TypeOfApheresis,ApheresisDuration,FrequencyOfApheresis,ApheresisComplications,PreApheresisLDLCholesterol,AphereresisIntMeanCholReduct,PreapheresisLpaConcentration,IntervalMeanLpaConcentration",
    "questionnaire_help": "",
    "allow_multiple": true
  },
  "model": "rdrf.section"
},
{
  "fields": {
    "code": "FHLipidMedication",
    "display_name": "Lipid-lowering Medication",
    "extra": null,
    "questionnaire_display_name": "",
    "elements": "FHOnLipidMedication,PlasmaLipidTreatmentNone,CDEfhOtherIntolerantDrug,FHDateStartedMedication",
    "questionnaire_help": "",
    "allow_multiple": false
  },
  "model": "rdrf.section"
},
{
  "fields": {
    "code": "FHHypertensiveMedication",
    "display_name": "Hypertensive Medication",
    "extra": null,
    "questionnaire_display_name": "",
    "elements": "FHHypertensiveMed,FHHypertensiveMedDrug,FHOtherDrug",
    "questionnaire_help": "",
    "allow_multiple": false
  },
  "model": "rdrf.section"
},
{
  "fields": {
    "code": "FHDiabeticMedication",
    "display_name": "Diabetic Medication",
    "extra": null,
    "questionnaire_display_name": "",
    "elements": "FHDiabeticdrugs,FHDiabeticMedications,FHOtherDrug",
    "questionnaire_help": "",
    "allow_multiple": false
  },
  "model": "rdrf.section"
},
{
  "fields": {
    "code": "FHAntithrombotics",
    "display_name": "Antithrombotic Medication",
    "extra": null,
    "questionnaire_display_name": "",
    "elements": "FHAntithrombotic,FHAntithromboticMeds,FHOtherDrug",
    "questionnaire_help": "",
    "allow_multiple": false
  },
  "model": "rdrf.section"
},
{
  "fields": {
    "code": "FHDrugIntolerance",
    "display_name": "Drug Intolerance",
    "extra": null,
    "questionnaire_display_name": "",
    "elements": "CDEfhHistoryDrugIntolerance",
    "questionnaire_help": "",
    "allow_multiple": false
  },
  "model": "rdrf.section"
},
{
  "fields": {
    "code": "FHSpecificDrugIntolerance",
    "display_name": "Specific Lipid-lowering Drug Intolerance",
    "extra": null,
    "questionnaire_display_name": "",
    "elements": "FHDateDurgIntol,FHDrug,FHDose,CDEfhOtherIntolerantDrug,FHMedication,FHTimeFrame,FHSpecificTypeOfIntolerance,FHIntoleranceHepatic,FHIntoleranceGI,FHIntoleranceNeuro,FHIntoleranceRespiratory,FHIntoleranceEndocrine,FHIntoleranceSkin,FHIntoleranceEye,FHIntoleranceRenal,FHIntoleranceReproductive,FHIntoleranceBones,FHOtherIntol,FHComments",
    "questionnaire_help": "",
    "allow_multiple": true
  },
  "model": "rdrf.section"
},
{
  "fields": {
    "code": "FHFollowUp",
    "display_name": "At follow-up",
    "extra": null,
    "questionnaire_display_name": "",
    "elements": "DateOfAssessment,FHSmoker,CDE00008,CDE00009,FHChronicKidneyDisease,FHObesity,CDEHeight,CDEWeight,CDEBMI,FHDischarged",
    "questionnaire_help": "",
    "allow_multiple": false
  },
  "model": "rdrf.section"
},
{
  "fields": {
    "code": "FHEvent",
    "display_name": "Events",
    "extra": null,
    "questionnaire_display_name": "",
    "elements": "FHEvent,FHMyocardialInfarction,FHFollowUpMIAge,FHCoronaryRevasc,FHFollowUpRevascAge,FHFollowUpCoronary,FHAnginaAge,FHStroke,FHStrokeAge,FHTIA,FHTIAAge,FHOtherVascularSurgery,FHOtherVascularComments",
    "questionnaire_help": "",
    "allow_multiple": false
  },
  "model": "rdrf.section"
},
{
  "fields": {
    "code": "FHFollowUpHypertension",
    "display_name": "Hypertension",
    "extra": null,
    "questionnaire_display_name": "",
    "elements": "FHHypertension,FHHypertensionYes,FHHypertensiveMedDrug,FHOtherDrug",
    "questionnaire_help": "",
    "allow_multiple": false
  },
  "model": "rdrf.section"
},
{
  "fields": {
    "code": "FHFollowUpDiabetes",
    "display_name": "Diabetes",
    "extra": null,
    "questionnaire_display_name": "",
    "elements": "FHDevelopedDiabetes,FHDiabetesYes,FHDiabeticMedications,FHOtherDrug",
    "questionnaire_help": "",
    "allow_multiple": false
  },
  "model": "rdrf.section"
},
{
  "fields": {
    "code": "FHFollowUpAntithrombotic",
    "display_name": "Antithrombotic",
    "extra": null,
    "questionnaire_display_name": "",
    "elements": "FHFollowUpAntithrombotic,FHAntithromboticMeds,FHOtherDrug",
    "questionnaire_help": "",
    "allow_multiple": false
  },
  "model": "rdrf.section"
},
{
  "fields": {
    "code": "FHBiochemistry",
    "display_name": "Biochemistry Profile",
    "extra": null,
    "questionnaire_display_name": "",
    "elements": "FHLipidProfileUntreatedDate,CDE00012,FHLLDLconc,CDE00014,CDE00015,CDE00016,CDE00010,HbA1c,FHApoB,FHA1,FHAST,FHALT,FHCK,FHAlbum,FHCreatinine,FHCRP,PlasmaLipidTreatmentNone,CDEfhOtherIntolerantDrug,FHCompliance",
    "questionnaire_help": "",
    "allow_multiple": false
  },
  "model": "rdrf.section"
},
{
  "fields": {
    "code": "FHDeath",
    "display_name": "Death",
    "extra": null,
    "questionnaire_display_name": "",
    "elements": "FHDeathDate,FHDeathAge,FHDeathCause,FHDeathOther",
    "questionnaire_help": "",
    "allow_multiple": false
  },
  "model": "rdrf.section"
},
{
  "fields": {
    "code": "FHPatientFields",
    "display_name": "Pedigree",
    "extra": null,
    "questionnaire_display_name": "",
    "elements": "FHPedigreeUpload,FHNum3rdDegRelatives,FHNum2ndDegRelatives,FHNum1stDegRelatives,FHFounderEffectOrigin",
    "questionnaire_help": "",
    "allow_multiple": false
  },
  "model": "rdrf.section"
},
{
  "fields": {
    "code": "PatientData",
    "display_name": "Personal Information",
    "extra": null,
    "questionnaire_display_name": "",
    "elements": "CDEPatientCentre,CDEPatientFamilyName,CDEPatientGivenNames,CDEPatientDateOfBirth,CDEPatientSex,CDEPatientHomePhone,CDEPatientMobilePhone,CDEPatientEmail",
    "questionnaire_help": "",
    "allow_multiple": false
  },
  "model": "rdrf.section"
},
{
  "fields": {
    "code": "PatientDataAddressSection",
    "display_name": "Addresses",
    "extra": null,
    "questionnaire_display_name": "",
    "elements": "AddressType,Address,Country,State,SuburbTown,postcode",
    "questionnaire_help": "",
    "allow_multiple": true
  },
  "model": "rdrf.section"
}
]
