[
{
  "fields": {
    "field": "clinician",
    "readonly": null,
    "hidden": true,
    "group": [
      "Working Group Curators"
    ],
    "registry": [
      "fh"
    ]
  },
  "model": "rdrf.demographicfields",
  "pk": 1
},
{
  "fields": {
    "field": "clinician",
    "readonly": null,
    "hidden": true,
    "group": [
      "Clinical Staff"
    ],
    "registry": [
      "fh"
    ]
  },
  "model": "rdrf.demographicfields",
  "pk": 2
},
{
  "fields": {
    "field": "clinician",
    "readonly": null,
    "hidden": true,
    "group": [
      "Genetic Curator"
    ],
    "registry": [
      "fh"
    ]
  },
  "model": "rdrf.demographicfields",
  "pk": 3
},
{
  "fields": {
    "field": "clinician",
    "readonly": null,
    "hidden": true,
    "group": [
      "Genetic Staff"
    ],
    "registry": [
      "fh"
    ]
  },
  "model": "rdrf.demographicfields",
  "pk": 4
},
{
  "fields": {
    "field": "clinician",
    "readonly": null,
    "hidden": true,
    "group": [
      "Working Group Staff"
    ],
    "registry": [
      "fh"
    ]
  },
  "model": "rdrf.demographicfields",
  "pk": 5
},
{
  "fields": {
    "field": "place_of_birth",
    "readonly": null,
    "hidden": true,
    "group": [
      "Working Group Curators"
    ],
    "registry": [
      "fh"
    ]
  },
  "model": "rdrf.demographicfields",
  "pk": 6
}
]
