[
{
  "fields": {
    "splash_screen": "<h1 style=\"color: #000066\"><p class=\"text-center\">National Registry for \r\nFamilial Hypercholesterolemia</p><h1 style=\"color: #000066\">\r\n\r\n<h1 style=\"color: #000066\">Background</h1>\r\n<p class=\"text-justify\">\r\nFamilial hypercholesterolemia (FH) is an autosomal dominant disorder of absent or grossly malfunctioning low-density lipoprotein (LDL) receptors that causes severe elevations in total cholesterol and low-density lipoprotein cholesterol (LDLc). Heterozygous FH occurs in approximately 1 per 500 persons.\r\n</p>\r\n\r\n<p class=\"text-justify\">\r\nFor the purposes of this Registry, Familial Hypercholesterolemia will be inclusive of other forms of autosomal dominant hypercholesterolemia (FDB, PCSK9 gain-of-function mutations). \r\n</p>\r\n\r\n<p class=\"text-justify\">\r\nFH is associated with a high risk for premature coronary artery disease. Early detection and aggressive management to lower the LDLc level helps prevent or slows the progression of coronary atherosclerosis. Moreover, if the first-degree relatives of a patient with FH are screened, other gene carriers can be identified and treated.\r\n</p>\r\n\r\n<h1 style=\"color: #000066\">Purpose</h1>\r\n<p class=\"text-justify\">\r\nThe purpose of the National Registry for Familial Hypercholesterolemia is to collate data to facilitate clinical service planning and to inform clinical best practice. The Registry will also enable research on aggregated data and the identification of eligible volunteers for clinical trials.\r\n</p>\r\n\r\n<h1 style=\"color: #000066\">Objectives</h1>\r\n<p class=\"text-justify\">\r\nTo facilitate service planning by analyses and reporting of data collected by the Registry on prevalence, geographical distribution, genetic variants associated with disease, clinical features, clinical management and patient outcomes.\r\n</p>\r\n\r\n<p class=\"text-justify\">\r\nTo enable research by providing aggregate, de-identified data to research entities.\r\n</p>\r\n\r\n<p class=\"text-justify\">\r\nTo facilitate identification and recruitment of eligible volunteers for clinical trials.\r\n</p>\r\n\r\n<p class=\"text-justify\">\r\nTo promulgate new knowledge to inform best practice and care services. \r\n</p>\r\n\r\n<h1 style=\"color: #000066\">Administration/Oversight</h1>\r\n<p class=\"text-justify\">\r\nThe National Registry for Familial Hypercholesterolemia is governed by a National Advisory Board. The Board includes representatives from each jurisdiction from within the Familial Hypercholesterolemia Australasia Network and will oversee all registry activities including all enquiries for access. \r\n</p>\r\n\r\n<p class=\"text-justify\">\r\n<a href=\"https://fhregistry-international.com/pdf/FHAN%20AAS%20Charter%20National%20FH%20Registry%202015_Endorsed%2010.09.2015.pdf\">The Charter for the National Familial Hypercholesterolaemia Registry</a> and the <a href=\"https://fhregistry-international.com/pdf/FH%20Registry%20Brochure_v5.pdf\">Registry Brochure</a> are available for your information. \r\n\r\n\r\n</p>\r\n\r\n<h1 style=\"color: #000066\">Contact</h1>\r\n<p class=\"text-justify\">\r\nFor more information on the National Familial Hypercholesterolaemia Registry, please contact <a href=\"mailto:fhwa@health.wa.gov.au\">fhwa@health.wa.gov.au.</a> \r\n\r\n</p>\r\n\r\n<p class=\"text-justify\">\r\nA sample consent form for patients wishing to participate in the registry can be downloaded  <a href=\"https://fhregistry-international.com/pdf/ADULT%20PICF%20Version%201.0.pdf\">here.</a>\r\n\r\n</p>\r\n\r\n<br/>\r\n<br/>\r\n<br/>\r\n<br/>",
    "patient_data_section": [
      "FHPatientFields"
    ],
    "code": "fh",
    "name": "FH Registry",
    "version": "0.1.53",
    "metadata_json": "{ \"visibility\" : [\"PatientRelativeForm\"],\r\n\"features\": [\"family_linkage\", \"contexts\"]}",
    "desc": "fh",
    "patient_splash_screen": null
  },
  "model": "rdrf.registry"
}
]
