[
{
  "fields": {
    "context_form_group": 1,
    "registry_form": [
      "fh",
      "ClinicalData"
    ]
  },
  "model": "rdrf.contextformgroupitem",
  "pk": 1
},
{
  "fields": {
    "context_form_group": 1,
    "registry_form": [
      "fh",
      "GeneticData"
    ]
  },
  "model": "rdrf.contextformgroupitem",
  "pk": 2
},
{
  "fields": {
    "context_form_group": 1,
    "registry_form": [
      "fh",
      "Medications"
    ]
  },
  "model": "rdrf.contextformgroupitem",
  "pk": 3
},
{
  "fields": {
    "context_form_group": 1,
    "registry_form": [
      "fh",
      "Apheresis"
    ]
  },
  "model": "rdrf.contextformgroupitem",
  "pk": 4
},
{
  "fields": {
    "context_form_group": 1,
    "registry_form": [
      "fh",
      "Imaging"
    ]
  },
  "model": "rdrf.contextformgroupitem",
  "pk": 5
},
{
  "fields": {
    "context_form_group": 2,
    "registry_form": [
      "fh",
      "FollowUp"
    ]
  },
  "model": "rdrf.contextformgroupitem",
  "pk": 6
}
]
