[
{
  "fields": {
    "code": "fhconsent1",
    "question_label": "Adult consent",
    "section": [
      "fh",
      "fhconsentsection"
    ],
    "position": 1,
    "instructions": "Consent given to be part of the registry and have data retained and shared in accordance with the information provided to them.",
    "questionnaire_label": ""
  },
  "model": "rdrf.consentquestion"
},
{
  "fields": {
    "code": "fhconsent2",
    "question_label": "Child consent",
    "section": [
      "fh",
      "fhconsentsection"
    ],
    "position": 2,
    "instructions": "Parent/guardian consent on the child/ward's behalf to be part of the registry and have data retained and shared in accordance with the information provided to them.",
    "questionnaire_label": ""
  },
  "model": "rdrf.consentquestion"
},
{
  "fields": {
    "code": "fhcontact1",
    "question_label": "Clinical trials",
    "section": [
      "fh",
      "fhcontact"
    ],
    "position": 1,
    "instructions": "Consent given to be contacted about clinical trials or other studies.",
    "questionnaire_label": ""
  },
  "model": "rdrf.consentquestion"
},
{
  "fields": {
    "code": "fhcontact2",
    "question_label": "Information",
    "section": [
      "fh",
      "fhcontact"
    ],
    "position": 2,
    "instructions": "Consent given to be sent information.",
    "questionnaire_label": ""
  },
  "model": "rdrf.consentquestion"
},
{
  "fields": {
    "code": "fhsubset1",
    "question_label": "FCHL",
    "section": [
      "fh",
      "fhregistrysubset"
    ],
    "position": 1,
    "instructions": "Familial Combined Hyperlipidaemia",
    "questionnaire_label": ""
  },
  "model": "rdrf.consentquestion"
},
{
  "fields": {
    "code": "fhsubset2",
    "question_label": "Hyper-Lp(a)",
    "section": [
      "fh",
      "fhregistrysubset"
    ],
    "position": 2,
    "instructions": "Familial Elevation of Lipoprotein(a)",
    "questionnaire_label": ""
  },
  "model": "rdrf.consentquestion"
}
]
