[
{
  "fields": {
    "name": "Checkup",
    "context_type": "M",
    "naming_scheme": "C",
    "is_default": false,
    "registry": [
      "fh"
    ],
    "naming_cde_to_use": "FollowUp/FHFollowUp/DateOfAssessment"
  },
  "model": "rdrf.contextformgroup",
  "pk": 2
},
{
  "fields": {
    "name": "Main",
    "context_type": "F",
    "naming_scheme": "D",
    "is_default": true,
    "registry": [
      "fh"
    ],
    "naming_cde_to_use": null
  },
  "model": "rdrf.contextformgroup",
  "pk": 1
}
]
