[
{
  "fields": {
    "cde": "FHNum1stDegRelatives",
    "registry": [
      "fh"
    ],
    "condition": "patient.is_index",
    "groups_allowed": [
      [
        "Working Group Curators"
      ],
      [
        "Clinical Staff"
      ],
      [
        "Genetic Staff"
      ],
      [
        "Genetic Curator"
      ],
      [
        "Working Group Staff"
      ]
    ]
  },
  "model": "rdrf.cdepolicy",
  "pk": 1
},
{
  "fields": {
    "cde": "FHNum2ndDegRelatives",
    "registry": [
      "fh"
    ],
    "condition": "patient.is_index",
    "groups_allowed": [
      [
        "Working Group Curators"
      ],
      [
        "Clinical Staff"
      ],
      [
        "Genetic Staff"
      ],
      [
        "Genetic Curator"
      ],
      [
        "Working Group Staff"
      ]
    ]
  },
  "model": "rdrf.cdepolicy",
  "pk": 2
},
{
  "fields": {
    "cde": "FHNum3rdDegRelatives",
    "registry": [
      "fh"
    ],
    "condition": "patient.is_index",
    "groups_allowed": [
      [
        "Working Group Curators"
      ],
      [
        "Clinical Staff"
      ],
      [
        "Genetic Staff"
      ],
      [
        "Genetic Curator"
      ],
      [
        "Working Group Staff"
      ]
    ]
  },
  "model": "rdrf.cdepolicy",
  "pk": 3
},
{
  "fields": {
    "cde": "FHFounderEffectOrigin",
    "registry": [
      "fh"
    ],
    "condition": "patient.is_index",
    "groups_allowed": [
      [
        "Working Group Curators"
      ],
      [
        "Clinical Staff"
      ],
      [
        "Genetic Staff"
      ],
      [
        "Genetic Curator"
      ],
      [
        "Working Group Staff"
      ]
    ]
  },
  "model": "rdrf.cdepolicy",
  "pk": 4
},
{
  "fields": {
    "cde": "FHPedigreeUpload",
    "registry": [
      "fh"
    ],
    "condition": "patient.is_index",
    "groups_allowed": [
      [
        "Working Group Curators"
      ],
      [
        "Clinical Staff"
      ],
      [
        "Genetic Staff"
      ],
      [
        "Genetic Curator"
      ],
      [
        "Working Group Staff"
      ]
    ]
  },
  "model": "rdrf.cdepolicy",
  "pk": 5
}
]
