[
{
  "fields": {},
  "model": "rdrf.cdepermittedvaluegroup",
  "pk": "YesNoUnknown"
},
{
  "fields": {},
  "model": "rdrf.cdepermittedvaluegroup",
  "pk": "YesNo"
},
{
  "fields": {},
  "model": "rdrf.cdepermittedvaluegroup",
  "pk": "DM1Diabetes"
},
{
  "fields": {},
  "model": "rdrf.cdepermittedvaluegroup",
  "pk": "HeartCondition"
},
{
  "fields": {},
  "model": "rdrf.cdepermittedvaluegroup",
  "pk": "State"
},
{
  "fields": {},
  "model": "rdrf.cdepermittedvaluegroup",
  "pk": "NextOfKinRelationship"
},
{
  "fields": {},
  "model": "rdrf.cdepermittedvaluegroup",
  "pk": "DM1MotorFunction"
},
{
  "fields": {},
  "model": "rdrf.cdepermittedvaluegroup",
  "pk": "DM1CognitiveImpairment"
},
{
  "fields": {},
  "model": "rdrf.cdepermittedvaluegroup",
  "pk": "AddressType"
},
{
  "fields": {},
  "model": "rdrf.cdepermittedvaluegroup",
  "pk": "Myotonia"
},
{
  "fields": {},
  "model": "rdrf.cdepermittedvaluegroup",
  "pk": "DM1FatigueYesNo"
},
{
  "fields": {},
  "model": "rdrf.cdepermittedvaluegroup",
  "pk": "WheelChairUse"
},
{
  "fields": {},
  "model": "rdrf.cdepermittedvaluegroup",
  "pk": "DM1FSB"
},
{
  "fields": {},
  "model": "rdrf.cdepermittedvaluegroup",
  "pk": "DM1CombinedEthnicityList"
},
{
  "fields": {},
  "model": "rdrf.cdepermittedvaluegroup",
  "pk": "Dm1NonInvVen"
},
{
  "fields": {},
  "model": "rdrf.cdepermittedvaluegroup",
  "pk": "DM1FatigueDozing"
},
{
  "fields": {},
  "model": "rdrf.cdepermittedvaluegroup",
  "pk": "Dysarthria"
},
{
  "fields": {},
  "model": "rdrf.cdepermittedvaluegroup",
  "pk": "MRCChoices"
},
{
  "fields": {},
  "model": "rdrf.cdepermittedvaluegroup",
  "pk": "Country"
},
{
  "fields": {},
  "model": "rdrf.cdepermittedvaluegroup",
  "pk": "DM1AS"
},
{
  "fields": {},
  "model": "rdrf.cdepermittedvaluegroup",
  "pk": "WalkAssisted"
},
{
  "fields": {},
  "model": "rdrf.cdepermittedvaluegroup",
  "pk": "DM1Education"
},
{
  "fields": {},
  "model": "rdrf.cdepermittedvaluegroup",
  "pk": "Relationship"
},
{
  "fields": {},
  "model": "rdrf.cdepermittedvaluegroup",
  "pk": "DM1Occupation"
},
{
  "fields": {},
  "model": "rdrf.cdepermittedvaluegroup",
  "pk": "MeteorSexes"
},
{
  "fields": {},
  "model": "rdrf.cdepermittedvaluegroup",
  "pk": "DM1Condition"
},
{
  "fields": {},
  "model": "rdrf.cdepermittedvaluegroup",
  "pk": "DM1Cancer"
},
{
  "fields": {},
  "model": "rdrf.cdepermittedvaluegroup",
  "pk": "CardiacImplants"
},
{
  "fields": {},
  "model": "rdrf.cdepermittedvaluegroup",
  "pk": "DM1AffectedEmployment"
},
{
  "fields": {},
  "model": "rdrf.cdepermittedvaluegroup",
  "pk": "DM1FS"
},
{
  "fields": {},
  "model": "rdrf.cdepermittedvaluegroup",
  "pk": "MuscleMedicationStatus"
},
{
  "fields": {},
  "model": "rdrf.cdepermittedvaluegroup",
  "pk": "HeartMedStatus"
},
{
  "fields": {},
  "model": "rdrf.cdepermittedvaluegroup",
  "pk": "VentilationType"
},
{
  "fields": {},
  "model": "rdrf.cdepermittedvaluegroup",
  "pk": "PyramidalChoices"
},
{
  "fields": {},
  "model": "rdrf.cdepermittedvaluegroup",
  "pk": "SensoryChoices"
},
{
  "fields": {},
  "model": "rdrf.cdepermittedvaluegroup",
  "pk": "BrainStemChoices"
},
{
  "fields": {},
  "model": "rdrf.cdepermittedvaluegroup",
  "pk": "EvaluationTypeChoices"
},
{
  "fields": {},
  "model": "rdrf.cdepermittedvaluegroup",
  "pk": "CerebellarChoices"
},
{
  "fields": {},
  "model": "rdrf.cdepermittedvaluegroup",
  "pk": "CerebralMentalChoices"
},
{
  "fields": {},
  "model": "rdrf.cdepermittedvaluegroup",
  "pk": "FirstSuspectedBy"
},
{
  "fields": {},
  "model": "rdrf.cdepermittedvaluegroup",
  "pk": "Orphanet"
},
{
  "fields": {},
  "model": "rdrf.cdepermittedvaluegroup",
  "pk": "DoseTypeChoice"
},
{
  "fields": {},
  "model": "rdrf.cdepermittedvaluegroup",
  "pk": "DDAffStatus"
},
{
  "fields": {},
  "model": "rdrf.cdepermittedvaluegroup",
  "pk": "BowelBladderChoices"
},
{
  "fields": {},
  "model": "rdrf.cdepermittedvaluegroup",
  "pk": "DDDiagnosedCondition"
},
{
  "fields": {},
  "model": "rdrf.cdepermittedvaluegroup",
  "pk": "VisualChoices"
},
{
  "fields": {},
  "model": "rdrf.cdepermittedvaluegroup",
  "pk": "DDMHDisease"
},
{
  "fields": {},
  "model": "rdrf.cdepermittedvaluegroup",
  "pk": "AmbulationChoices"
},
{
  "fields": {},
  "model": "rdrf.cdepermittedvaluegroup",
  "pk": "DDTreatment"
}
]
