[
{
  "model": "groups.customuser",
  "fields": {
    "password": "pbkdf2_sha256$30000$w4ef8gqFc8In$ci3HrAdgchJ1kE1IhtfVrCbaJvhYwUugMXSkdiYMHDQ=",
    "last_login": "2017-02-06T15:51:28.428",
    "is_superuser": false,
    "username": "curator",
    "first_name": "curator",
    "last_name": "curator",
    "email": "curator@example.com",
    "is_staff": true,
    "is_active": true,
    "date_joined": "2016-08-09T13:37:22.106",
    "title": "",
    "password_change_date": "2017-02-06T15:51:11.379",
    "groups": [
      [
        "Working Group Curators"
      ]
    ],
    "user_permissions": [],
    "working_groups": [
      2
    ],
    "registry": [
      [
        "dd"
      ]
    ]
  }
},
{
  "model": "groups.customuser",
  "fields": {
    "password": "pbkdf2_sha256$20000$SHYkGorofIYa$KbTPfyh7fUGbuG++52Ka0S+S5cMwGy9pgG8bbxIgVrk=",
    "last_login": "2016-08-19T16:59:05.899",
    "is_superuser": true,
    "username": "admin",
    "first_name": "admin",
    "last_name": "admin",
    "email": "admin@example.com",
    "is_staff": true,
    "is_active": true,
    "date_joined": "2016-08-09T13:37:22.004",
    "title": "",
    "password_change_date": "2017-02-06T15:51:11.379",
    "groups": [
      [
        "Working Group Curators"
      ]
    ],
    "user_permissions": [],
    "working_groups": [
      2
    ],
    "registry": [
      [
        "dd"
      ]
    ]
  }
},
{
  "model": "groups.customuser",
  "fields": {
    "password": "pbkdf2_sha256$20000$fEJbLg3YE3pm$cuG3lONUzzZHBz1LCySap2DZ0JmO0ipYcXclC/lIZHs=",
    "last_login": null,
    "is_superuser": false,
    "username": "clinical",
    "first_name": "clinical",
    "last_name": "clinical",
    "email": "clinical@example.com",
    "is_staff": true,
    "is_active": true,
    "date_joined": "2016-08-09T13:37:22.173",
    "title": "",
    "password_change_date": "2017-02-06T15:51:11.379",
    "groups": [
      [
        "Clinical Staff"
      ]
    ],
    "user_permissions": [],
    "working_groups": [
      2
    ],
    "registry": [
      [
        "dd"
      ]
    ]
  }
},
{
  "model": "groups.customuser",
  "fields": {
    "password": "pbkdf2_sha256$20000$uvWgjVFzyplb$ORSt5qaciL/NygRm7nCG/7IRbeLSEWoo0w9mdYHAOqc=",
    "last_login": null,
    "is_superuser": false,
    "username": "genetic",
    "first_name": "genetic",
    "last_name": "genetic",
    "email": "genetic@example.com",
    "is_staff": true,
    "is_active": true,
    "date_joined": "2016-08-09T13:37:22.220",
    "title": "",
    "password_change_date": "2017-02-06T15:51:11.379",
    "groups": [
      [
        "Genetic Staff"
      ]
    ],
    "user_permissions": [],
    "working_groups": [
      2
    ],
    "registry": [
      [
        "dd"
      ]
    ]
  }
}
]
