[
{
  "fields": {
    "username": "curator",
    "first_name": "curator",
    "last_name": "curator",
    "title": "",
    "password_change_date": "2016-08-09T13:37:22.164",
    "is_active": true,
    "is_superuser": false,
    "is_staff": true,
    "last_login": null,
    "registry": [
      [
        "dd"
      ]
    ],
    "groups": [
      [
        "Working Group Curators"
      ]
    ],
    "user_permissions": [],
    "working_groups": [
      2
    ],
    "password": "pbkdf2_sha256$20000$kTy19L73teWN$F/R6/kFvG85Ws1FxLGAtLna+AzausAVGAd/TWPKOZ+o=",
    "email": "curator@example.com",
    "date_joined": "2016-08-09T13:37:22.106"
  },
  "model": "groups.customuser"
},
{
  "fields": {
    "username": "admin",
    "first_name": "admin",
    "last_name": "admin",
    "title": "",
    "password_change_date": "2016-08-09T13:37:22.094",
    "is_active": true,
    "is_superuser": true,
    "is_staff": true,
    "last_login": "2016-08-19T16:59:05.899",
    "registry": [
      [
        "dd"
      ]
    ],
    "groups": [
      [
        "Working Group Curators"
      ]
    ],
    "user_permissions": [],
    "working_groups": [
      2
    ],
    "password": "pbkdf2_sha256$20000$SHYkGorofIYa$KbTPfyh7fUGbuG++52Ka0S+S5cMwGy9pgG8bbxIgVrk=",
    "email": "admin@example.com",
    "date_joined": "2016-08-09T13:37:22.004"
  },
  "model": "groups.customuser"
},
{
  "fields": {
    "username": "clinical",
    "first_name": "clinical",
    "last_name": "clinical",
    "title": "",
    "password_change_date": "2016-08-09T13:37:22.213",
    "is_active": true,
    "is_superuser": false,
    "is_staff": true,
    "last_login": null,
    "registry": [
      [
        "dd"
      ]
    ],
    "groups": [
      [
        "Clinical Staff"
      ]
    ],
    "user_permissions": [],
    "working_groups": [
      2
    ],
    "password": "pbkdf2_sha256$20000$fEJbLg3YE3pm$cuG3lONUzzZHBz1LCySap2DZ0JmO0ipYcXclC/lIZHs=",
    "email": "clinical@example.com",
    "date_joined": "2016-08-09T13:37:22.173"
  },
  "model": "groups.customuser"
},
{
  "fields": {
    "username": "genetic",
    "first_name": "genetic",
    "last_name": "genetic",
    "title": "",
    "password_change_date": "2016-08-09T13:37:22.254",
    "is_active": true,
    "is_superuser": false,
    "is_staff": true,
    "last_login": null,
    "registry": [
      [
        "dd"
      ]
    ],
    "groups": [
      [
        "Genetic Staff"
      ]
    ],
    "user_permissions": [],
    "working_groups": [
      2
    ],
    "password": "pbkdf2_sha256$20000$uvWgjVFzyplb$ORSt5qaciL/NygRm7nCG/7IRbeLSEWoo0w9mdYHAOqc=",
    "email": "genetic@example.com",
    "date_joined": "2016-08-09T13:37:22.220"
  },
  "model": "groups.customuser"
}
]
