[
{
  "model": "rdrf.registryform",
  "fields": {
    "registry": [
      "ang"
    ],
    "name": "AngelmanRegistryMedicalHistory",
    "header": "<p><b>Instructions:</b>\nTo add a new Hospitalisation or Surgery, please click the 'Add' button. If you wish to delete a Hospitalisation or Surgery, please check the 'mark for deletion' box and click the green 'Save' button.</p>\n\n<p><b> Please click the green 'Save' button before progressing to the next Module. </p></b>",
    "questionnaire_display_name": "",
    "sections": "ANGVerified,ANGAllergies,ANGIntolerances,ANGHospitalisations,ANGHospitalVisit1,ANGEpilepsyEver1",
    "is_questionnaire": false,
    "is_questionnaire_login": false,
    "position": 3,
    "questionnaire_questions": "",
    "applicability_condition": null,
    "complete_form_cdes": [
      "ANGHospitalVisit1AdmissionDate",
      "ANGIntolerances",
      "ANGEpilepsyEver",
      "ANGSurgicalProcedures",
      "ANGAgeHospitalVisit1MONTH",
      "ANGAllergiesType",
      "ANGAgeHospitalVisit1",
      "ANGAllergies",
      "ANGAnaesthetic",
      "ANGHospitalVisit1LevelOfCare",
      "ANGHospOther1",
      "ANGHospitalVisit1AdmissAPPROX",
      "ANGHospitalVisit1Reason",
      "ANGIntolerancesDetails",
      "ANGAllergySpecify",
      "ANGAnaestheticNumber",
      "ANGHospitalVisitsNumber",
      "ANGHospitalVisit1DaysInHospita",
      "ANGSurgeryNumber",
      "ANGHospSurgery1",
      "ANGHospitalVisits"
    ],
    "groups_allowed": []
  }
},
{
  "model": "rdrf.registryform",
  "fields": {
    "registry": [
      "ang"
    ],
    "name": "AngelmanRegistryEpilepsy",
    "header": "<p>We\u2019d like to collect more information on your child/adult with Angelman Syndrome\u2019s seizures. If you are able to complete this section, please do so. Otherwise, we would be glad to contact your child/adult\u2019s clinician on your behalf if you have provided consent to do this.</p>\n\n<p>If the individual has never experienced seizure activity you can move to the next module: Medications and Interventions </p>\n\n<p>If you require more information, please visit the following website: <a href>http://www.ilae.org/</a href></p>\n\n<p><b> Please click the green 'Save' button before progressing to the next Module. </p></b>",
    "questionnaire_display_name": "Epilepsy",
    "sections": "ANGVerified,ANGFebrileEpilepsy,ANGGeneralisedEpilepsy,ANGTonicClonicEpilepsy,ANGAbsenceEpilepsy,ANGTypicalEpilepsy,ANGAtypicalEpilepsy,ANGMyoclonicAbsenceEpilepsy,ANGEyelidMyocloniaEpilepsy,ANGMyoclonicEpilepsy,ANGMyoclonicAtonicEpilepsy,ANGClonicEpilepsy,ANGTonicEpilepsy,ANGAtonicEpilepsy,ANGFocalSeizuresEpilepsy,ANGSpasmsEpilepsy,ANGUnknownEpilepsy,ANGConvulsiveStatusEpilepsy,ANGNonConvulsiveStatusEpilepsy",
    "is_questionnaire": false,
    "is_questionnaire_login": false,
    "position": 5,
    "questionnaire_questions": "",
    "applicability_condition": null,
    "complete_form_cdes": [
      "ANGFocalSeizuresYNU",
      "ANGAtypicalYNU",
      "ANGEpilepsyTriggerOTH",
      "ANGEpilepsyOnset",
      "ANGEpilepsyCeaseMONTH",
      "ANGMyoclonicYNU",
      "ANGMyoclonicAbsenceYNU",
      "ANGSeizureFrequencyAFebrile",
      "ANGFebrileYNU",
      "ANGSeizureFrequencyA",
      "ANGClonicYNU",
      "ANGNonConvulsiveStatusYNU",
      "ANGConvulsiveStatusYNU",
      "ANGEpilepsyTrigger",
      "ANGUnknownYNU",
      "ANGSeizureTotalNumber",
      "ANGSeizureFrequencyB",
      "ANGSpasmsYNU",
      "ANGGeneralisedSeizuresYNU",
      "ANGAtonicYNU",
      "ANGTonicClonicYNU",
      "ANGMyoclonicAtonicYNU",
      "ANGAbsenceYNU",
      "ANGSeizureOther",
      "ANGTypicalYNU",
      "ANGEpilepsyCease",
      "ANGTonicYNU",
      "ANGEyelidMyocloniaYNU",
      "ANGEpilepsyOnsetMONTH"
    ],
    "groups_allowed": [
      [
        "Working Group Curators"
      ],
      [
        "Clinical Staff"
      ],
      [
        "Genetic Staff"
      ],
      [
        "Parents"
      ]
    ]
  }
},
{
  "model": "rdrf.registryform",
  "fields": {
    "registry": [
      "ang"
    ],
    "name": "AngelmanRegistryIllnessesOrMedicalProblems",
    "header": "<p><b>Instructions: </b>To add a new \"Other\" Medical Condition, please click the 'Add' button. If you wish to delete an \"Other\" Medical Condition, please check the 'mark for deletion' box and click the green 'Save' button.</p>\n\n<p><b> Please click the green 'Save' button before progressing to the next Module. </p></b>",
    "questionnaire_display_name": "",
    "sections": "ANGVerified,ANGPneumonia,ANGStrepThroatSec,ANGGastroesophagealReflux,ANGConstipation,ANGVomitingWithFeeds,ANGGagging,ANGToeWalking,ANGScoliosisSection,ANGDentalProblems,ANGObesity,ANGFailThriveSec,ANGTubeFedSec,ANGEyeProblem,ANGHearing,ANGNeurological,ANGOther",
    "is_questionnaire": false,
    "is_questionnaire_login": false,
    "position": 2,
    "questionnaire_questions": "",
    "applicability_condition": null,
    "complete_form_cdes": [
      "AngMedCorticalMyoclonus",
      "AngMedAuditory",
      "ANGDentalProblems",
      "ANGBMImetric",
      "ANGVomitingWithFeeds",
      "AngMedConditionYes1",
      "ANGGastroRefluxResolvedSever",
      "ANGRespiratoryOth",
      "ANGObesityWeightlb",
      "ANGPneumoniaFreq",
      "ANGFailureToThriveOnsetWeeks",
      "ANGGaggingYes",
      "ANGMedCorticalOnsetWeeks",
      "ANGAgeBracingMonths",
      "ANGDentalProblemsOther",
      "ANGSCOLIOSIS",
      "ANGStrabismusRecur",
      "ANGGastroRefluxDiagnosedSurg",
      "ANGOtitisMedia",
      "ANGStrabismusTreatment",
      "ANGGastroRefluxRecurredTreatme",
      "ANGObesityHeightft",
      "ANGTightHeelCordsRecur",
      "AngMedHearing",
      "ANGObesityAge",
      "ANGObesityWeight",
      "ANGObesityHeight",
      "ANGGastroRefluxResolvedmonths",
      "ANGFailureToThriveMonths",
      "ANGFailureToThriveYears",
      "ANGRespiratory",
      "ANGToeWalking",
      "ANGOtitisMediaYes",
      "ANGGastroRefluxDiagnosedSever",
      "ANGGagging",
      "ANGEverConstipation",
      "ANGTubeFed",
      "ANGMedCorticalOnsetMonths",
      "ANGGastroRefluxRecurredmonths",
      "ANGMedCorticalSeverity",
      "ANGPneumoniaSever",
      "ANGMedRecurFreq1",
      "ANGConstipationManage",
      "ANGConstipationSever",
      "ANGMedSeverity1",
      "ANGMedCorticalOnsetYears",
      "ANGGastroesophagealReflux",
      "ANGTubeYesReason",
      "ANGTubeFedWeeks",
      "ANGObesityFoodSeeking",
      "ANGMedOnsetYears1",
      "ANGMedOtherComment1",
      "ANGPneumoniaAspiration",
      "ANGToeWalkingTreatment",
      "ANGGastroRefluxResolved",
      "ANGScoliosisTreatmentUsed",
      "ANGTubeFedYears",
      "ANGMedOnsetWeeks1",
      "ANGObesityMonths",
      "ANGObesityActivity",
      "ANGObesityExcessiveIntake",
      "ANGVomitingWithFeedsSurgery",
      "ANGObesity",
      "ANGStrepThroat",
      "ANGPneumonia",
      "ANGAgeBracingYears",
      "ANGFailureToThriveWeeks",
      "ANGStrepThroatFreq",
      "ANGStrepThroatSever",
      "ANGVomitingWithFeedsMedical",
      "ANGTubeFedYesType",
      "ANGTubeHow",
      "AngMedVisual",
      "ANGMedRecur1",
      "ANGStrabismusRecurTreat",
      "ANGTubeFedMonths",
      "ANGGastroRefluxDiagnosedmonths",
      "ANGConstipationOth",
      "ANGGastroRefluxRecurredSurgey",
      "ANGMedOnsetMonths1",
      "ANGFailureToThriveOnsetYears",
      "ANGHeightIn",
      "ANGHearingResult",
      "ANGFailuretoThrive",
      "ANGFailureToThriveOnsetMonths",
      "ANGAgeScoliosisDiagnosedMONTH",
      "ANGStrabismus",
      "AngMedCortical",
      "AngMedCondition1",
      "ANGGastroRefluxRecurred",
      "ANGGastroRefluxDiagnosedTreat",
      "ANGGastroRefluxDiagnosed",
      "ANGDentalProblemsFillings",
      "ANGAgeScoliosisDiagnosed",
      "ANGBMIimperial",
      "ANGTubeComplications"
    ],
    "groups_allowed": []
  }
},
{
  "model": "rdrf.registryform",
  "fields": {
    "registry": [
      "ang"
    ],
    "name": "AngelmanRegistryTheSleepDisturbanceScaleForChildren",
    "header": "<b><p>Instructions:</b> This questionnaire will allow your Doctor to have a better understanding of the sleep-wake rhythm of your child, and of any problems in his/her sleep behaviour. Try to answer every question; in answering, consider each question as pertaining to the <b> past  six (6) months </b> of the child's life. Please answer the questions by choosing the answer that best applies to your child.</p>\n\n<p><i>Reference: Oliviero Bruni et al</i></p>\n\n<p><b> Please click the green 'Save' button before progressing to the next Module. </p></b>\n",
    "questionnaire_display_name": "",
    "sections": "ANGVerified,ANGSleepDisturbance",
    "is_questionnaire": false,
    "is_questionnaire_login": false,
    "position": 8,
    "questionnaire_questions": "",
    "applicability_condition": null,
    "complete_form_cdes": [
      "ANGSleepDisturbance25",
      "ANGSleepDisturbance9",
      "ANGSleepDisturbance11",
      "ANGSleepDisturbance3",
      "ANGSleepDisturbance12",
      "ANGSleepDisturbance20",
      "ANGSleepDisturbance22",
      "ANGSleepDisturbance26",
      "ANGSleepDisturbance24",
      "ANGSleepDisturbance1",
      "ANGSleepDisturbance10",
      "ANGSleepDisturbance7",
      "ANGSleepDisturbance5",
      "ANGSleepDisturbance17",
      "ANGSleepDisturbance14",
      "ANGSleepDisturbance23",
      "ANGSleepDisturbance21",
      "ANGSleepDisturbance4",
      "ANGSleepDisturbance16",
      "ANGSleepDisturbance15",
      "ANGSleepDisturbance8",
      "ANGSleepDisturbance6",
      "ANGSleepDisturbance18",
      "ANGSleepDisturbance13",
      "ANGSleepDisturbance19",
      "ANGSleepDisturbance2"
    ],
    "groups_allowed": []
  }
},
{
  "model": "rdrf.registryform",
  "fields": {
    "registry": [
      "ang"
    ],
    "name": "AngelmanRegistryNewbornAndInfancyHistory",
    "header": "<p><b> Please click the green 'Save' button before progressing to the next Module. </p></b> ",
    "questionnaire_display_name": "",
    "sections": "ANGVerified,ANGNewbornHistory,ANGInfancyHistory",
    "is_questionnaire": false,
    "is_questionnaire_login": false,
    "position": 0,
    "questionnaire_questions": "",
    "applicability_condition": null,
    "complete_form_cdes": [
      "ANGAgeStoppedBreastfeedMONTHS",
      "ANGHOWFEDINFANCY",
      "ANGbronchitis",
      "ANGBiting",
      "ANGArching",
      "ANGVomiting",
      "ANGPlacid",
      "ANGAsthmaWheezing",
      "ANGCouldNotLatch",
      "ANGExcessiveMovement",
      "ANGRefluxGastroOesoph",
      "ANGFeedingDifficulties",
      "ANGTransitionSolid",
      "ANGDifficultyMaintainingTemp",
      "ANGIneffectiveSuck",
      "ANGBreastFedEffort",
      "ANGSuckSwallow",
      "ANGOtherHealthProblems",
      "ANGAgeStoppedBreastfeeding",
      "ANGHappy",
      "ANGpneumoniadiff",
      "ANGEasyGoing",
      "ANGAffectionate",
      "ANGFailGain",
      "ANGIrritablefeed",
      "ANGOtherHealthProblemsYES",
      "ANGOthBehProblems",
      "ANGIfUnableToBreastBottleFeed",
      "ANGRefusalToNurse",
      "ANGCoughing"
    ],
    "groups_allowed": []
  }
},
{
  "model": "rdrf.registryform",
  "fields": {
    "registry": [
      "ang"
    ],
    "name": "AngelmanRegistryHistoryOfDiagnosisAndResults",
    "header": "<p><b>Instructions:</b>\nTo add a new Patient Result File, please click the 'Add' button. If you wish to delete a Diagnosis results file, please check the 'mark for deletion' box and click the green 'Save' button.</p>\n\n<p><b> Please click the green 'Save' button before progressing to the next Module. </p></b>\n",
    "questionnaire_display_name": "",
    "sections": "ANGVerified,ANGHistoryOfDiagnosis,ANGPatientResults,ANGResultFile",
    "is_questionnaire": false,
    "is_questionnaire_login": false,
    "position": 1,
    "questionnaire_questions": "ANGHistoryOfDiagnosis.ANGAgeDiagnosis,ANGHistoryOfDiagnosis.ANGAgeDiagnosisMonth,ANGHistoryOfDiagnosis.ANGCurrentPatientAge,ANGHistoryOfDiagnosis.ANGWhoMadeDiagnosis,ANGHistoryOfDiagnosis.ANGDiagnosisOther,ANGHistoryOfDiagnosis.ANGNeurologicalSymptoms,ANGHistoryOfDiagnosis.ANGHistoryOther",
    "applicability_condition": null,
    "complete_form_cdes": [
      "ANGGeneticTest",
      "ANGHistoryOther",
      "ANGDualDxWhat",
      "ANGAgeDiagnosisMonth",
      "ANGGeneticTestType",
      "ANGWhoMadeDiagnosis",
      "ANGMisdiagnosis",
      "ANGDNAMethylAbnormalResult",
      "ANGCurrentPatientAge",
      "ANGBloodResultFile",
      "ANGNeurologicalSymptoms",
      "ANGAgeDiagnosis",
      "ANGMisdiagnosisOTH",
      "ANGDualDX",
      "ANGDiagnosisOther"
    ],
    "groups_allowed": []
  }
},
{
  "model": "rdrf.registryform",
  "fields": {
    "registry": [
      "ang"
    ],
    "name": "AngelmanRegistryBehaviourAndDevelopment",
    "header": "<p><b> Please click the green 'Save' button before progressing to the next Module. </p></b>",
    "questionnaire_display_name": "",
    "sections": "ANGVerified,ANGMuscleTone,HISTLOOK,HISTSIT,HISTCRAWL,HISTWALK,HISTSPEAK,HISTRATTLE,HISTBOTTLE,HISTTRANSFER,ANGBEHDEVGENERALIMPRESSION,ANGBEHDEVSPEECHLANGUAGE,ANGBEHDEVCOMMUNICATION,ANGBEHDEVMOTORFUNCTION,GROSSMOTORROLL,GROSSMOTORCRAWL,GROSSMOTORSHUFFLE,GROSSMOTORSTAND,GROSSMOTORWALK,GROSSMOTORRUN,GROSSMOTORSTAIRS,GROSSMOTORJUMP,FINEMOTORHOLD,FINEMOTORPOINT,FINEMOTORTRANSFER,FINEMOTORHOLDCUP,FINEMOTORPENCIL,FINEMOTORDRAW,FINEMOTORFEED,FINEMOTORSPOON,FINEMOTORFORK,FINEMOTORLARGEBALL,FINEMOTORSMALL,FINEMOTORVELCRO,FINEMOTORBUTTON,DRESSPUTUPHANDS,DRESSREMOVESIMPLE,DRESSREMOVECOMPLEX,DRESSSELFERROR,DRESSSELFOK,DRESSAPPRPRIATE,TOILETCONTINENT,TOILETBEH,TOILETTIMED,TOILETINDICATE,TOILETSTOOLS,TOILETURINEDAY,TOILETURINENIGHT,ANGBEHDEVEATING,EATINGFUSSY,EATINGTEXTURE,EATINGFEEDSELF,EATINGFEEDSUPPORT,EATINGFULL,EATINGSUPPLEMENT,ANGBEHDEVACTIVITIES,ANGBEHDEVBEHAVIOURAL",
    "is_questionnaire": false,
    "is_questionnaire_login": false,
    "position": 4,
    "questionnaire_questions": "",
    "applicability_condition": null,
    "complete_form_cdes": [
      "ANGBEHDEVCOMVisPic",
      "ANGBEHDEVSOCIAL",
      "ANGBEHDEVMOBILITYSUPPORT",
      "ANGBEHDEVWATER",
      "ANGBEHDEVMuscleTrunk2",
      "ANGBEHDEVATYPGAIT",
      "ANGBEHDEVEXPRESS",
      "ANGBEHDEVAGITATIONNEW",
      "ANGBEHDEVANXIOUSWHAT",
      "ANGMONTH",
      "ANGBEHDEVBITING",
      "ANGBEHDEVGRABBING",
      "ANGBEHDEVSELFHITTING",
      "ANGBEHDEVCOMLowTech",
      "ANGBEHDEVCOMSpoken",
      "ANGBEHDEVMOUTH",
      "ANGBEHDEVGAIT",
      "ANGBEHDEVACTOTH",
      "ANGCAPABILITY",
      "ANGBEHDEVHYPERACTIVITY",
      "ANGBEHDEVPREFACT",
      "ANGBEHDEVHITTING",
      "ANGBEHDEVCOMHighTech",
      "ANGBEHDEVFEARLEFT",
      "ANGBEHDEVHEADBANGING",
      "ANGBEHDEVSMILING",
      "ANGBEHDEVFEARNEW",
      "ANGBEHDEVMuscleTrunk",
      "ANGBEHDEVSMILINGNOTHING",
      "ANGBEHDEVSKINPICKING",
      "ANGBEHDEVCOMMidTech",
      "ANGBEHDEVCOMiPadApp",
      "ANGBEHDEVMOBILITYBEST",
      "ANGBEHDEVTYPICALGAIT",
      "ANGBEHDEVAPPROPRIATELAUGHTER",
      "ANGBEHDEVREPET",
      "ANGBEHDEVCOMGesture",
      "ANGBEHDEVFOCAL",
      "ANGBEHDEVPOORATTENTION",
      "ANGBEHDEVBESTLANG",
      "ANGBEHDEVANXIOUS",
      "ANGBEHDEVIMPULSIVITY",
      "ANGBEHDEVSPONTLAUGHTER",
      "ANGBEHDEVSEPANXIETY",
      "ANGBEHDEVPREFCOMMBEST",
      "ANGFREQUENCY",
      "ANGCAPABILITYHIST",
      "ANGBEHDEVWHOLEBODY",
      "ANGYEAR",
      "ANGBEHDEVHAIRPULLING",
      "ANGBEHDEVGOODCONCENTRATION",
      "ANGBEHDEVNIGHTLAUGHTER",
      "ANGBEHDEVLOSTWHAT",
      "ANGBEHDEVDONTLIKEWHAT",
      "ANGFREQUENCYHIST",
      "ANGBEHDEVCOMEyeTrack",
      "ANGBEHDEVGOODBEH",
      "ANGBEHDEVBESTUNDERSTANDING",
      "ANGBEHDEVMuscleLimbs",
      "ANGBEHDEVDONTLIKE",
      "ANGBEHDEVOPPOSITIONAL",
      "ANGBEHDEVCOMFormalPODD",
      "ANGBEHDEVALLLANG",
      "ANGBEHDEVFEARSTRANGER",
      "ANGBEHDEVGENIMPRESS",
      "ANGBEHDEVCOMSigning"
    ],
    "groups_allowed": []
  }
},
{
  "model": "rdrf.registryform",
  "fields": {
    "registry": [
      "ang"
    ],
    "name": "AngelmanRegistryPathologyAndDiagnostics",
    "header": "<p><b>Instructions:</b>\nTo add a new Pathology and Diagnostics section, please click the 'Add' button. If you wish to delete a  Pathology and Diagnostics section, please check the 'mark for deletion' box and click the green 'Save' button.</p>\n\n<b>Please click the green 'Save' button before progressing to the next Module.</b>",
    "questionnaire_display_name": "",
    "sections": "ANGVerified,ANGPathology",
    "is_questionnaire": false,
    "is_questionnaire_login": false,
    "position": 9,
    "questionnaire_questions": "",
    "applicability_condition": null,
    "complete_form_cdes": [
      "ANGOtherTest",
      "ANGInvestigation",
      "ANGTestType",
      "ANGResults",
      "ANGComments",
      "ANGTestDate"
    ],
    "groups_allowed": []
  }
},
{
  "model": "rdrf.registryform",
  "fields": {
    "registry": [
      "ang"
    ],
    "name": "AngelmanRegistrySleep",
    "header": "<p><b>Instructions:</b>\nThis section includes a sleep diary of your child/adult\u2019s sleep over one week.  You can return to the Registry at any time to complete the diary for subsequent days.</p><p> To add a new Sleep Diary entry, please click the 'Add' button. If you wish to delete a Sleep Diary entry, please check the 'mark for deletion' box and click the green 'Save' button.</p>\n\n<p>If you wish, you may print a paper copy of the Sleep Diary <a href=\"https://angelmanregistry.info/files/Sleep_Diary-2016-09-23.pdf\" target=\"_blank\"><b>from this link</b></a>.\n\n<p><b> Please click the green 'Save' button before progressing to the next Module. </p></b>",
    "questionnaire_display_name": "",
    "sections": "ANGVerified,ANGBEHDEVSLEEPGENERAL,ANGBEHDEVSLEEPDIARY",
    "is_questionnaire": false,
    "is_questionnaire_login": false,
    "position": 7,
    "questionnaire_questions": "",
    "applicability_condition": null,
    "complete_form_cdes": [
      "ANGBEHDEVNAPDUR",
      "ANGBEHDEVNAPNO",
      "ANGBEHDEVBEDTIME",
      "ANGBEHDEVTIMESWOKE",
      "ANGBEHDEVWAKETIME",
      "ANGWAKENIGHT",
      "ANGBEHDEVWAKEEARLY",
      "ANGBEHDEVLONGESTTIME",
      "ANGRegularSleepingPattern",
      "ANGRegularSleepingPatternOTH",
      "ANGBEHDEVGOODSLEEP",
      "ANGBEHDEVSLEEPTIME",
      "ANGBEHDEVSLEEPNIGHTMONTHS",
      "ANGBEHDEVPARENTNEEDED",
      "ANGBEHDEVTROUBLESLEEP",
      "ANGBEHDEVSLEEPNIGHTYEARS",
      "ANGBEHDEVSLEEPDAY"
    ],
    "groups_allowed": []
  }
},
{
  "model": "rdrf.registryform",
  "fields": {
    "registry": [
      "ang"
    ],
    "name": "AngelmanRegistryMedicationIntervention",
    "header": "<p>We\u2019d like to collect more information on your child/adult with Angelman Syndrome\u2019s current and past medications, as well as medications and interventions your child/ adult is taking as part of a clinical trial (please add these in the separate section on clinical trials). If you are able to complete this section, please do so. Otherwise, we would be glad to contact your child/adult\u2019s clinician on your behalf if you have provided consent to do this.</p>\n\n<p><b>Instructions:</b>\nTo add a new Current Medication and Intervention or Medications and Interventions No Longer Used, please click the 'Add' button. If you wish to delete a Current Medication and Intervention or Medications and Interventions No Longer Used, please check the 'mark for deletion' box and click the green 'Save' button.</p>\n\n<p><b> Please click the green 'Save' button before progressing to the next Module. </p></b>",
    "questionnaire_display_name": "",
    "sections": "ANGVerified,ANGMedIntWeigtkglb,ANGMedIntCurrent,ANGMedIntCeased,ANGMedIntClinicalTrials,ANGTherapySection",
    "is_questionnaire": false,
    "is_questionnaire_login": false,
    "position": 6,
    "questionnaire_questions": "",
    "applicability_condition": null,
    "complete_form_cdes": [
      "ANGMedIntWhatTrial",
      "AngMedIntOften",
      "ANGMedIntReasonStop",
      "ANGMedIntReasonStopTrial",
      "ANGMEDIntReasonPast",
      "ANGMedIntOther",
      "ANGMedIntNameOTH",
      "ANGMedIntAgeStoppedMONTH",
      "ANGTherapyFreq",
      "ANGTherapyAGEMonths",
      "ANGMedIntStrength",
      "ANGMedIntAgeStartedMONTH",
      "ANGMedIntWhat",
      "ANGTherapy",
      "ANGMedIntWeightlb",
      "ANGTherapyDur",
      "ANGMedIntReason",
      "ANGDose",
      "ANGTherapyOTH",
      "ANGMedIntAgeStarted",
      "ANGTherapyAGE",
      "ANGMedIntWeight",
      "ANGMedIntAgeStopped",
      "ANGMedIntWhatStop"
    ],
    "groups_allowed": []
  }
},
{
  "model": "rdrf.registryform",
  "fields": {
    "registry": [
      "ang"
    ],
    "name": "GeneratedQuestionnaireForang",
    "header": "",
    "questionnaire_display_name": "",
    "sections": "PatientData,PatientDataAddressSection,GenQangAngelmanRegistryHistoryOfDiagnosisAndResultsANGHistoryOfDiagnosis",
    "is_questionnaire": true,
    "is_questionnaire_login": false,
    "position": 0,
    "questionnaire_questions": "",
    "applicability_condition": null,
    "complete_form_cdes": [],
    "groups_allowed": []
  }
},
{
  "model": "rdrf.registryform",
  "fields": {
    "registry": [
      "ang"
    ],
    "name": "AngelmanRegistryThanksYou!",
    "header": "<h4><center>Thank you for completing the Global Angelman Syndrome Registry!</h4><br>\n\n<b>Please note you may log in at any time to update your details, or to complete questions you may not have had time to finish. If you have any queries, please <a href=\"mailto:curator@angelmanregistry.info?Subject=Registry%20Query\" target=\"_top\">email us</a>.",
    "questionnaire_display_name": "",
    "sections": "ANGThankYou",
    "is_questionnaire": false,
    "is_questionnaire_login": false,
    "position": 10,
    "questionnaire_questions": "",
    "applicability_condition": null,
    "complete_form_cdes": [],
    "groups_allowed": []
  }
}
]
